Fitter report for Lab6_Pt1
Wed Apr  2 16:10:59 2025
Quartus II 32-bit Version 13.0.1 Build 232 06/12/2013 Service Pack 1 SJ Full Version


---------------------
; Table of Contents ;
---------------------
  1. Legal Notice
  2. Fitter Summary
  3. Fitter Settings
  4. Parallel Compilation
  5. I/O Assignment Warnings
  6. Incremental Compilation Preservation Summary
  7. Incremental Compilation Partition Settings
  8. Incremental Compilation Placement Preservation
  9. Pin-Out File
 10. Fitter Resource Usage Summary
 11. Fitter Partition Statistics
 12. Input Pins
 13. Output Pins
 14. Dual Purpose and Dedicated Pins
 15. I/O Bank Usage
 16. All Package Pins
 17. Fitter Resource Utilization by Entity
 18. Delay Chain Summary
 19. Pad To Core Delay Chain Fanout
 20. Control Signals
 21. Global & Other Fast Signals
 22. Non-Global High Fan-Out Signals
 23. Fitter RAM Summary
 24. |CPU_TEST_Sim|system_memory:main_memory|altsyncram:altsyncram_component|altsyncram_04d1:auto_generated|ALTSYNCRAM
 25. Other Routing Usage Summary
 26. LAB Logic Elements
 27. LAB-wide Signals
 28. LAB Signals Sourced
 29. LAB Signals Sourced Out
 30. LAB Distinct Inputs
 31. I/O Rules Summary
 32. I/O Rules Details
 33. I/O Rules Matrix
 34. Fitter Device Options
 35. Operating Settings and Conditions
 36. Estimated Delay Added for Hold Timing Summary
 37. Estimated Delay Added for Hold Timing Details
 38. Fitter Messages
 39. Fitter Suppressed Messages



----------------
; Legal Notice ;
----------------
Copyright (C) 1991-2013 Altera Corporation
Your use of Altera Corporation's design tools, logic functions 
and other software and tools, and its AMPP partner logic 
functions, and any output files from any of the foregoing 
(including device programming or simulation files), and any 
associated documentation or information are expressly subject 
to the terms and conditions of the Altera Program License 
Subscription Agreement, Altera MegaCore Function License 
Agreement, or other applicable license agreement, including, 
without limitation, that your use is for the sole purpose of 
programming logic devices manufactured by Altera and sold by 
Altera or its authorized distributors.  Please refer to the 
applicable agreement for further details.



+---------------------------------------------------------------------------------------+
; Fitter Summary                                                                        ;
+------------------------------------+--------------------------------------------------+
; Fitter Status                      ; Successful - Wed Apr  2 16:10:59 2025            ;
; Quartus II 32-bit Version          ; 13.0.1 Build 232 06/12/2013 SP 1 SJ Full Version ;
; Revision Name                      ; Lab6_Pt1                                         ;
; Top-level Entity Name              ; CPU_TEST_Sim                                     ;
; Family                             ; Cyclone IV E                                     ;
; Device                             ; EP4CE115F29C7                                    ;
; Timing Models                      ; Final                                            ;
; Total logic elements               ; 642 / 114,480 ( < 1 % )                          ;
;     Total combinational functions  ; 631 / 114,480 ( < 1 % )                          ;
;     Dedicated logic registers      ; 174 / 114,480 ( < 1 % )                          ;
; Total registers                    ; 174                                              ;
; Total pins                         ; 209 / 529 ( 40 % )                               ;
; Total virtual pins                 ; 0                                                ;
; Total memory bits                  ; 10,240 / 3,981,312 ( < 1 % )                     ;
; Embedded Multiplier 9-bit elements ; 0 / 532 ( 0 % )                                  ;
; Total PLLs                         ; 0 / 4 ( 0 % )                                    ;
+------------------------------------+--------------------------------------------------+


+------------------------------------------------------------------------------------------------------------------------------------------------------------+
; Fitter Settings                                                                                                                                            ;
+----------------------------------------------------------------------------+---------------------------------------+---------------------------------------+
; Option                                                                     ; Setting                               ; Default Value                         ;
+----------------------------------------------------------------------------+---------------------------------------+---------------------------------------+
; Device                                                                     ; EP4CE115F29C7                         ;                                       ;
; Nominal Core Supply Voltage                                                ; 1.2V                                  ;                                       ;
; Minimum Core Junction Temperature                                          ; 0                                     ;                                       ;
; Maximum Core Junction Temperature                                          ; 85                                    ;                                       ;
; Fit Attempts to Skip                                                       ; 0                                     ; 0.0                                   ;
; Device I/O Standard                                                        ; 2.5 V                                 ;                                       ;
; Use smart compilation                                                      ; Off                                   ; Off                                   ;
; Enable parallel Assembler and TimeQuest Timing Analyzer during compilation ; On                                    ; On                                    ;
; Enable compact report table                                                ; Off                                   ; Off                                   ;
; Auto Merge PLLs                                                            ; On                                    ; On                                    ;
; Router Timing Optimization Level                                           ; Normal                                ; Normal                                ;
; Perform Clocking Topology Analysis During Routing                          ; Off                                   ; Off                                   ;
; Placement Effort Multiplier                                                ; 1.0                                   ; 1.0                                   ;
; Router Effort Multiplier                                                   ; 1.0                                   ; 1.0                                   ;
; Optimize Hold Timing                                                       ; All Paths                             ; All Paths                             ;
; Optimize Multi-Corner Timing                                               ; On                                    ; On                                    ;
; PowerPlay Power Optimization                                               ; Normal compilation                    ; Normal compilation                    ;
; SSN Optimization                                                           ; Off                                   ; Off                                   ;
; Optimize Timing                                                            ; Normal compilation                    ; Normal compilation                    ;
; Optimize Timing for ECOs                                                   ; Off                                   ; Off                                   ;
; Regenerate full fit report during ECO compiles                             ; Off                                   ; Off                                   ;
; Optimize IOC Register Placement for Timing                                 ; Normal                                ; Normal                                ;
; Limit to One Fitting Attempt                                               ; Off                                   ; Off                                   ;
; Final Placement Optimizations                                              ; Automatically                         ; Automatically                         ;
; Fitter Aggressive Routability Optimizations                                ; Automatically                         ; Automatically                         ;
; Fitter Initial Placement Seed                                              ; 1                                     ; 1                                     ;
; PCI I/O                                                                    ; Off                                   ; Off                                   ;
; Weak Pull-Up Resistor                                                      ; Off                                   ; Off                                   ;
; Enable Bus-Hold Circuitry                                                  ; Off                                   ; Off                                   ;
; Auto Packed Registers                                                      ; Auto                                  ; Auto                                  ;
; Auto Delay Chains                                                          ; On                                    ; On                                    ;
; Auto Delay Chains for High Fanout Input Pins                               ; Off                                   ; Off                                   ;
; Allow Single-ended Buffer for Differential-XSTL Input                      ; Off                                   ; Off                                   ;
; Treat Bidirectional Pin as Output Pin                                      ; Off                                   ; Off                                   ;
; Perform Physical Synthesis for Combinational Logic for Fitting             ; Off                                   ; Off                                   ;
; Perform Physical Synthesis for Combinational Logic for Performance         ; Off                                   ; Off                                   ;
; Perform Register Duplication for Performance                               ; Off                                   ; Off                                   ;
; Perform Logic to Memory Mapping for Fitting                                ; Off                                   ; Off                                   ;
; Perform Register Retiming for Performance                                  ; Off                                   ; Off                                   ;
; Perform Asynchronous Signal Pipelining                                     ; Off                                   ; Off                                   ;
; Fitter Effort                                                              ; Auto Fit                              ; Auto Fit                              ;
; Physical Synthesis Effort Level                                            ; Normal                                ; Normal                                ;
; Logic Cell Insertion - Logic Duplication                                   ; Auto                                  ; Auto                                  ;
; Auto Register Duplication                                                  ; Auto                                  ; Auto                                  ;
; Auto Global Clock                                                          ; On                                    ; On                                    ;
; Auto Global Register Control Signals                                       ; On                                    ; On                                    ;
; Reserve all unused pins                                                    ; As input tri-stated with weak pull-up ; As input tri-stated with weak pull-up ;
; Synchronizer Identification                                                ; Off                                   ; Off                                   ;
; Enable Beneficial Skew Optimization                                        ; On                                    ; On                                    ;
; Optimize Design for Metastability                                          ; On                                    ; On                                    ;
; Force Fitter to Avoid Periphery Placement Warnings                         ; Off                                   ; Off                                   ;
; Enable input tri-state on active configuration pins in user mode           ; Off                                   ; Off                                   ;
+----------------------------------------------------------------------------+---------------------------------------+---------------------------------------+


+------------------------------------------+
; Parallel Compilation                     ;
+----------------------------+-------------+
; Processors                 ; Number      ;
+----------------------------+-------------+
; Number detected on machine ; 8           ;
; Maximum allowed            ; 4           ;
;                            ;             ;
; Average used               ; 2.10        ;
; Maximum used               ; 4           ;
;                            ;             ;
; Usage by Processor         ; % Time Used ;
;     Processor 1            ; 100.0%      ;
;     Processors 2-4         ;  36.7%      ;
;     Processors 5-8         ;   0.0%      ;
+----------------------------+-------------+


+-------------------------------------------------------+
; I/O Assignment Warnings                               ;
+----------------+--------------------------------------+
; Pin Name       ; Reason                               ;
+----------------+--------------------------------------+
; outA[0]        ; Missing drive strength and slew rate ;
; outA[1]        ; Missing drive strength and slew rate ;
; outA[2]        ; Missing drive strength and slew rate ;
; outA[3]        ; Missing drive strength and slew rate ;
; outA[4]        ; Missing drive strength and slew rate ;
; outA[5]        ; Missing drive strength and slew rate ;
; outA[6]        ; Missing drive strength and slew rate ;
; outA[7]        ; Missing drive strength and slew rate ;
; outA[8]        ; Missing drive strength and slew rate ;
; outA[9]        ; Missing drive strength and slew rate ;
; outA[10]       ; Missing drive strength and slew rate ;
; outA[11]       ; Missing drive strength and slew rate ;
; outA[12]       ; Missing drive strength and slew rate ;
; outA[13]       ; Missing drive strength and slew rate ;
; outA[14]       ; Missing drive strength and slew rate ;
; outA[15]       ; Missing drive strength and slew rate ;
; outA[16]       ; Missing drive strength and slew rate ;
; outA[17]       ; Missing drive strength and slew rate ;
; outA[18]       ; Missing drive strength and slew rate ;
; outA[19]       ; Missing drive strength and slew rate ;
; outA[20]       ; Missing drive strength and slew rate ;
; outA[21]       ; Missing drive strength and slew rate ;
; outA[22]       ; Missing drive strength and slew rate ;
; outA[23]       ; Missing drive strength and slew rate ;
; outA[24]       ; Missing drive strength and slew rate ;
; outA[25]       ; Missing drive strength and slew rate ;
; outA[26]       ; Missing drive strength and slew rate ;
; outA[27]       ; Missing drive strength and slew rate ;
; outA[28]       ; Missing drive strength and slew rate ;
; outA[29]       ; Missing drive strength and slew rate ;
; outA[30]       ; Missing drive strength and slew rate ;
; outA[31]       ; Missing drive strength and slew rate ;
; outB[0]        ; Missing drive strength and slew rate ;
; outB[1]        ; Missing drive strength and slew rate ;
; outB[2]        ; Missing drive strength and slew rate ;
; outB[3]        ; Missing drive strength and slew rate ;
; outB[4]        ; Missing drive strength and slew rate ;
; outB[5]        ; Missing drive strength and slew rate ;
; outB[6]        ; Missing drive strength and slew rate ;
; outB[7]        ; Missing drive strength and slew rate ;
; outB[8]        ; Missing drive strength and slew rate ;
; outB[9]        ; Missing drive strength and slew rate ;
; outB[10]       ; Missing drive strength and slew rate ;
; outB[11]       ; Missing drive strength and slew rate ;
; outB[12]       ; Missing drive strength and slew rate ;
; outB[13]       ; Missing drive strength and slew rate ;
; outB[14]       ; Missing drive strength and slew rate ;
; outB[15]       ; Missing drive strength and slew rate ;
; outB[16]       ; Missing drive strength and slew rate ;
; outB[17]       ; Missing drive strength and slew rate ;
; outB[18]       ; Missing drive strength and slew rate ;
; outB[19]       ; Missing drive strength and slew rate ;
; outB[20]       ; Missing drive strength and slew rate ;
; outB[21]       ; Missing drive strength and slew rate ;
; outB[22]       ; Missing drive strength and slew rate ;
; outB[23]       ; Missing drive strength and slew rate ;
; outB[24]       ; Missing drive strength and slew rate ;
; outB[25]       ; Missing drive strength and slew rate ;
; outB[26]       ; Missing drive strength and slew rate ;
; outB[27]       ; Missing drive strength and slew rate ;
; outB[28]       ; Missing drive strength and slew rate ;
; outB[29]       ; Missing drive strength and slew rate ;
; outB[30]       ; Missing drive strength and slew rate ;
; outB[31]       ; Missing drive strength and slew rate ;
; outC           ; Missing drive strength and slew rate ;
; outZ           ; Missing drive strength and slew rate ;
; outIR[0]       ; Missing drive strength and slew rate ;
; outIR[1]       ; Missing drive strength and slew rate ;
; outIR[2]       ; Missing drive strength and slew rate ;
; outIR[3]       ; Missing drive strength and slew rate ;
; outIR[4]       ; Missing drive strength and slew rate ;
; outIR[5]       ; Missing drive strength and slew rate ;
; outIR[6]       ; Missing drive strength and slew rate ;
; outIR[7]       ; Missing drive strength and slew rate ;
; outIR[8]       ; Missing drive strength and slew rate ;
; outIR[9]       ; Missing drive strength and slew rate ;
; outIR[10]      ; Missing drive strength and slew rate ;
; outIR[11]      ; Missing drive strength and slew rate ;
; outIR[12]      ; Missing drive strength and slew rate ;
; outIR[13]      ; Missing drive strength and slew rate ;
; outIR[14]      ; Missing drive strength and slew rate ;
; outIR[15]      ; Missing drive strength and slew rate ;
; outIR[16]      ; Missing drive strength and slew rate ;
; outIR[17]      ; Missing drive strength and slew rate ;
; outIR[18]      ; Missing drive strength and slew rate ;
; outIR[19]      ; Missing drive strength and slew rate ;
; outIR[20]      ; Missing drive strength and slew rate ;
; outIR[21]      ; Missing drive strength and slew rate ;
; outIR[22]      ; Missing drive strength and slew rate ;
; outIR[23]      ; Missing drive strength and slew rate ;
; outIR[24]      ; Missing drive strength and slew rate ;
; outIR[25]      ; Missing drive strength and slew rate ;
; outIR[26]      ; Missing drive strength and slew rate ;
; outIR[27]      ; Missing drive strength and slew rate ;
; outIR[28]      ; Missing drive strength and slew rate ;
; outIR[29]      ; Missing drive strength and slew rate ;
; outIR[30]      ; Missing drive strength and slew rate ;
; outIR[31]      ; Missing drive strength and slew rate ;
; outPC[0]       ; Missing drive strength and slew rate ;
; outPC[1]       ; Missing drive strength and slew rate ;
; outPC[2]       ; Missing drive strength and slew rate ;
; outPC[3]       ; Missing drive strength and slew rate ;
; outPC[4]       ; Missing drive strength and slew rate ;
; outPC[5]       ; Missing drive strength and slew rate ;
; outPC[6]       ; Missing drive strength and slew rate ;
; outPC[7]       ; Missing drive strength and slew rate ;
; outPC[8]       ; Missing drive strength and slew rate ;
; outPC[9]       ; Missing drive strength and slew rate ;
; outPC[10]      ; Missing drive strength and slew rate ;
; outPC[11]      ; Missing drive strength and slew rate ;
; outPC[12]      ; Missing drive strength and slew rate ;
; outPC[13]      ; Missing drive strength and slew rate ;
; outPC[14]      ; Missing drive strength and slew rate ;
; outPC[15]      ; Missing drive strength and slew rate ;
; outPC[16]      ; Missing drive strength and slew rate ;
; outPC[17]      ; Missing drive strength and slew rate ;
; outPC[18]      ; Missing drive strength and slew rate ;
; outPC[19]      ; Missing drive strength and slew rate ;
; outPC[20]      ; Missing drive strength and slew rate ;
; outPC[21]      ; Missing drive strength and slew rate ;
; outPC[22]      ; Missing drive strength and slew rate ;
; outPC[23]      ; Missing drive strength and slew rate ;
; outPC[24]      ; Missing drive strength and slew rate ;
; outPC[25]      ; Missing drive strength and slew rate ;
; outPC[26]      ; Missing drive strength and slew rate ;
; outPC[27]      ; Missing drive strength and slew rate ;
; outPC[28]      ; Missing drive strength and slew rate ;
; outPC[29]      ; Missing drive strength and slew rate ;
; outPC[30]      ; Missing drive strength and slew rate ;
; outPC[31]      ; Missing drive strength and slew rate ;
; addrOut[0]     ; Missing drive strength and slew rate ;
; addrOut[1]     ; Missing drive strength and slew rate ;
; addrOut[2]     ; Missing drive strength and slew rate ;
; addrOut[3]     ; Missing drive strength and slew rate ;
; addrOut[4]     ; Missing drive strength and slew rate ;
; addrOut[5]     ; Missing drive strength and slew rate ;
; wEn            ; Missing drive strength and slew rate ;
; memDataOut[0]  ; Missing drive strength and slew rate ;
; memDataOut[1]  ; Missing drive strength and slew rate ;
; memDataOut[2]  ; Missing drive strength and slew rate ;
; memDataOut[3]  ; Missing drive strength and slew rate ;
; memDataOut[4]  ; Missing drive strength and slew rate ;
; memDataOut[5]  ; Missing drive strength and slew rate ;
; memDataOut[6]  ; Missing drive strength and slew rate ;
; memDataOut[7]  ; Missing drive strength and slew rate ;
; memDataOut[8]  ; Missing drive strength and slew rate ;
; memDataOut[9]  ; Missing drive strength and slew rate ;
; memDataOut[10] ; Missing drive strength and slew rate ;
; memDataOut[11] ; Missing drive strength and slew rate ;
; memDataOut[12] ; Missing drive strength and slew rate ;
; memDataOut[13] ; Missing drive strength and slew rate ;
; memDataOut[14] ; Missing drive strength and slew rate ;
; memDataOut[15] ; Missing drive strength and slew rate ;
; memDataOut[16] ; Missing drive strength and slew rate ;
; memDataOut[17] ; Missing drive strength and slew rate ;
; memDataOut[18] ; Missing drive strength and slew rate ;
; memDataOut[19] ; Missing drive strength and slew rate ;
; memDataOut[20] ; Missing drive strength and slew rate ;
; memDataOut[21] ; Missing drive strength and slew rate ;
; memDataOut[22] ; Missing drive strength and slew rate ;
; memDataOut[23] ; Missing drive strength and slew rate ;
; memDataOut[24] ; Missing drive strength and slew rate ;
; memDataOut[25] ; Missing drive strength and slew rate ;
; memDataOut[26] ; Missing drive strength and slew rate ;
; memDataOut[27] ; Missing drive strength and slew rate ;
; memDataOut[28] ; Missing drive strength and slew rate ;
; memDataOut[29] ; Missing drive strength and slew rate ;
; memDataOut[30] ; Missing drive strength and slew rate ;
; memDataOut[31] ; Missing drive strength and slew rate ;
; memDataIn[0]   ; Missing drive strength and slew rate ;
; memDataIn[1]   ; Missing drive strength and slew rate ;
; memDataIn[2]   ; Missing drive strength and slew rate ;
; memDataIn[3]   ; Missing drive strength and slew rate ;
; memDataIn[4]   ; Missing drive strength and slew rate ;
; memDataIn[5]   ; Missing drive strength and slew rate ;
; memDataIn[6]   ; Missing drive strength and slew rate ;
; memDataIn[7]   ; Missing drive strength and slew rate ;
; memDataIn[8]   ; Missing drive strength and slew rate ;
; memDataIn[9]   ; Missing drive strength and slew rate ;
; memDataIn[10]  ; Missing drive strength and slew rate ;
; memDataIn[11]  ; Missing drive strength and slew rate ;
; memDataIn[12]  ; Missing drive strength and slew rate ;
; memDataIn[13]  ; Missing drive strength and slew rate ;
; memDataIn[14]  ; Missing drive strength and slew rate ;
; memDataIn[15]  ; Missing drive strength and slew rate ;
; memDataIn[16]  ; Missing drive strength and slew rate ;
; memDataIn[17]  ; Missing drive strength and slew rate ;
; memDataIn[18]  ; Missing drive strength and slew rate ;
; memDataIn[19]  ; Missing drive strength and slew rate ;
; memDataIn[20]  ; Missing drive strength and slew rate ;
; memDataIn[21]  ; Missing drive strength and slew rate ;
; memDataIn[22]  ; Missing drive strength and slew rate ;
; memDataIn[23]  ; Missing drive strength and slew rate ;
; memDataIn[24]  ; Missing drive strength and slew rate ;
; memDataIn[25]  ; Missing drive strength and slew rate ;
; memDataIn[26]  ; Missing drive strength and slew rate ;
; memDataIn[27]  ; Missing drive strength and slew rate ;
; memDataIn[28]  ; Missing drive strength and slew rate ;
; memDataIn[29]  ; Missing drive strength and slew rate ;
; memDataIn[30]  ; Missing drive strength and slew rate ;
; memDataIn[31]  ; Missing drive strength and slew rate ;
; T_Info[0]      ; Missing drive strength and slew rate ;
; T_Info[1]      ; Missing drive strength and slew rate ;
; T_Info[2]      ; Missing drive strength and slew rate ;
; wen_mem        ; Missing drive strength and slew rate ;
; en_mem         ; Missing drive strength and slew rate ;
+----------------+--------------------------------------+


+----------------------------------------------+
; Incremental Compilation Preservation Summary ;
+---------------------+------------------------+
; Type                ; Value                  ;
+---------------------+------------------------+
; Placement (by node) ;                        ;
;     -- Requested    ; 0 / 1300 ( 0.00 % )    ;
;     -- Achieved     ; 0 / 1300 ( 0.00 % )    ;
;                     ;                        ;
; Routing (by net)    ;                        ;
;     -- Requested    ; 0 / 0 ( 0.00 % )       ;
;     -- Achieved     ; 0 / 0 ( 0.00 % )       ;
+---------------------+------------------------+


+----------------------------------------------------------------------------------------------------------------------------------------------------------------------------------------+
; Incremental Compilation Partition Settings                                                                                                                                             ;
+--------------------------------+----------------+-------------------+-------------------------+------------------------+------------------------------+--------------------------------+
; Partition Name                 ; Partition Type ; Netlist Type Used ; Preservation Level Used ; Netlist Type Requested ; Preservation Level Requested ; Contents                       ;
+--------------------------------+----------------+-------------------+-------------------------+------------------------+------------------------------+--------------------------------+
; Top                            ; User-created   ; Source File       ; N/A                     ; Source File            ; N/A                          ;                                ;
; hard_block:auto_generated_inst ; Auto-generated ; Source File       ; N/A                     ; Source File            ; N/A                          ; hard_block:auto_generated_inst ;
+--------------------------------+----------------+-------------------+-------------------------+------------------------+------------------------------+--------------------------------+


+------------------------------------------------------------------------------------------------------------+
; Incremental Compilation Placement Preservation                                                             ;
+--------------------------------+---------+-------------------+-------------------------+-------------------+
; Partition Name                 ; # Nodes ; # Preserved Nodes ; Preservation Level Used ; Netlist Type Used ;
+--------------------------------+---------+-------------------+-------------------------+-------------------+
; Top                            ; 1290    ; 0                 ; N/A                     ; Source File       ;
; hard_block:auto_generated_inst ; 10      ; 0                 ; N/A                     ; Source File       ;
+--------------------------------+---------+-------------------+-------------------------+-------------------+


+--------------+
; Pin-Out File ;
+--------------+
The pin-out file can be found in /home/student2/hndu/COE 608/Lab6_Pt1/output_files/Lab6_Pt1.pin.


+----------------------------------------------------------------------------+
; Fitter Resource Usage Summary                                              ;
+---------------------------------------------+------------------------------+
; Resource                                    ; Usage                        ;
+---------------------------------------------+------------------------------+
; Total logic elements                        ; 642 / 114,480 ( < 1 % )      ;
;     -- Combinational with no register       ; 468                          ;
;     -- Register only                        ; 11                           ;
;     -- Combinational with a register        ; 163                          ;
;                                             ;                              ;
; Logic element usage by number of LUT inputs ;                              ;
;     -- 4 input functions                    ; 369                          ;
;     -- 3 input functions                    ; 192                          ;
;     -- <=2 input functions                  ; 70                           ;
;     -- Register only                        ; 11                           ;
;                                             ;                              ;
; Logic elements by mode                      ;                              ;
;     -- normal mode                          ; 600                          ;
;     -- arithmetic mode                      ; 31                           ;
;                                             ;                              ;
; Total registers*                            ; 174 / 117,053 ( < 1 % )      ;
;     -- Dedicated logic registers            ; 174 / 114,480 ( < 1 % )      ;
;     -- I/O registers                        ; 0 / 2,573 ( 0 % )            ;
;                                             ;                              ;
; Total LABs:  partially or completely used   ; 48 / 7,155 ( < 1 % )         ;
; Virtual pins                                ; 0                            ;
; I/O pins                                    ; 209 / 529 ( 40 % )           ;
;     -- Clock pins                           ; 2 / 7 ( 29 % )               ;
;     -- Dedicated input pins                 ; 0 / 9 ( 0 % )                ;
;                                             ;                              ;
; Global signals                              ; 3                            ;
; M9Ks                                        ; 2 / 432 ( < 1 % )            ;
; Total block memory bits                     ; 10,240 / 3,981,312 ( < 1 % ) ;
; Total block memory implementation bits      ; 18,432 / 3,981,312 ( < 1 % ) ;
; Embedded Multiplier 9-bit elements          ; 0 / 532 ( 0 % )              ;
; PLLs                                        ; 0 / 4 ( 0 % )                ;
; Global clocks                               ; 3 / 20 ( 15 % )              ;
; JTAGs                                       ; 0 / 1 ( 0 % )                ;
; CRC blocks                                  ; 0 / 1 ( 0 % )                ;
; ASMI blocks                                 ; 0 / 1 ( 0 % )                ;
; Impedance control blocks                    ; 0 / 4 ( 0 % )                ;
; Average interconnect usage (total/H/V)      ; 0% / 0% / 1%                 ;
; Peak interconnect usage (total/H/V)         ; 14% / 13% / 17%              ;
; Maximum fan-out                             ; 141                          ;
; Highest non-global fan-out                  ; 133                          ;
; Total fan-out                               ; 3354                         ;
; Average fan-out                             ; 2.68                         ;
+---------------------------------------------+------------------------------+
*  Register count does not include registers inside RAM blocks or DSP blocks.



+-------------------------------------------------------------------------------------------------------+
; Fitter Partition Statistics                                                                           ;
+---------------------------------------------+------------------------+--------------------------------+
; Statistic                                   ; Top                    ; hard_block:auto_generated_inst ;
+---------------------------------------------+------------------------+--------------------------------+
; Difficulty Clustering Region                ; Low                    ; Low                            ;
;                                             ;                        ;                                ;
; Total logic elements                        ; 642 / 114480 ( < 1 % ) ; 0 / 114480 ( 0 % )             ;
;     -- Combinational with no register       ; 468                    ; 0                              ;
;     -- Register only                        ; 11                     ; 0                              ;
;     -- Combinational with a register        ; 163                    ; 0                              ;
;                                             ;                        ;                                ;
; Logic element usage by number of LUT inputs ;                        ;                                ;
;     -- 4 input functions                    ; 369                    ; 0                              ;
;     -- 3 input functions                    ; 192                    ; 0                              ;
;     -- <=2 input functions                  ; 70                     ; 0                              ;
;     -- Register only                        ; 11                     ; 0                              ;
;                                             ;                        ;                                ;
; Logic elements by mode                      ;                        ;                                ;
;     -- normal mode                          ; 600                    ; 0                              ;
;     -- arithmetic mode                      ; 31                     ; 0                              ;
;                                             ;                        ;                                ;
; Total registers                             ; 174                    ; 0                              ;
;     -- Dedicated logic registers            ; 174 / 114480 ( < 1 % ) ; 0 / 114480 ( 0 % )             ;
;                                             ;                        ;                                ;
; Total LABs:  partially or completely used   ; 48 / 7155 ( < 1 % )    ; 0 / 7155 ( 0 % )               ;
;                                             ;                        ;                                ;
; Virtual pins                                ; 0                      ; 0                              ;
; I/O pins                                    ; 209                    ; 0                              ;
; Embedded Multiplier 9-bit elements          ; 0 / 532 ( 0 % )        ; 0 / 532 ( 0 % )                ;
; Total memory bits                           ; 10240                  ; 0                              ;
; Total RAM block bits                        ; 18432                  ; 0                              ;
; M9K                                         ; 2 / 432 ( < 1 % )      ; 0 / 432 ( 0 % )                ;
; Clock control block                         ; 3 / 24 ( 12 % )        ; 0 / 24 ( 0 % )                 ;
;                                             ;                        ;                                ;
; Connections                                 ;                        ;                                ;
;     -- Input Connections                    ; 0                      ; 0                              ;
;     -- Registered Input Connections         ; 0                      ; 0                              ;
;     -- Output Connections                   ; 0                      ; 0                              ;
;     -- Registered Output Connections        ; 0                      ; 0                              ;
;                                             ;                        ;                                ;
; Internal Connections                        ;                        ;                                ;
;     -- Total Connections                    ; 3350                   ; 5                              ;
;     -- Registered Connections               ; 782                    ; 0                              ;
;                                             ;                        ;                                ;
; External Connections                        ;                        ;                                ;
;     -- Top                                  ; 0                      ; 0                              ;
;     -- hard_block:auto_generated_inst       ; 0                      ; 0                              ;
;                                             ;                        ;                                ;
; Partition Interface                         ;                        ;                                ;
;     -- Input Ports                          ; 3                      ; 0                              ;
;     -- Output Ports                         ; 206                    ; 0                              ;
;     -- Bidir Ports                          ; 0                      ; 0                              ;
;                                             ;                        ;                                ;
; Registered Ports                            ;                        ;                                ;
;     -- Registered Input Ports               ; 0                      ; 0                              ;
;     -- Registered Output Ports              ; 0                      ; 0                              ;
;                                             ;                        ;                                ;
; Port Connectivity                           ;                        ;                                ;
;     -- Input Ports driven by GND            ; 0                      ; 0                              ;
;     -- Output Ports driven by GND           ; 0                      ; 0                              ;
;     -- Input Ports driven by VCC            ; 0                      ; 0                              ;
;     -- Output Ports driven by VCC           ; 0                      ; 0                              ;
;     -- Input Ports with no Source           ; 0                      ; 0                              ;
;     -- Output Ports with no Source          ; 0                      ; 0                              ;
;     -- Input Ports with no Fanout           ; 0                      ; 0                              ;
;     -- Output Ports with no Fanout          ; 0                      ; 0                              ;
+---------------------------------------------+------------------------+--------------------------------+


+-----------------------------------------------------------------------------------------------------------------------------------------------------------------------------------------------------------------------------------------------------------------------------+
; Input Pins                                                                                                                                                                                                                                                                  ;
+--------+-------+----------+--------------+--------------+--------------+-----------------------+--------------------+--------+----------------+---------------+-----------------+----------+--------------+--------------+---------------------------+----------------------+
; Name   ; Pin # ; I/O Bank ; X coordinate ; Y coordinate ; Z coordinate ; Combinational Fan-Out ; Registered Fan-Out ; Global ; Input Register ; Power Up High ; PCI I/O Enabled ; Bus Hold ; Weak Pull Up ; I/O Standard ; Termination Control Block ; Location assigned by ;
+--------+-------+----------+--------------+--------------+--------------+-----------------------+--------------------+--------+----------------+---------------+-----------------+----------+--------------+--------------+---------------------------+----------------------+
; cpuClk ; J1    ; 1        ; 0            ; 36           ; 7            ; 144                   ; 0                  ; yes    ; no             ; no            ; yes             ; no       ; Off          ; 2.5 V        ; --                        ; Fitter               ;
; memClk ; Y2    ; 2        ; 0            ; 36           ; 14           ; 37                    ; 0                  ; yes    ; no             ; no            ; yes             ; no       ; Off          ; 2.5 V        ; --                        ; Fitter               ;
; rst    ; U28   ; 5        ; 115          ; 28           ; 0            ; 6                     ; 0                  ; no     ; no             ; no            ; yes             ; no       ; Off          ; 2.5 V        ; --                        ; Fitter               ;
+--------+-------+----------+--------------+--------------+--------------+-----------------------+--------------------+--------+----------------+---------------+-----------------+----------+--------------+--------------+---------------------------+----------------------+


+-----------------------------------------------------------------------------------------------------------------------------------------------------------------------------------------------------------------------------------------------------------------------------------------------------------------------------------------------------------------------------------------------------------------------------------------------------------------+
; Output Pins                                                                                                                                                                                                                                                                                                                                                                                                                                                     ;
+----------------+-------+----------+--------------+--------------+--------------+-----------------+------------------------+---------------+-----------+-----------------+------------+---------------+----------+--------------+--------------+------------------+-----------------------------------+---------------------------+----------------------------+-----------------------------+----------------------+----------------------+---------------------+
; Name           ; Pin # ; I/O Bank ; X coordinate ; Y coordinate ; Z coordinate ; Output Register ; Output Enable Register ; Power Up High ; Slew Rate ; PCI I/O Enabled ; Open Drain ; TRI Primitive ; Bus Hold ; Weak Pull Up ; I/O Standard ; Current Strength ; Termination                       ; Termination Control Block ; Output Buffer Pre-emphasis ; Voltage Output Differential ; Location assigned by ; Output Enable Source ; Output Enable Group ;
+----------------+-------+----------+--------------+--------------+--------------+-----------------+------------------------+---------------+-----------+-----------------+------------+---------------+----------+--------------+--------------+------------------+-----------------------------------+---------------------------+----------------------------+-----------------------------+----------------------+----------------------+---------------------+
; T_Info[0]      ; R22   ; 5        ; 115          ; 36           ; 14           ; no              ; no                     ; no            ; 2         ; no              ; no         ; no            ; no       ; Off          ; 2.5 V        ; Default          ; Series 50 Ohm without Calibration ; --                        ; no                         ; no                          ; Fitter               ; -                    ; -                   ;
; T_Info[1]      ; AA12  ; 3        ; 52           ; 0            ; 14           ; no              ; no                     ; no            ; 2         ; no              ; no         ; no            ; no       ; Off          ; 2.5 V        ; Default          ; Series 50 Ohm without Calibration ; --                        ; no                         ; no                          ; Fitter               ; -                    ; -                   ;
; T_Info[2]      ; A7    ; 8        ; 29           ; 73           ; 0            ; no              ; no                     ; no            ; 2         ; no              ; no         ; no            ; no       ; Off          ; 2.5 V        ; Default          ; Series 50 Ohm without Calibration ; --                        ; no                         ; no                          ; Fitter               ; -                    ; -                   ;
; addrOut[0]     ; E11   ; 8        ; 31           ; 73           ; 0            ; no              ; no                     ; no            ; 2         ; no              ; no         ; no            ; no       ; Off          ; 2.5 V        ; Default          ; Series 50 Ohm without Calibration ; --                        ; no                         ; no                          ; Fitter               ; -                    ; -                   ;
; addrOut[1]     ; H12   ; 8        ; 25           ; 73           ; 21           ; no              ; no                     ; no            ; 2         ; no              ; no         ; no            ; no       ; Off          ; 2.5 V        ; Default          ; Series 50 Ohm without Calibration ; --                        ; no                         ; no                          ; Fitter               ; -                    ; -                   ;
; addrOut[2]     ; B22   ; 7        ; 89           ; 73           ; 14           ; no              ; no                     ; no            ; 2         ; no              ; no         ; no            ; no       ; Off          ; 2.5 V        ; Default          ; Series 50 Ohm without Calibration ; --                        ; no                         ; no                          ; Fitter               ; -                    ; -                   ;
; addrOut[3]     ; AD18  ; 4        ; 85           ; 0            ; 7            ; no              ; no                     ; no            ; 2         ; no              ; no         ; no            ; no       ; Off          ; 2.5 V        ; Default          ; Series 50 Ohm without Calibration ; --                        ; no                         ; no                          ; Fitter               ; -                    ; -                   ;
; addrOut[4]     ; U25   ; 5        ; 115          ; 27           ; 0            ; no              ; no                     ; no            ; 2         ; no              ; no         ; no            ; no       ; Off          ; 2.5 V        ; Default          ; Series 50 Ohm without Calibration ; --                        ; no                         ; no                          ; Fitter               ; -                    ; -                   ;
; addrOut[5]     ; C10   ; 8        ; 35           ; 73           ; 14           ; no              ; no                     ; no            ; 2         ; no              ; no         ; no            ; no       ; Off          ; 2.5 V        ; Default          ; Series 50 Ohm without Calibration ; --                        ; no                         ; no                          ; Fitter               ; -                    ; -                   ;
; en_mem         ; AC24  ; 5        ; 115          ; 4            ; 14           ; no              ; no                     ; no            ; 2         ; no              ; no         ; no            ; no       ; Off          ; 2.5 V        ; Default          ; Series 50 Ohm without Calibration ; --                        ; no                         ; no                          ; Fitter               ; -                    ; -                   ;
; memDataIn[0]   ; Y14   ; 3        ; 56           ; 0            ; 7            ; no              ; no                     ; no            ; 2         ; no              ; no         ; no            ; no       ; Off          ; 2.5 V        ; Default          ; Series 50 Ohm without Calibration ; --                        ; no                         ; no                          ; Fitter               ; -                    ; -                   ;
; memDataIn[10]  ; P27   ; 6        ; 115          ; 44           ; 7            ; no              ; no                     ; no            ; 2         ; no              ; no         ; no            ; no       ; Off          ; 2.5 V        ; Default          ; Series 50 Ohm without Calibration ; --                        ; no                         ; no                          ; Fitter               ; -                    ; -                   ;
; memDataIn[11]  ; E15   ; 7        ; 58           ; 73           ; 7            ; no              ; no                     ; no            ; 2         ; no              ; no         ; no            ; no       ; Off          ; 2.5 V        ; Default          ; Series 50 Ohm without Calibration ; --                        ; no                         ; no                          ; Fitter               ; -                    ; -                   ;
; memDataIn[12]  ; V22   ; 5        ; 115          ; 26           ; 21           ; no              ; no                     ; no            ; 2         ; no              ; no         ; no            ; no       ; Off          ; 2.5 V        ; Default          ; Series 50 Ohm without Calibration ; --                        ; no                         ; no                          ; Fitter               ; -                    ; -                   ;
; memDataIn[13]  ; AE18  ; 4        ; 79           ; 0            ; 21           ; no              ; no                     ; no            ; 2         ; no              ; no         ; no            ; no       ; Off          ; 2.5 V        ; Default          ; Series 50 Ohm without Calibration ; --                        ; no                         ; no                          ; Fitter               ; -                    ; -                   ;
; memDataIn[14]  ; C14   ; 8        ; 52           ; 73           ; 0            ; no              ; no                     ; no            ; 2         ; no              ; no         ; no            ; no       ; Off          ; 2.5 V        ; Default          ; Series 50 Ohm without Calibration ; --                        ; no                         ; no                          ; Fitter               ; -                    ; -                   ;
; memDataIn[15]  ; AC14  ; 3        ; 56           ; 0            ; 21           ; no              ; no                     ; no            ; 2         ; no              ; no         ; no            ; no       ; Off          ; 2.5 V        ; Default          ; Series 50 Ohm without Calibration ; --                        ; no                         ; no                          ; Fitter               ; -                    ; -                   ;
; memDataIn[16]  ; H21   ; 7        ; 72           ; 73           ; 14           ; no              ; no                     ; no            ; 2         ; no              ; no         ; no            ; no       ; Off          ; 2.5 V        ; Default          ; Series 50 Ohm without Calibration ; --                        ; no                         ; no                          ; Fitter               ; -                    ; -                   ;
; memDataIn[17]  ; G17   ; 7        ; 83           ; 73           ; 21           ; no              ; no                     ; no            ; 2         ; no              ; no         ; no            ; no       ; Off          ; 2.5 V        ; Default          ; Series 50 Ohm without Calibration ; --                        ; no                         ; no                          ; Fitter               ; -                    ; -                   ;
; memDataIn[18]  ; A6    ; 8        ; 27           ; 73           ; 14           ; no              ; no                     ; no            ; 2         ; no              ; no         ; no            ; no       ; Off          ; 2.5 V        ; Default          ; Series 50 Ohm without Calibration ; --                        ; no                         ; no                          ; Fitter               ; -                    ; -                   ;
; memDataIn[19]  ; AB13  ; 3        ; 47           ; 0            ; 7            ; no              ; no                     ; no            ; 2         ; no              ; no         ; no            ; no       ; Off          ; 2.5 V        ; Default          ; Series 50 Ohm without Calibration ; --                        ; no                         ; no                          ; Fitter               ; -                    ; -                   ;
; memDataIn[1]   ; AF24  ; 4        ; 83           ; 0            ; 7            ; no              ; no                     ; no            ; 2         ; no              ; no         ; no            ; no       ; Off          ; 2.5 V        ; Default          ; Series 50 Ohm without Calibration ; --                        ; no                         ; no                          ; Fitter               ; -                    ; -                   ;
; memDataIn[20]  ; Y13   ; 3        ; 52           ; 0            ; 7            ; no              ; no                     ; no            ; 2         ; no              ; no         ; no            ; no       ; Off          ; 2.5 V        ; Default          ; Series 50 Ohm without Calibration ; --                        ; no                         ; no                          ; Fitter               ; -                    ; -                   ;
; memDataIn[21]  ; C17   ; 7        ; 81           ; 73           ; 0            ; no              ; no                     ; no            ; 2         ; no              ; no         ; no            ; no       ; Off          ; 2.5 V        ; Default          ; Series 50 Ohm without Calibration ; --                        ; no                         ; no                          ; Fitter               ; -                    ; -                   ;
; memDataIn[22]  ; B7    ; 8        ; 29           ; 73           ; 7            ; no              ; no                     ; no            ; 2         ; no              ; no         ; no            ; no       ; Off          ; 2.5 V        ; Default          ; Series 50 Ohm without Calibration ; --                        ; no                         ; no                          ; Fitter               ; -                    ; -                   ;
; memDataIn[23]  ; T25   ; 5        ; 115          ; 31           ; 0            ; no              ; no                     ; no            ; 2         ; no              ; no         ; no            ; no       ; Off          ; 2.5 V        ; Default          ; Series 50 Ohm without Calibration ; --                        ; no                         ; no                          ; Fitter               ; -                    ; -                   ;
; memDataIn[24]  ; R25   ; 5        ; 115          ; 33           ; 0            ; no              ; no                     ; no            ; 2         ; no              ; no         ; no            ; no       ; Off          ; 2.5 V        ; Default          ; Series 50 Ohm without Calibration ; --                        ; no                         ; no                          ; Fitter               ; -                    ; -                   ;
; memDataIn[25]  ; H13   ; 8        ; 38           ; 73           ; 21           ; no              ; no                     ; no            ; 2         ; no              ; no         ; no            ; no       ; Off          ; 2.5 V        ; Default          ; Series 50 Ohm without Calibration ; --                        ; no                         ; no                          ; Fitter               ; -                    ; -                   ;
; memDataIn[26]  ; L2    ; 1        ; 0            ; 44           ; 0            ; no              ; no                     ; no            ; 2         ; no              ; no         ; no            ; no       ; Off          ; 2.5 V        ; Default          ; Series 50 Ohm without Calibration ; --                        ; no                         ; no                          ; Fitter               ; -                    ; -                   ;
; memDataIn[27]  ; AD14  ; 3        ; 56           ; 0            ; 14           ; no              ; no                     ; no            ; 2         ; no              ; no         ; no            ; no       ; Off          ; 2.5 V        ; Default          ; Series 50 Ohm without Calibration ; --                        ; no                         ; no                          ; Fitter               ; -                    ; -                   ;
; memDataIn[28]  ; U4    ; 2        ; 0            ; 34           ; 14           ; no              ; no                     ; no            ; 2         ; no              ; no         ; no            ; no       ; Off          ; 2.5 V        ; Default          ; Series 50 Ohm without Calibration ; --                        ; no                         ; no                          ; Fitter               ; -                    ; -                   ;
; memDataIn[29]  ; D13   ; 8        ; 54           ; 73           ; 7            ; no              ; no                     ; no            ; 2         ; no              ; no         ; no            ; no       ; Off          ; 2.5 V        ; Default          ; Series 50 Ohm without Calibration ; --                        ; no                         ; no                          ; Fitter               ; -                    ; -                   ;
; memDataIn[2]   ; AG17  ; 4        ; 62           ; 0            ; 21           ; no              ; no                     ; no            ; 2         ; no              ; no         ; no            ; no       ; Off          ; 2.5 V        ; Default          ; Series 50 Ohm without Calibration ; --                        ; no                         ; no                          ; Fitter               ; -                    ; -                   ;
; memDataIn[30]  ; H15   ; 7        ; 60           ; 73           ; 14           ; no              ; no                     ; no            ; 2         ; no              ; no         ; no            ; no       ; Off          ; 2.5 V        ; Default          ; Series 50 Ohm without Calibration ; --                        ; no                         ; no                          ; Fitter               ; -                    ; -                   ;
; memDataIn[31]  ; R7    ; 2        ; 0            ; 35           ; 14           ; no              ; no                     ; no            ; 2         ; no              ; no         ; no            ; no       ; Off          ; 2.5 V        ; Default          ; Series 50 Ohm without Calibration ; --                        ; no                         ; no                          ; Fitter               ; -                    ; -                   ;
; memDataIn[3]   ; R28   ; 5        ; 115          ; 34           ; 21           ; no              ; no                     ; no            ; 2         ; no              ; no         ; no            ; no       ; Off          ; 2.5 V        ; Default          ; Series 50 Ohm without Calibration ; --                        ; no                         ; no                          ; Fitter               ; -                    ; -                   ;
; memDataIn[4]   ; C19   ; 7        ; 83           ; 73           ; 7            ; no              ; no                     ; no            ; 2         ; no              ; no         ; no            ; no       ; Off          ; 2.5 V        ; Default          ; Series 50 Ohm without Calibration ; --                        ; no                         ; no                          ; Fitter               ; -                    ; -                   ;
; memDataIn[5]   ; P21   ; 5        ; 115          ; 36           ; 0            ; no              ; no                     ; no            ; 2         ; no              ; no         ; no            ; no       ; Off          ; 2.5 V        ; Default          ; Series 50 Ohm without Calibration ; --                        ; no                         ; no                          ; Fitter               ; -                    ; -                   ;
; memDataIn[6]   ; AB16  ; 4        ; 65           ; 0            ; 0            ; no              ; no                     ; no            ; 2         ; no              ; no         ; no            ; no       ; Off          ; 2.5 V        ; Default          ; Series 50 Ohm without Calibration ; --                        ; no                         ; no                          ; Fitter               ; -                    ; -                   ;
; memDataIn[7]   ; AH18  ; 4        ; 69           ; 0            ; 0            ; no              ; no                     ; no            ; 2         ; no              ; no         ; no            ; no       ; Off          ; 2.5 V        ; Default          ; Series 50 Ohm without Calibration ; --                        ; no                         ; no                          ; Fitter               ; -                    ; -                   ;
; memDataIn[8]   ; U21   ; 5        ; 115          ; 29           ; 0            ; no              ; no                     ; no            ; 2         ; no              ; no         ; no            ; no       ; Off          ; 2.5 V        ; Default          ; Series 50 Ohm without Calibration ; --                        ; no                         ; no                          ; Fitter               ; -                    ; -                   ;
; memDataIn[9]   ; J15   ; 7        ; 60           ; 73           ; 21           ; no              ; no                     ; no            ; 2         ; no              ; no         ; no            ; no       ; Off          ; 2.5 V        ; Default          ; Series 50 Ohm without Calibration ; --                        ; no                         ; no                          ; Fitter               ; -                    ; -                   ;
; memDataOut[0]  ; AG11  ; 3        ; 40           ; 0            ; 21           ; no              ; no                     ; no            ; 2         ; no              ; no         ; no            ; no       ; Off          ; 2.5 V        ; Default          ; Series 50 Ohm without Calibration ; --                        ; no                         ; no                          ; Fitter               ; -                    ; -                   ;
; memDataOut[10] ; AB17  ; 4        ; 89           ; 0            ; 14           ; no              ; no                     ; no            ; 2         ; no              ; no         ; no            ; no       ; Off          ; 2.5 V        ; Default          ; Series 50 Ohm without Calibration ; --                        ; no                         ; no                          ; Fitter               ; -                    ; -                   ;
; memDataOut[11] ; B21   ; 7        ; 87           ; 73           ; 0            ; no              ; no                     ; no            ; 2         ; no              ; no         ; no            ; no       ; Off          ; 2.5 V        ; Default          ; Series 50 Ohm without Calibration ; --                        ; no                         ; no                          ; Fitter               ; -                    ; -                   ;
; memDataOut[12] ; E18   ; 7        ; 87           ; 73           ; 7            ; no              ; no                     ; no            ; 2         ; no              ; no         ; no            ; no       ; Off          ; 2.5 V        ; Default          ; Series 50 Ohm without Calibration ; --                        ; no                         ; no                          ; Fitter               ; -                    ; -                   ;
; memDataOut[13] ; AH11  ; 3        ; 40           ; 0            ; 14           ; no              ; no                     ; no            ; 2         ; no              ; no         ; no            ; no       ; Off          ; 2.5 V        ; Default          ; Series 50 Ohm without Calibration ; --                        ; no                         ; no                          ; Fitter               ; -                    ; -                   ;
; memDataOut[14] ; U24   ; 5        ; 115          ; 28           ; 7            ; no              ; no                     ; no            ; 2         ; no              ; no         ; no            ; no       ; Off          ; 2.5 V        ; Default          ; Series 50 Ohm without Calibration ; --                        ; no                         ; no                          ; Fitter               ; -                    ; -                   ;
; memDataOut[15] ; AF14  ; 3        ; 49           ; 0            ; 14           ; no              ; no                     ; no            ; 2         ; no              ; no         ; no            ; no       ; Off          ; 2.5 V        ; Default          ; Series 50 Ohm without Calibration ; --                        ; no                         ; no                          ; Fitter               ; -                    ; -                   ;
; memDataOut[16] ; P2    ; 1        ; 0            ; 43           ; 14           ; no              ; no                     ; no            ; 2         ; no              ; no         ; no            ; no       ; Off          ; 2.5 V        ; Default          ; Series 50 Ohm without Calibration ; --                        ; no                         ; no                          ; Fitter               ; -                    ; -                   ;
; memDataOut[17] ; L1    ; 1        ; 0            ; 44           ; 7            ; no              ; no                     ; no            ; 2         ; no              ; no         ; no            ; no       ; Off          ; 2.5 V        ; Default          ; Series 50 Ohm without Calibration ; --                        ; no                         ; no                          ; Fitter               ; -                    ; -                   ;
; memDataOut[18] ; C12   ; 8        ; 52           ; 73           ; 14           ; no              ; no                     ; no            ; 2         ; no              ; no         ; no            ; no       ; Off          ; 2.5 V        ; Default          ; Series 50 Ohm without Calibration ; --                        ; no                         ; no                          ; Fitter               ; -                    ; -                   ;
; memDataOut[19] ; D10   ; 8        ; 35           ; 73           ; 21           ; no              ; no                     ; no            ; 2         ; no              ; no         ; no            ; no       ; Off          ; 2.5 V        ; Default          ; Series 50 Ohm without Calibration ; --                        ; no                         ; no                          ; Fitter               ; -                    ; -                   ;
; memDataOut[1]  ; C15   ; 7        ; 58           ; 73           ; 14           ; no              ; no                     ; no            ; 2         ; no              ; no         ; no            ; no       ; Off          ; 2.5 V        ; Default          ; Series 50 Ohm without Calibration ; --                        ; no                         ; no                          ; Fitter               ; -                    ; -                   ;
; memDataOut[20] ; AF12  ; 3        ; 33           ; 0            ; 0            ; no              ; no                     ; no            ; 2         ; no              ; no         ; no            ; no       ; Off          ; 2.5 V        ; Default          ; Series 50 Ohm without Calibration ; --                        ; no                         ; no                          ; Fitter               ; -                    ; -                   ;
; memDataOut[21] ; AE11  ; 3        ; 35           ; 0            ; 21           ; no              ; no                     ; no            ; 2         ; no              ; no         ; no            ; no       ; Off          ; 2.5 V        ; Default          ; Series 50 Ohm without Calibration ; --                        ; no                         ; no                          ; Fitter               ; -                    ; -                   ;
; memDataOut[22] ; AF11  ; 3        ; 35           ; 0            ; 14           ; no              ; no                     ; no            ; 2         ; no              ; no         ; no            ; no       ; Off          ; 2.5 V        ; Default          ; Series 50 Ohm without Calibration ; --                        ; no                         ; no                          ; Fitter               ; -                    ; -                   ;
; memDataOut[23] ; AE14  ; 3        ; 49           ; 0            ; 21           ; no              ; no                     ; no            ; 2         ; no              ; no         ; no            ; no       ; Off          ; 2.5 V        ; Default          ; Series 50 Ohm without Calibration ; --                        ; no                         ; no                          ; Fitter               ; -                    ; -                   ;
; memDataOut[24] ; L24   ; 6        ; 115          ; 48           ; 0            ; no              ; no                     ; no            ; 2         ; no              ; no         ; no            ; no       ; Off          ; 2.5 V        ; Default          ; Series 50 Ohm without Calibration ; --                        ; no                         ; no                          ; Fitter               ; -                    ; -                   ;
; memDataOut[25] ; J12   ; 8        ; 40           ; 73           ; 7            ; no              ; no                     ; no            ; 2         ; no              ; no         ; no            ; no       ; Off          ; 2.5 V        ; Default          ; Series 50 Ohm without Calibration ; --                        ; no                         ; no                          ; Fitter               ; -                    ; -                   ;
; memDataOut[26] ; P1    ; 1        ; 0            ; 42           ; 0            ; no              ; no                     ; no            ; 2         ; no              ; no         ; no            ; no       ; Off          ; 2.5 V        ; Default          ; Series 50 Ohm without Calibration ; --                        ; no                         ; no                          ; Fitter               ; -                    ; -                   ;
; memDataOut[27] ; B18   ; 7        ; 79           ; 73           ; 7            ; no              ; no                     ; no            ; 2         ; no              ; no         ; no            ; no       ; Off          ; 2.5 V        ; Default          ; Series 50 Ohm without Calibration ; --                        ; no                         ; no                          ; Fitter               ; -                    ; -                   ;
; memDataOut[28] ; C20   ; 7        ; 85           ; 73           ; 7            ; no              ; no                     ; no            ; 2         ; no              ; no         ; no            ; no       ; Off          ; 2.5 V        ; Default          ; Series 50 Ohm without Calibration ; --                        ; no                         ; no                          ; Fitter               ; -                    ; -                   ;
; memDataOut[29] ; AD12  ; 3        ; 47           ; 0            ; 0            ; no              ; no                     ; no            ; 2         ; no              ; no         ; no            ; no       ; Off          ; 2.5 V        ; Default          ; Series 50 Ohm without Calibration ; --                        ; no                         ; no                          ; Fitter               ; -                    ; -                   ;
; memDataOut[2]  ; Y15   ; 3        ; 56           ; 0            ; 0            ; no              ; no                     ; no            ; 2         ; no              ; no         ; no            ; no       ; Off          ; 2.5 V        ; Default          ; Series 50 Ohm without Calibration ; --                        ; no                         ; no                          ; Fitter               ; -                    ; -                   ;
; memDataOut[30] ; R3    ; 2        ; 0            ; 34           ; 21           ; no              ; no                     ; no            ; 2         ; no              ; no         ; no            ; no       ; Off          ; 2.5 V        ; Default          ; Series 50 Ohm without Calibration ; --                        ; no                         ; no                          ; Fitter               ; -                    ; -                   ;
; memDataOut[31] ; T22   ; 5        ; 115          ; 32           ; 7            ; no              ; no                     ; no            ; 2         ; no              ; no         ; no            ; no       ; Off          ; 2.5 V        ; Default          ; Series 50 Ohm without Calibration ; --                        ; no                         ; no                          ; Fitter               ; -                    ; -                   ;
; memDataOut[3]  ; AE16  ; 4        ; 65           ; 0            ; 21           ; no              ; no                     ; no            ; 2         ; no              ; no         ; no            ; no       ; Off          ; 2.5 V        ; Default          ; Series 50 Ohm without Calibration ; --                        ; no                         ; no                          ; Fitter               ; -                    ; -                   ;
; memDataOut[4]  ; AG12  ; 3        ; 54           ; 0            ; 7            ; no              ; no                     ; no            ; 2         ; no              ; no         ; no            ; no       ; Off          ; 2.5 V        ; Default          ; Series 50 Ohm without Calibration ; --                        ; no                         ; no                          ; Fitter               ; -                    ; -                   ;
; memDataOut[5]  ; L27   ; 6        ; 115          ; 48           ; 7            ; no              ; no                     ; no            ; 2         ; no              ; no         ; no            ; no       ; Off          ; 2.5 V        ; Default          ; Series 50 Ohm without Calibration ; --                        ; no                         ; no                          ; Fitter               ; -                    ; -                   ;
; memDataOut[6]  ; AF18  ; 4        ; 79           ; 0            ; 14           ; no              ; no                     ; no            ; 2         ; no              ; no         ; no            ; no       ; Off          ; 2.5 V        ; Default          ; Series 50 Ohm without Calibration ; --                        ; no                         ; no                          ; Fitter               ; -                    ; -                   ;
; memDataOut[7]  ; A18   ; 7        ; 79           ; 73           ; 0            ; no              ; no                     ; no            ; 2         ; no              ; no         ; no            ; no       ; Off          ; 2.5 V        ; Default          ; Series 50 Ohm without Calibration ; --                        ; no                         ; no                          ; Fitter               ; -                    ; -                   ;
; memDataOut[8]  ; B11   ; 8        ; 42           ; 73           ; 7            ; no              ; no                     ; no            ; 2         ; no              ; no         ; no            ; no       ; Off          ; 2.5 V        ; Default          ; Series 50 Ohm without Calibration ; --                        ; no                         ; no                          ; Fitter               ; -                    ; -                   ;
; memDataOut[9]  ; AE21  ; 4        ; 85           ; 0            ; 0            ; no              ; no                     ; no            ; 2         ; no              ; no         ; no            ; no       ; Off          ; 2.5 V        ; Default          ; Series 50 Ohm without Calibration ; --                        ; no                         ; no                          ; Fitter               ; -                    ; -                   ;
; outA[0]        ; AG22  ; 4        ; 79           ; 0            ; 7            ; no              ; no                     ; no            ; 2         ; no              ; no         ; no            ; no       ; Off          ; 2.5 V        ; Default          ; Series 50 Ohm without Calibration ; --                        ; no                         ; no                          ; Fitter               ; -                    ; -                   ;
; outA[10]       ; M27   ; 6        ; 115          ; 46           ; 7            ; no              ; no                     ; no            ; 2         ; no              ; no         ; no            ; no       ; Off          ; 2.5 V        ; Default          ; Series 50 Ohm without Calibration ; --                        ; no                         ; no                          ; Fitter               ; -                    ; -                   ;
; outA[11]       ; J16   ; 7        ; 65           ; 73           ; 14           ; no              ; no                     ; no            ; 2         ; no              ; no         ; no            ; no       ; Off          ; 2.5 V        ; Default          ; Series 50 Ohm without Calibration ; --                        ; no                         ; no                          ; Fitter               ; -                    ; -                   ;
; outA[12]       ; T21   ; 5        ; 115          ; 32           ; 0            ; no              ; no                     ; no            ; 2         ; no              ; no         ; no            ; no       ; Off          ; 2.5 V        ; Default          ; Series 50 Ohm without Calibration ; --                        ; no                         ; no                          ; Fitter               ; -                    ; -                   ;
; outA[13]       ; M24   ; 6        ; 115          ; 41           ; 0            ; no              ; no                     ; no            ; 2         ; no              ; no         ; no            ; no       ; Off          ; 2.5 V        ; Default          ; Series 50 Ohm without Calibration ; --                        ; no                         ; no                          ; Fitter               ; -                    ; -                   ;
; outA[14]       ; R27   ; 5        ; 115          ; 34           ; 14           ; no              ; no                     ; no            ; 2         ; no              ; no         ; no            ; no       ; Off          ; 2.5 V        ; Default          ; Series 50 Ohm without Calibration ; --                        ; no                         ; no                          ; Fitter               ; -                    ; -                   ;
; outA[15]       ; R26   ; 5        ; 115          ; 33           ; 7            ; no              ; no                     ; no            ; 2         ; no              ; no         ; no            ; no       ; Off          ; 2.5 V        ; Default          ; Series 50 Ohm without Calibration ; --                        ; no                         ; no                          ; Fitter               ; -                    ; -                   ;
; outA[16]       ; G22   ; 7        ; 72           ; 73           ; 21           ; no              ; no                     ; no            ; 2         ; no              ; no         ; no            ; no       ; Off          ; 2.5 V        ; Default          ; Series 50 Ohm without Calibration ; --                        ; no                         ; no                          ; Fitter               ; -                    ; -                   ;
; outA[17]       ; AG18  ; 4        ; 69           ; 0            ; 7            ; no              ; no                     ; no            ; 2         ; no              ; no         ; no            ; no       ; Off          ; 2.5 V        ; Default          ; Series 50 Ohm without Calibration ; --                        ; no                         ; no                          ; Fitter               ; -                    ; -                   ;
; outA[18]       ; W22   ; 5        ; 115          ; 30           ; 0            ; no              ; no                     ; no            ; 2         ; no              ; no         ; no            ; no       ; Off          ; 2.5 V        ; Default          ; Series 50 Ohm without Calibration ; --                        ; no                         ; no                          ; Fitter               ; -                    ; -                   ;
; outA[19]       ; G13   ; 8        ; 38           ; 73           ; 14           ; no              ; no                     ; no            ; 2         ; no              ; no         ; no            ; no       ; Off          ; 2.5 V        ; Default          ; Series 50 Ohm without Calibration ; --                        ; no                         ; no                          ; Fitter               ; -                    ; -                   ;
; outA[1]        ; AD15  ; 4        ; 60           ; 0            ; 14           ; no              ; no                     ; no            ; 2         ; no              ; no         ; no            ; no       ; Off          ; 2.5 V        ; Default          ; Series 50 Ohm without Calibration ; --                        ; no                         ; no                          ; Fitter               ; -                    ; -                   ;
; outA[20]       ; B6    ; 8        ; 27           ; 73           ; 21           ; no              ; no                     ; no            ; 2         ; no              ; no         ; no            ; no       ; Off          ; 2.5 V        ; Default          ; Series 50 Ohm without Calibration ; --                        ; no                         ; no                          ; Fitter               ; -                    ; -                   ;
; outA[21]       ; H14   ; 8        ; 49           ; 73           ; 14           ; no              ; no                     ; no            ; 2         ; no              ; no         ; no            ; no       ; Off          ; 2.5 V        ; Default          ; Series 50 Ohm without Calibration ; --                        ; no                         ; no                          ; Fitter               ; -                    ; -                   ;
; outA[22]       ; D14   ; 8        ; 52           ; 73           ; 7            ; no              ; no                     ; no            ; 2         ; no              ; no         ; no            ; no       ; Off          ; 2.5 V        ; Default          ; Series 50 Ohm without Calibration ; --                        ; no                         ; no                          ; Fitter               ; -                    ; -                   ;
; outA[23]       ; M23   ; 6        ; 115          ; 40           ; 7            ; no              ; no                     ; no            ; 2         ; no              ; no         ; no            ; no       ; Off          ; 2.5 V        ; Default          ; Series 50 Ohm without Calibration ; --                        ; no                         ; no                          ; Fitter               ; -                    ; -                   ;
; outA[24]       ; AG10  ; 3        ; 31           ; 0            ; 7            ; no              ; no                     ; no            ; 2         ; no              ; no         ; no            ; no       ; Off          ; 2.5 V        ; Default          ; Series 50 Ohm without Calibration ; --                        ; no                         ; no                          ; Fitter               ; -                    ; -                   ;
; outA[25]       ; AB14  ; 3        ; 54           ; 0            ; 14           ; no              ; no                     ; no            ; 2         ; no              ; no         ; no            ; no       ; Off          ; 2.5 V        ; Default          ; Series 50 Ohm without Calibration ; --                        ; no                         ; no                          ; Fitter               ; -                    ; -                   ;
; outA[26]       ; AE12  ; 3        ; 33           ; 0            ; 7            ; no              ; no                     ; no            ; 2         ; no              ; no         ; no            ; no       ; Off          ; 2.5 V        ; Default          ; Series 50 Ohm without Calibration ; --                        ; no                         ; no                          ; Fitter               ; -                    ; -                   ;
; outA[27]       ; AD17  ; 4        ; 74           ; 0            ; 14           ; no              ; no                     ; no            ; 2         ; no              ; no         ; no            ; no       ; Off          ; 2.5 V        ; Default          ; Series 50 Ohm without Calibration ; --                        ; no                         ; no                          ; Fitter               ; -                    ; -                   ;
; outA[28]       ; D17   ; 7        ; 81           ; 73           ; 7            ; no              ; no                     ; no            ; 2         ; no              ; no         ; no            ; no       ; Off          ; 2.5 V        ; Default          ; Series 50 Ohm without Calibration ; --                        ; no                         ; no                          ; Fitter               ; -                    ; -                   ;
; outA[29]       ; AB12  ; 3        ; 45           ; 0            ; 14           ; no              ; no                     ; no            ; 2         ; no              ; no         ; no            ; no       ; Off          ; 2.5 V        ; Default          ; Series 50 Ohm without Calibration ; --                        ; no                         ; no                          ; Fitter               ; -                    ; -                   ;
; outA[2]        ; AC17  ; 4        ; 74           ; 0            ; 21           ; no              ; no                     ; no            ; 2         ; no              ; no         ; no            ; no       ; Off          ; 2.5 V        ; Default          ; Series 50 Ohm without Calibration ; --                        ; no                         ; no                          ; Fitter               ; -                    ; -                   ;
; outA[30]       ; U27   ; 5        ; 115          ; 29           ; 7            ; no              ; no                     ; no            ; 2         ; no              ; no         ; no            ; no       ; Off          ; 2.5 V        ; Default          ; Series 50 Ohm without Calibration ; --                        ; no                         ; no                          ; Fitter               ; -                    ; -                   ;
; outA[31]       ; AA14  ; 3        ; 54           ; 0            ; 21           ; no              ; no                     ; no            ; 2         ; no              ; no         ; no            ; no       ; Off          ; 2.5 V        ; Default          ; Series 50 Ohm without Calibration ; --                        ; no                         ; no                          ; Fitter               ; -                    ; -                   ;
; outA[3]        ; P25   ; 6        ; 115          ; 41           ; 7            ; no              ; no                     ; no            ; 2         ; no              ; no         ; no            ; no       ; Off          ; 2.5 V        ; Default          ; Series 50 Ohm without Calibration ; --                        ; no                         ; no                          ; Fitter               ; -                    ; -                   ;
; outA[4]        ; H17   ; 7        ; 67           ; 73           ; 7            ; no              ; no                     ; no            ; 2         ; no              ; no         ; no            ; no       ; Off          ; 2.5 V        ; Default          ; Series 50 Ohm without Calibration ; --                        ; no                         ; no                          ; Fitter               ; -                    ; -                   ;
; outA[5]        ; G18   ; 7        ; 69           ; 73           ; 21           ; no              ; no                     ; no            ; 2         ; no              ; no         ; no            ; no       ; Off          ; 2.5 V        ; Default          ; Series 50 Ohm without Calibration ; --                        ; no                         ; no                          ; Fitter               ; -                    ; -                   ;
; outA[6]        ; G20   ; 7        ; 74           ; 73           ; 14           ; no              ; no                     ; no            ; 2         ; no              ; no         ; no            ; no       ; Off          ; 2.5 V        ; Default          ; Series 50 Ohm without Calibration ; --                        ; no                         ; no                          ; Fitter               ; -                    ; -                   ;
; outA[7]        ; G16   ; 7        ; 67           ; 73           ; 0            ; no              ; no                     ; no            ; 2         ; no              ; no         ; no            ; no       ; Off          ; 2.5 V        ; Default          ; Series 50 Ohm without Calibration ; --                        ; no                         ; no                          ; Fitter               ; -                    ; -                   ;
; outA[8]        ; G21   ; 7        ; 74           ; 73           ; 21           ; no              ; no                     ; no            ; 2         ; no              ; no         ; no            ; no       ; Off          ; 2.5 V        ; Default          ; Series 50 Ohm without Calibration ; --                        ; no                         ; no                          ; Fitter               ; -                    ; -                   ;
; outA[9]        ; N21   ; 6        ; 115          ; 42           ; 14           ; no              ; no                     ; no            ; 2         ; no              ; no         ; no            ; no       ; Off          ; 2.5 V        ; Default          ; Series 50 Ohm without Calibration ; --                        ; no                         ; no                          ; Fitter               ; -                    ; -                   ;
; outB[0]        ; AG21  ; 4        ; 74           ; 0            ; 7            ; no              ; no                     ; no            ; 2         ; no              ; no         ; no            ; no       ; Off          ; 2.5 V        ; Default          ; Series 50 Ohm without Calibration ; --                        ; no                         ; no                          ; Fitter               ; -                    ; -                   ;
; outB[10]       ; H19   ; 7        ; 72           ; 73           ; 0            ; no              ; no                     ; no            ; 2         ; no              ; no         ; no            ; no       ; Off          ; 2.5 V        ; Default          ; Series 50 Ohm without Calibration ; --                        ; no                         ; no                          ; Fitter               ; -                    ; -                   ;
; outB[11]       ; D16   ; 7        ; 62           ; 73           ; 21           ; no              ; no                     ; no            ; 2         ; no              ; no         ; no            ; no       ; Off          ; 2.5 V        ; Default          ; Series 50 Ohm without Calibration ; --                        ; no                         ; no                          ; Fitter               ; -                    ; -                   ;
; outB[12]       ; A19   ; 7        ; 81           ; 73           ; 14           ; no              ; no                     ; no            ; 2         ; no              ; no         ; no            ; no       ; Off          ; 2.5 V        ; Default          ; Series 50 Ohm without Calibration ; --                        ; no                         ; no                          ; Fitter               ; -                    ; -                   ;
; outB[13]       ; AH23  ; 4        ; 81           ; 0            ; 14           ; no              ; no                     ; no            ; 2         ; no              ; no         ; no            ; no       ; Off          ; 2.5 V        ; Default          ; Series 50 Ohm without Calibration ; --                        ; no                         ; no                          ; Fitter               ; -                    ; -                   ;
; outB[14]       ; C18   ; 7        ; 87           ; 73           ; 21           ; no              ; no                     ; no            ; 2         ; no              ; no         ; no            ; no       ; Off          ; 2.5 V        ; Default          ; Series 50 Ohm without Calibration ; --                        ; no                         ; no                          ; Fitter               ; -                    ; -                   ;
; outB[15]       ; F12   ; 8        ; 33           ; 73           ; 7            ; no              ; no                     ; no            ; 2         ; no              ; no         ; no            ; no       ; Off          ; 2.5 V        ; Default          ; Series 50 Ohm without Calibration ; --                        ; no                         ; no                          ; Fitter               ; -                    ; -                   ;
; outB[16]       ; M26   ; 6        ; 115          ; 46           ; 0            ; no              ; no                     ; no            ; 2         ; no              ; no         ; no            ; no       ; Off          ; 2.5 V        ; Default          ; Series 50 Ohm without Calibration ; --                        ; no                         ; no                          ; Fitter               ; -                    ; -                   ;
; outB[17]       ; AF16  ; 4        ; 65           ; 0            ; 14           ; no              ; no                     ; no            ; 2         ; no              ; no         ; no            ; no       ; Off          ; 2.5 V        ; Default          ; Series 50 Ohm without Calibration ; --                        ; no                         ; no                          ; Fitter               ; -                    ; -                   ;
; outB[18]       ; Y12   ; 3        ; 52           ; 0            ; 21           ; no              ; no                     ; no            ; 2         ; no              ; no         ; no            ; no       ; Off          ; 2.5 V        ; Default          ; Series 50 Ohm without Calibration ; --                        ; no                         ; no                          ; Fitter               ; -                    ; -                   ;
; outB[19]       ; A12   ; 8        ; 47           ; 73           ; 0            ; no              ; no                     ; no            ; 2         ; no              ; no         ; no            ; no       ; Off          ; 2.5 V        ; Default          ; Series 50 Ohm without Calibration ; --                        ; no                         ; no                          ; Fitter               ; -                    ; -                   ;
; outB[1]        ; N25   ; 6        ; 115          ; 45           ; 21           ; no              ; no                     ; no            ; 2         ; no              ; no         ; no            ; no       ; Off          ; 2.5 V        ; Default          ; Series 50 Ohm without Calibration ; --                        ; no                         ; no                          ; Fitter               ; -                    ; -                   ;
; outB[20]       ; M28   ; 6        ; 115          ; 45           ; 14           ; no              ; no                     ; no            ; 2         ; no              ; no         ; no            ; no       ; Off          ; 2.5 V        ; Default          ; Series 50 Ohm without Calibration ; --                        ; no                         ; no                          ; Fitter               ; -                    ; -                   ;
; outB[21]       ; G14   ; 8        ; 47           ; 73           ; 14           ; no              ; no                     ; no            ; 2         ; no              ; no         ; no            ; no       ; Off          ; 2.5 V        ; Default          ; Series 50 Ohm without Calibration ; --                        ; no                         ; no                          ; Fitter               ; -                    ; -                   ;
; outB[22]       ; L23   ; 6        ; 115          ; 49           ; 7            ; no              ; no                     ; no            ; 2         ; no              ; no         ; no            ; no       ; Off          ; 2.5 V        ; Default          ; Series 50 Ohm without Calibration ; --                        ; no                         ; no                          ; Fitter               ; -                    ; -                   ;
; outB[23]       ; P26   ; 6        ; 115          ; 40           ; 0            ; no              ; no                     ; no            ; 2         ; no              ; no         ; no            ; no       ; Off          ; 2.5 V        ; Default          ; Series 50 Ohm without Calibration ; --                        ; no                         ; no                          ; Fitter               ; -                    ; -                   ;
; outB[24]       ; M1    ; 1        ; 0            ; 44           ; 21           ; no              ; no                     ; no            ; 2         ; no              ; no         ; no            ; no       ; Off          ; 2.5 V        ; Default          ; Series 50 Ohm without Calibration ; --                        ; no                         ; no                          ; Fitter               ; -                    ; -                   ;
; outB[25]       ; AH17  ; 4        ; 62           ; 0            ; 14           ; no              ; no                     ; no            ; 2         ; no              ; no         ; no            ; no       ; Off          ; 2.5 V        ; Default          ; Series 50 Ohm without Calibration ; --                        ; no                         ; no                          ; Fitter               ; -                    ; -                   ;
; outB[26]       ; L28   ; 6        ; 115          ; 47           ; 14           ; no              ; no                     ; no            ; 2         ; no              ; no         ; no            ; no       ; Off          ; 2.5 V        ; Default          ; Series 50 Ohm without Calibration ; --                        ; no                         ; no                          ; Fitter               ; -                    ; -                   ;
; outB[27]       ; C16   ; 7        ; 62           ; 73           ; 14           ; no              ; no                     ; no            ; 2         ; no              ; no         ; no            ; no       ; Off          ; 2.5 V        ; Default          ; Series 50 Ohm without Calibration ; --                        ; no                         ; no                          ; Fitter               ; -                    ; -                   ;
; outB[28]       ; K28   ; 6        ; 115          ; 49           ; 0            ; no              ; no                     ; no            ; 2         ; no              ; no         ; no            ; no       ; Off          ; 2.5 V        ; Default          ; Series 50 Ohm without Calibration ; --                        ; no                         ; no                          ; Fitter               ; -                    ; -                   ;
; outB[29]       ; T26   ; 5        ; 115          ; 31           ; 7            ; no              ; no                     ; no            ; 2         ; no              ; no         ; no            ; no       ; Off          ; 2.5 V        ; Default          ; Series 50 Ohm without Calibration ; --                        ; no                         ; no                          ; Fitter               ; -                    ; -                   ;
; outB[2]        ; G19   ; 7        ; 69           ; 73           ; 14           ; no              ; no                     ; no            ; 2         ; no              ; no         ; no            ; no       ; Off          ; 2.5 V        ; Default          ; Series 50 Ohm without Calibration ; --                        ; no                         ; no                          ; Fitter               ; -                    ; -                   ;
; outB[30]       ; Y22   ; 5        ; 115          ; 30           ; 7            ; no              ; no                     ; no            ; 2         ; no              ; no         ; no            ; no       ; Off          ; 2.5 V        ; Default          ; Series 50 Ohm without Calibration ; --                        ; no                         ; no                          ; Fitter               ; -                    ; -                   ;
; outB[31]       ; J14   ; 8        ; 49           ; 73           ; 21           ; no              ; no                     ; no            ; 2         ; no              ; no         ; no            ; no       ; Off          ; 2.5 V        ; Default          ; Series 50 Ohm without Calibration ; --                        ; no                         ; no                          ; Fitter               ; -                    ; -                   ;
; outB[3]        ; AD11  ; 3        ; 49           ; 0            ; 0            ; no              ; no                     ; no            ; 2         ; no              ; no         ; no            ; no       ; Off          ; 2.5 V        ; Default          ; Series 50 Ohm without Calibration ; --                        ; no                         ; no                          ; Fitter               ; -                    ; -                   ;
; outB[4]        ; AH22  ; 4        ; 79           ; 0            ; 0            ; no              ; no                     ; no            ; 2         ; no              ; no         ; no            ; no       ; Off          ; 2.5 V        ; Default          ; Series 50 Ohm without Calibration ; --                        ; no                         ; no                          ; Fitter               ; -                    ; -                   ;
; outB[5]        ; B19   ; 7        ; 81           ; 73           ; 21           ; no              ; no                     ; no            ; 2         ; no              ; no         ; no            ; no       ; Off          ; 2.5 V        ; Default          ; Series 50 Ohm without Calibration ; --                        ; no                         ; no                          ; Fitter               ; -                    ; -                   ;
; outB[6]        ; AA13  ; 3        ; 52           ; 0            ; 0            ; no              ; no                     ; no            ; 2         ; no              ; no         ; no            ; no       ; Off          ; 2.5 V        ; Default          ; Series 50 Ohm without Calibration ; --                        ; no                         ; no                          ; Fitter               ; -                    ; -                   ;
; outB[7]        ; J19   ; 7        ; 72           ; 73           ; 7            ; no              ; no                     ; no            ; 2         ; no              ; no         ; no            ; no       ; Off          ; 2.5 V        ; Default          ; Series 50 Ohm without Calibration ; --                        ; no                         ; no                          ; Fitter               ; -                    ; -                   ;
; outB[8]        ; AH21  ; 4        ; 74           ; 0            ; 0            ; no              ; no                     ; no            ; 2         ; no              ; no         ; no            ; no       ; Off          ; 2.5 V        ; Default          ; Series 50 Ohm without Calibration ; --                        ; no                         ; no                          ; Fitter               ; -                    ; -                   ;
; outB[9]        ; B10   ; 8        ; 38           ; 73           ; 7            ; no              ; no                     ; no            ; 2         ; no              ; no         ; no            ; no       ; Off          ; 2.5 V        ; Default          ; Series 50 Ohm without Calibration ; --                        ; no                         ; no                          ; Fitter               ; -                    ; -                   ;
; outC           ; AF7   ; 3        ; 20           ; 0            ; 7            ; no              ; no                     ; no            ; 2         ; no              ; no         ; no            ; no       ; Off          ; 2.5 V        ; Default          ; Series 50 Ohm without Calibration ; --                        ; no                         ; no                          ; Fitter               ; -                    ; -                   ;
; outIR[0]       ; R21   ; 5        ; 115          ; 36           ; 7            ; no              ; no                     ; no            ; 2         ; no              ; no         ; no            ; no       ; Off          ; 2.5 V        ; Default          ; Series 50 Ohm without Calibration ; --                        ; no                         ; no                          ; Fitter               ; -                    ; -                   ;
; outIR[10]      ; G15   ; 7        ; 65           ; 73           ; 7            ; no              ; no                     ; no            ; 2         ; no              ; no         ; no            ; no       ; Off          ; 2.5 V        ; Default          ; Series 50 Ohm without Calibration ; --                        ; no                         ; no                          ; Fitter               ; -                    ; -                   ;
; outIR[11]      ; N8    ; 1        ; 0            ; 42           ; 7            ; no              ; no                     ; no            ; 2         ; no              ; no         ; no            ; no       ; Off          ; 2.5 V        ; Default          ; Series 50 Ohm without Calibration ; --                        ; no                         ; no                          ; Fitter               ; -                    ; -                   ;
; outIR[12]      ; AF17  ; 4        ; 67           ; 0            ; 0            ; no              ; no                     ; no            ; 2         ; no              ; no         ; no            ; no       ; Off          ; 2.5 V        ; Default          ; Series 50 Ohm without Calibration ; --                        ; no                         ; no                          ; Fitter               ; -                    ; -                   ;
; outIR[13]      ; J17   ; 7        ; 69           ; 73           ; 0            ; no              ; no                     ; no            ; 2         ; no              ; no         ; no            ; no       ; Off          ; 2.5 V        ; Default          ; Series 50 Ohm without Calibration ; --                        ; no                         ; no                          ; Fitter               ; -                    ; -                   ;
; outIR[14]      ; E17   ; 7        ; 67           ; 73           ; 21           ; no              ; no                     ; no            ; 2         ; no              ; no         ; no            ; no       ; Off          ; 2.5 V        ; Default          ; Series 50 Ohm without Calibration ; --                        ; no                         ; no                          ; Fitter               ; -                    ; -                   ;
; outIR[15]      ; H16   ; 7        ; 65           ; 73           ; 21           ; no              ; no                     ; no            ; 2         ; no              ; no         ; no            ; no       ; Off          ; 2.5 V        ; Default          ; Series 50 Ohm without Calibration ; --                        ; no                         ; no                          ; Fitter               ; -                    ; -                   ;
; outIR[16]      ; F14   ; 8        ; 45           ; 73           ; 0            ; no              ; no                     ; no            ; 2         ; no              ; no         ; no            ; no       ; Off          ; 2.5 V        ; Default          ; Series 50 Ohm without Calibration ; --                        ; no                         ; no                          ; Fitter               ; -                    ; -                   ;
; outIR[17]      ; AB10  ; 3        ; 38           ; 0            ; 7            ; no              ; no                     ; no            ; 2         ; no              ; no         ; no            ; no       ; Off          ; 2.5 V        ; Default          ; Series 50 Ohm without Calibration ; --                        ; no                         ; no                          ; Fitter               ; -                    ; -                   ;
; outIR[18]      ; G12   ; 8        ; 27           ; 73           ; 7            ; no              ; no                     ; no            ; 2         ; no              ; no         ; no            ; no       ; Off          ; 2.5 V        ; Default          ; Series 50 Ohm without Calibration ; --                        ; no                         ; no                          ; Fitter               ; -                    ; -                   ;
; outIR[19]      ; A11   ; 8        ; 42           ; 73           ; 0            ; no              ; no                     ; no            ; 2         ; no              ; no         ; no            ; no       ; Off          ; 2.5 V        ; Default          ; Series 50 Ohm without Calibration ; --                        ; no                         ; no                          ; Fitter               ; -                    ; -                   ;
; outIR[1]       ; AA16  ; 4        ; 65           ; 0            ; 7            ; no              ; no                     ; no            ; 2         ; no              ; no         ; no            ; no       ; Off          ; 2.5 V        ; Default          ; Series 50 Ohm without Calibration ; --                        ; no                         ; no                          ; Fitter               ; -                    ; -                   ;
; outIR[20]      ; AC10  ; 3        ; 38           ; 0            ; 0            ; no              ; no                     ; no            ; 2         ; no              ; no         ; no            ; no       ; Off          ; 2.5 V        ; Default          ; Series 50 Ohm without Calibration ; --                        ; no                         ; no                          ; Fitter               ; -                    ; -                   ;
; outIR[21]      ; C13   ; 8        ; 54           ; 73           ; 0            ; no              ; no                     ; no            ; 2         ; no              ; no         ; no            ; no       ; Off          ; 2.5 V        ; Default          ; Series 50 Ohm without Calibration ; --                        ; no                         ; no                          ; Fitter               ; -                    ; -                   ;
; outIR[22]      ; D12   ; 8        ; 52           ; 73           ; 21           ; no              ; no                     ; no            ; 2         ; no              ; no         ; no            ; no       ; Off          ; 2.5 V        ; Default          ; Series 50 Ohm without Calibration ; --                        ; no                         ; no                          ; Fitter               ; -                    ; -                   ;
; outIR[23]      ; E24   ; 7        ; 85           ; 73           ; 21           ; no              ; no                     ; no            ; 2         ; no              ; no         ; no            ; no       ; Off          ; 2.5 V        ; Default          ; Series 50 Ohm without Calibration ; --                        ; no                         ; no                          ; Fitter               ; -                    ; -                   ;
; outIR[24]      ; F15   ; 7        ; 58           ; 73           ; 0            ; no              ; no                     ; no            ; 2         ; no              ; no         ; no            ; no       ; Off          ; 2.5 V        ; Default          ; Series 50 Ohm without Calibration ; --                        ; no                         ; no                          ; Fitter               ; -                    ; -                   ;
; outIR[25]      ; AH12  ; 3        ; 54           ; 0            ; 0            ; no              ; no                     ; no            ; 2         ; no              ; no         ; no            ; no       ; Off          ; 2.5 V        ; Default          ; Series 50 Ohm without Calibration ; --                        ; no                         ; no                          ; Fitter               ; -                    ; -                   ;
; outIR[26]      ; M25   ; 6        ; 115          ; 47           ; 21           ; no              ; no                     ; no            ; 2         ; no              ; no         ; no            ; no       ; Off          ; 2.5 V        ; Default          ; Series 50 Ohm without Calibration ; --                        ; no                         ; no                          ; Fitter               ; -                    ; -                   ;
; outIR[27]      ; N26   ; 6        ; 115          ; 44           ; 0            ; no              ; no                     ; no            ; 2         ; no              ; no         ; no            ; no       ; Off          ; 2.5 V        ; Default          ; Series 50 Ohm without Calibration ; --                        ; no                         ; no                          ; Fitter               ; -                    ; -                   ;
; outIR[28]      ; B17   ; 7        ; 60           ; 73           ; 7            ; no              ; no                     ; no            ; 2         ; no              ; no         ; no            ; no       ; Off          ; 2.5 V        ; Default          ; Series 50 Ohm without Calibration ; --                        ; no                         ; no                          ; Fitter               ; -                    ; -                   ;
; outIR[29]      ; AF15  ; 4        ; 60           ; 0            ; 0            ; no              ; no                     ; no            ; 2         ; no              ; no         ; no            ; no       ; Off          ; 2.5 V        ; Default          ; Series 50 Ohm without Calibration ; --                        ; no                         ; no                          ; Fitter               ; -                    ; -                   ;
; outIR[2]       ; D15   ; 7        ; 58           ; 73           ; 21           ; no              ; no                     ; no            ; 2         ; no              ; no         ; no            ; no       ; Off          ; 2.5 V        ; Default          ; Series 50 Ohm without Calibration ; --                        ; no                         ; no                          ; Fitter               ; -                    ; -                   ;
; outIR[30]      ; AC11  ; 3        ; 49           ; 0            ; 7            ; no              ; no                     ; no            ; 2         ; no              ; no         ; no            ; no       ; Off          ; 2.5 V        ; Default          ; Series 50 Ohm without Calibration ; --                        ; no                         ; no                          ; Fitter               ; -                    ; -                   ;
; outIR[31]      ; AC15  ; 4        ; 60           ; 0            ; 21           ; no              ; no                     ; no            ; 2         ; no              ; no         ; no            ; no       ; Off          ; 2.5 V        ; Default          ; Series 50 Ohm without Calibration ; --                        ; no                         ; no                          ; Fitter               ; -                    ; -                   ;
; outIR[3]       ; AE17  ; 4        ; 67           ; 0            ; 7            ; no              ; no                     ; no            ; 2         ; no              ; no         ; no            ; no       ; Off          ; 2.5 V        ; Default          ; Series 50 Ohm without Calibration ; --                        ; no                         ; no                          ; Fitter               ; -                    ; -                   ;
; outIR[4]       ; F17   ; 7        ; 67           ; 73           ; 14           ; no              ; no                     ; no            ; 2         ; no              ; no         ; no            ; no       ; Off          ; 2.5 V        ; Default          ; Series 50 Ohm without Calibration ; --                        ; no                         ; no                          ; Fitter               ; -                    ; -                   ;
; outIR[5]       ; A17   ; 7        ; 60           ; 73           ; 0            ; no              ; no                     ; no            ; 2         ; no              ; no         ; no            ; no       ; Off          ; 2.5 V        ; Default          ; Series 50 Ohm without Calibration ; --                        ; no                         ; no                          ; Fitter               ; -                    ; -                   ;
; outIR[6]       ; AE15  ; 4        ; 60           ; 0            ; 7            ; no              ; no                     ; no            ; 2         ; no              ; no         ; no            ; no       ; Off          ; 2.5 V        ; Default          ; Series 50 Ohm without Calibration ; --                        ; no                         ; no                          ; Fitter               ; -                    ; -                   ;
; outIR[7]       ; AB15  ; 4        ; 67           ; 0            ; 14           ; no              ; no                     ; no            ; 2         ; no              ; no         ; no            ; no       ; Off          ; 2.5 V        ; Default          ; Series 50 Ohm without Calibration ; --                        ; no                         ; no                          ; Fitter               ; -                    ; -                   ;
; outIR[8]       ; AA15  ; 4        ; 67           ; 0            ; 21           ; no              ; no                     ; no            ; 2         ; no              ; no         ; no            ; no       ; Off          ; 2.5 V        ; Default          ; Series 50 Ohm without Calibration ; --                        ; no                         ; no                          ; Fitter               ; -                    ; -                   ;
; outIR[9]       ; U3    ; 2        ; 0            ; 34           ; 7            ; no              ; no                     ; no            ; 2         ; no              ; no         ; no            ; no       ; Off          ; 2.5 V        ; Default          ; Series 50 Ohm without Calibration ; --                        ; no                         ; no                          ; Fitter               ; -                    ; -                   ;
; outPC[0]       ; F11   ; 8        ; 31           ; 73           ; 7            ; no              ; no                     ; no            ; 2         ; no              ; no         ; no            ; no       ; Off          ; 2.5 V        ; Default          ; Series 50 Ohm without Calibration ; --                        ; no                         ; no                          ; Fitter               ; -                    ; -                   ;
; outPC[10]      ; R4    ; 2        ; 0            ; 33           ; 14           ; no              ; no                     ; no            ; 2         ; no              ; no         ; no            ; no       ; Off          ; 2.5 V        ; Default          ; Series 50 Ohm without Calibration ; --                        ; no                         ; no                          ; Fitter               ; -                    ; -                   ;
; outPC[11]      ; R6    ; 2        ; 0            ; 34           ; 0            ; no              ; no                     ; no            ; 2         ; no              ; no         ; no            ; no       ; Off          ; 2.5 V        ; Default          ; Series 50 Ohm without Calibration ; --                        ; no                         ; no                          ; Fitter               ; -                    ; -                   ;
; outPC[12]      ; AF25  ; 4        ; 83           ; 0            ; 0            ; no              ; no                     ; no            ; 2         ; no              ; no         ; no            ; no       ; Off          ; 2.5 V        ; Default          ; Series 50 Ohm without Calibration ; --                        ; no                         ; no                          ; Fitter               ; -                    ; -                   ;
; outPC[13]      ; AG23  ; 4        ; 81           ; 0            ; 21           ; no              ; no                     ; no            ; 2         ; no              ; no         ; no            ; no       ; Off          ; 2.5 V        ; Default          ; Series 50 Ohm without Calibration ; --                        ; no                         ; no                          ; Fitter               ; -                    ; -                   ;
; outPC[14]      ; AE13  ; 3        ; 42           ; 0            ; 21           ; no              ; no                     ; no            ; 2         ; no              ; no         ; no            ; no       ; Off          ; 2.5 V        ; Default          ; Series 50 Ohm without Calibration ; --                        ; no                         ; no                          ; Fitter               ; -                    ; -                   ;
; outPC[15]      ; M2    ; 1        ; 0            ; 44           ; 14           ; no              ; no                     ; no            ; 2         ; no              ; no         ; no            ; no       ; Off          ; 2.5 V        ; Default          ; Series 50 Ohm without Calibration ; --                        ; no                         ; no                          ; Fitter               ; -                    ; -                   ;
; outPC[16]      ; AF19  ; 4        ; 83           ; 0            ; 14           ; no              ; no                     ; no            ; 2         ; no              ; no         ; no            ; no       ; Off          ; 2.5 V        ; Default          ; Series 50 Ohm without Calibration ; --                        ; no                         ; no                          ; Fitter               ; -                    ; -                   ;
; outPC[17]      ; R24   ; 5        ; 115          ; 35           ; 21           ; no              ; no                     ; no            ; 2         ; no              ; no         ; no            ; no       ; Off          ; 2.5 V        ; Default          ; Series 50 Ohm without Calibration ; --                        ; no                         ; no                          ; Fitter               ; -                    ; -                   ;
; outPC[18]      ; R23   ; 5        ; 115          ; 35           ; 14           ; no              ; no                     ; no            ; 2         ; no              ; no         ; no            ; no       ; Off          ; 2.5 V        ; Default          ; Series 50 Ohm without Calibration ; --                        ; no                         ; no                          ; Fitter               ; -                    ; -                   ;
; outPC[19]      ; D18   ; 7        ; 85           ; 73           ; 0            ; no              ; no                     ; no            ; 2         ; no              ; no         ; no            ; no       ; Off          ; 2.5 V        ; Default          ; Series 50 Ohm without Calibration ; --                        ; no                         ; no                          ; Fitter               ; -                    ; -                   ;
; outPC[1]       ; G11   ; 8        ; 25           ; 73           ; 14           ; no              ; no                     ; no            ; 2         ; no              ; no         ; no            ; no       ; Off          ; 2.5 V        ; Default          ; Series 50 Ohm without Calibration ; --                        ; no                         ; no                          ; Fitter               ; -                    ; -                   ;
; outPC[20]      ; AA17  ; 4        ; 89           ; 0            ; 21           ; no              ; no                     ; no            ; 2         ; no              ; no         ; no            ; no       ; Off          ; 2.5 V        ; Default          ; Series 50 Ohm without Calibration ; --                        ; no                         ; no                          ; Fitter               ; -                    ; -                   ;
; outPC[21]      ; R1    ; 2        ; 0            ; 35           ; 7            ; no              ; no                     ; no            ; 2         ; no              ; no         ; no            ; no       ; Off          ; 2.5 V        ; Default          ; Series 50 Ohm without Calibration ; --                        ; no                         ; no                          ; Fitter               ; -                    ; -                   ;
; outPC[22]      ; E14   ; 8        ; 45           ; 73           ; 7            ; no              ; no                     ; no            ; 2         ; no              ; no         ; no            ; no       ; Off          ; 2.5 V        ; Default          ; Series 50 Ohm without Calibration ; --                        ; no                         ; no                          ; Fitter               ; -                    ; -                   ;
; outPC[23]      ; D19   ; 7        ; 83           ; 73           ; 14           ; no              ; no                     ; no            ; 2         ; no              ; no         ; no            ; no       ; Off          ; 2.5 V        ; Default          ; Series 50 Ohm without Calibration ; --                        ; no                         ; no                          ; Fitter               ; -                    ; -                   ;
; outPC[24]      ; E25   ; 7        ; 83           ; 73           ; 0            ; no              ; no                     ; no            ; 2         ; no              ; no         ; no            ; no       ; Off          ; 2.5 V        ; Default          ; Series 50 Ohm without Calibration ; --                        ; no                         ; no                          ; Fitter               ; -                    ; -                   ;
; outPC[25]      ; AF13  ; 3        ; 42           ; 0            ; 14           ; no              ; no                     ; no            ; 2         ; no              ; no         ; no            ; no       ; Off          ; 2.5 V        ; Default          ; Series 50 Ohm without Calibration ; --                        ; no                         ; no                          ; Fitter               ; -                    ; -                   ;
; outPC[26]      ; AH19  ; 4        ; 72           ; 0            ; 0            ; no              ; no                     ; no            ; 2         ; no              ; no         ; no            ; no       ; Off          ; 2.5 V        ; Default          ; Series 50 Ohm without Calibration ; --                        ; no                         ; no                          ; Fitter               ; -                    ; -                   ;
; outPC[27]      ; AF20  ; 4        ; 85           ; 0            ; 14           ; no              ; no                     ; no            ; 2         ; no              ; no         ; no            ; no       ; Off          ; 2.5 V        ; Default          ; Series 50 Ohm without Calibration ; --                        ; no                         ; no                          ; Fitter               ; -                    ; -                   ;
; outPC[28]      ; D20   ; 7        ; 85           ; 73           ; 14           ; no              ; no                     ; no            ; 2         ; no              ; no         ; no            ; no       ; Off          ; 2.5 V        ; Default          ; Series 50 Ohm without Calibration ; --                        ; no                         ; no                          ; Fitter               ; -                    ; -                   ;
; outPC[29]      ; R2    ; 2        ; 0            ; 35           ; 0            ; no              ; no                     ; no            ; 2         ; no              ; no         ; no            ; no       ; Off          ; 2.5 V        ; Default          ; Series 50 Ohm without Calibration ; --                        ; no                         ; no                          ; Fitter               ; -                    ; -                   ;
; outPC[2]       ; F18   ; 7        ; 87           ; 73           ; 14           ; no              ; no                     ; no            ; 2         ; no              ; no         ; no            ; no       ; Off          ; 2.5 V        ; Default          ; Series 50 Ohm without Calibration ; --                        ; no                         ; no                          ; Fitter               ; -                    ; -                   ;
; outPC[30]      ; AE19  ; 4        ; 83           ; 0            ; 21           ; no              ; no                     ; no            ; 2         ; no              ; no         ; no            ; no       ; Off          ; 2.5 V        ; Default          ; Series 50 Ohm without Calibration ; --                        ; no                         ; no                          ; Fitter               ; -                    ; -                   ;
; outPC[31]      ; J13   ; 8        ; 40           ; 73           ; 0            ; no              ; no                     ; no            ; 2         ; no              ; no         ; no            ; no       ; Off          ; 2.5 V        ; Default          ; Series 50 Ohm without Calibration ; --                        ; no                         ; no                          ; Fitter               ; -                    ; -                   ;
; outPC[3]       ; AE20  ; 4        ; 85           ; 0            ; 21           ; no              ; no                     ; no            ; 2         ; no              ; no         ; no            ; no       ; Off          ; 2.5 V        ; Default          ; Series 50 Ohm without Calibration ; --                        ; no                         ; no                          ; Fitter               ; -                    ; -                   ;
; outPC[4]       ; U26   ; 5        ; 115          ; 27           ; 7            ; no              ; no                     ; no            ; 2         ; no              ; no         ; no            ; no       ; Off          ; 2.5 V        ; Default          ; Series 50 Ohm without Calibration ; --                        ; no                         ; no                          ; Fitter               ; -                    ; -                   ;
; outPC[5]       ; E12   ; 8        ; 33           ; 73           ; 0            ; no              ; no                     ; no            ; 2         ; no              ; no         ; no            ; no       ; Off          ; 2.5 V        ; Default          ; Series 50 Ohm without Calibration ; --                        ; no                         ; no                          ; Fitter               ; -                    ; -                   ;
; outPC[6]       ; AC12  ; 3        ; 45           ; 0            ; 21           ; no              ; no                     ; no            ; 2         ; no              ; no         ; no            ; no       ; Off          ; 2.5 V        ; Default          ; Series 50 Ohm without Calibration ; --                        ; no                         ; no                          ; Fitter               ; -                    ; -                   ;
; outPC[7]       ; A10   ; 8        ; 38           ; 73           ; 0            ; no              ; no                     ; no            ; 2         ; no              ; no         ; no            ; no       ; Off          ; 2.5 V        ; Default          ; Series 50 Ohm without Calibration ; --                        ; no                         ; no                          ; Fitter               ; -                    ; -                   ;
; outPC[8]       ; AG19  ; 4        ; 72           ; 0            ; 7            ; no              ; no                     ; no            ; 2         ; no              ; no         ; no            ; no       ; Off          ; 2.5 V        ; Default          ; Series 50 Ohm without Calibration ; --                        ; no                         ; no                          ; Fitter               ; -                    ; -                   ;
; outPC[9]       ; T4    ; 2        ; 0            ; 33           ; 21           ; no              ; no                     ; no            ; 2         ; no              ; no         ; no            ; no       ; Off          ; 2.5 V        ; Default          ; Series 50 Ohm without Calibration ; --                        ; no                         ; no                          ; Fitter               ; -                    ; -                   ;
; outZ           ; C7    ; 8        ; 16           ; 73           ; 21           ; no              ; no                     ; no            ; 2         ; no              ; no         ; no            ; no       ; Off          ; 2.5 V        ; Default          ; Series 50 Ohm without Calibration ; --                        ; no                         ; no                          ; Fitter               ; -                    ; -                   ;
; wEn            ; F26   ; 6        ; 115          ; 59           ; 14           ; no              ; no                     ; no            ; 2         ; no              ; no         ; no            ; no       ; Off          ; 2.5 V        ; Default          ; Series 50 Ohm without Calibration ; --                        ; no                         ; no                          ; Fitter               ; -                    ; -                   ;
; wen_mem        ; C3    ; 8        ; 1            ; 73           ; 21           ; no              ; no                     ; no            ; 2         ; no              ; no         ; no            ; no       ; Off          ; 2.5 V        ; Default          ; Series 50 Ohm without Calibration ; --                        ; no                         ; no                          ; Fitter               ; -                    ; -                   ;
+----------------+-------+----------+--------------+--------------+--------------+-----------------+------------------------+---------------+-----------+-----------------+------------+---------------+----------+--------------+--------------+------------------+-----------------------------------+---------------------------+----------------------------+-----------------------------+----------------------+----------------------+---------------------+


+--------------------------------------------------------------------------------------------------------------------------------------+
; Dual Purpose and Dedicated Pins                                                                                                      ;
+----------+------------------------------------------+--------------------------+-------------------------+---------------------------+
; Location ; Pin Name                                 ; Reserved As              ; User Signal Name        ; Pin Type                  ;
+----------+------------------------------------------+--------------------------+-------------------------+---------------------------+
; F4       ; DIFFIO_L5n, DATA1, ASDO                  ; As input tri-stated      ; ~ALTERA_ASDO_DATA1~     ; Dual Purpose Pin          ;
; E2       ; DIFFIO_L8p, FLASH_nCE, nCSO              ; As input tri-stated      ; ~ALTERA_FLASH_nCE_nCSO~ ; Dual Purpose Pin          ;
; M6       ; nSTATUS                                  ; -                        ; -                       ; Dedicated Programming Pin ;
; P3       ; DCLK                                     ; As output driving ground ; ~ALTERA_DCLK~           ; Dual Purpose Pin          ;
; N7       ; DATA0                                    ; As input tri-stated      ; ~ALTERA_DATA0~          ; Dual Purpose Pin          ;
; P4       ; nCONFIG                                  ; -                        ; -                       ; Dedicated Programming Pin ;
; R8       ; nCE                                      ; -                        ; -                       ; Dedicated Programming Pin ;
; T22      ; DIFFIO_R29n, DEV_OE                      ; Use as regular IO        ; memDataOut[31]          ; Dual Purpose Pin          ;
; T21      ; DIFFIO_R29p, DEV_CLRn                    ; Use as regular IO        ; outA[12]                ; Dual Purpose Pin          ;
; P24      ; CONF_DONE                                ; -                        ; -                       ; Dedicated Programming Pin ;
; N22      ; MSEL0                                    ; -                        ; -                       ; Dedicated Programming Pin ;
; P23      ; MSEL1                                    ; -                        ; -                       ; Dedicated Programming Pin ;
; M22      ; MSEL2                                    ; -                        ; -                       ; Dedicated Programming Pin ;
; P22      ; MSEL3                                    ; -                        ; -                       ; Dedicated Programming Pin ;
; P26      ; DIFFIO_R24n, INIT_DONE                   ; Use as regular IO        ; outB[23]                ; Dual Purpose Pin          ;
; P25      ; DIFFIO_R24p, CRC_ERROR                   ; Use as regular IO        ; outA[3]                 ; Dual Purpose Pin          ;
; P28      ; DIFFIO_R23n, nCEO                        ; Use as programming pin   ; ~ALTERA_nCEO~           ; Dual Purpose Pin          ;
; P27      ; DIFFIO_R23p, CLKUSR                      ; Use as regular IO        ; memDataIn[10]           ; Dual Purpose Pin          ;
; B22      ; DIFFIO_T53p, PADD0                       ; Use as regular IO        ; addrOut[2]              ; Dual Purpose Pin          ;
; C18      ; DIFFIO_T50n, PADD1                       ; Use as regular IO        ; outB[14]                ; Dual Purpose Pin          ;
; D18      ; DIFFIO_T50p, PADD2                       ; Use as regular IO        ; outPC[19]               ; Dual Purpose Pin          ;
; C17      ; DIFFIO_T46n, PADD3                       ; Use as regular IO        ; memDataIn[21]           ; Dual Purpose Pin          ;
; D17      ; DIFFIO_T46p, PADD4, DQS2T/CQ3T,DPCLK8    ; Use as regular IO        ; outA[28]                ; Dual Purpose Pin          ;
; A19      ; DIFFIO_T45n, PADD5                       ; Use as regular IO        ; outB[12]                ; Dual Purpose Pin          ;
; B19      ; DIFFIO_T45p, PADD6                       ; Use as regular IO        ; outB[5]                 ; Dual Purpose Pin          ;
; A18      ; DIFFIO_T44n, PADD7                       ; Use as regular IO        ; memDataOut[7]           ; Dual Purpose Pin          ;
; B18      ; DIFFIO_T44p, PADD8                       ; Use as regular IO        ; memDataOut[27]          ; Dual Purpose Pin          ;
; C16      ; DIFFIO_T36n, PADD9                       ; Use as regular IO        ; outB[27]                ; Dual Purpose Pin          ;
; D16      ; DIFFIO_T36p, PADD10                      ; Use as regular IO        ; outB[11]                ; Dual Purpose Pin          ;
; A17      ; DIFFIO_T35n, PADD11                      ; Use as regular IO        ; outIR[5]                ; Dual Purpose Pin          ;
; B17      ; DIFFIO_T35p, PADD12, DQS4T/CQ5T,DPCLK9   ; Use as regular IO        ; outIR[28]               ; Dual Purpose Pin          ;
; C15      ; DIFFIO_T32n, PADD13                      ; Use as regular IO        ; memDataOut[1]           ; Dual Purpose Pin          ;
; D15      ; DIFFIO_T32p, PADD14                      ; Use as regular IO        ; outIR[2]                ; Dual Purpose Pin          ;
; D14      ; DIFFIO_T30p, PADD15                      ; Use as regular IO        ; outA[22]                ; Dual Purpose Pin          ;
; C12      ; DIFFIO_T29n, PADD16                      ; Use as regular IO        ; memDataOut[18]          ; Dual Purpose Pin          ;
; D12      ; DIFFIO_T29p, PADD17, DQS5T/CQ5T#,DPCLK10 ; Use as regular IO        ; outIR[22]               ; Dual Purpose Pin          ;
; A11      ; DIFFIO_T25n, DATA2                       ; Use as regular IO        ; outIR[19]               ; Dual Purpose Pin          ;
; B11      ; DIFFIO_T25p, DATA3                       ; Use as regular IO        ; memDataOut[8]           ; Dual Purpose Pin          ;
; A10      ; DIFFIO_T23n, PADD18                      ; Use as regular IO        ; outPC[7]                ; Dual Purpose Pin          ;
; B10      ; DIFFIO_T23p, DATA4                       ; Use as regular IO        ; outB[9]                 ; Dual Purpose Pin          ;
; G13      ; DIFFIO_T22n, PADD19                      ; Use as regular IO        ; outA[19]                ; Dual Purpose Pin          ;
; H13      ; DIFFIO_T22p, DATA15                      ; Use as regular IO        ; memDataIn[25]           ; Dual Purpose Pin          ;
; E12      ; DIFFIO_T20n, DATA14, DQS3T/CQ3T#,DPCLK11 ; Use as regular IO        ; outPC[5]                ; Dual Purpose Pin          ;
; F12      ; DIFFIO_T20p, DATA13                      ; Use as regular IO        ; outB[15]                ; Dual Purpose Pin          ;
; B7       ; DIFFIO_T18p, DATA5                       ; Use as regular IO        ; memDataIn[22]           ; Dual Purpose Pin          ;
; B6       ; DIFFIO_T17p, DATA6                       ; Use as regular IO        ; outA[20]                ; Dual Purpose Pin          ;
; C7       ; DIFFIO_T9n, DATA10                       ; Use as regular IO        ; outZ                    ; Dual Purpose Pin          ;
+----------+------------------------------------------+--------------------------+-------------------------+---------------------------+


+------------------------------------------------------------+
; I/O Bank Usage                                             ;
+----------+------------------+---------------+--------------+
; I/O Bank ; Usage            ; VCCIO Voltage ; VREF Voltage ;
+----------+------------------+---------------+--------------+
; 1        ; 12 / 56 ( 21 % ) ; 2.5V          ; --           ;
; 2        ; 10 / 63 ( 16 % ) ; 2.5V          ; --           ;
; 3        ; 32 / 73 ( 44 % ) ; 2.5V          ; --           ;
; 4        ; 38 / 71 ( 54 % ) ; 2.5V          ; --           ;
; 5        ; 23 / 65 ( 35 % ) ; 2.5V          ; --           ;
; 6        ; 19 / 58 ( 33 % ) ; 2.5V          ; --           ;
; 7        ; 45 / 72 ( 63 % ) ; 2.5V          ; --           ;
; 8        ; 35 / 71 ( 49 % ) ; 2.5V          ; --           ;
+----------+------------------+---------------+--------------+


+-----------------------------------------------------------------------------------------------------------------------------------------------------------------------------------------+
; All Package Pins                                                                                                                                                                        ;
+----------+------------+----------+-----------------------------------------------------------+--------+--------------+---------+------------+-----------------+----------+--------------+
; Location ; Pad Number ; I/O Bank ; Pin Name/Usage                                            ; Dir.   ; I/O Standard ; Voltage ; I/O Type   ; User Assignment ; Bus Hold ; Weak Pull Up ;
+----------+------------+----------+-----------------------------------------------------------+--------+--------------+---------+------------+-----------------+----------+--------------+
; A2       ;            ; 8        ; VCCIO8                                                    ; power  ;              ; 2.5V    ; --         ;                 ; --       ; --           ;
; A3       ; 535        ; 8        ; RESERVED_INPUT_WITH_WEAK_PULLUP                           ;        ;              ;         ; Column I/O ;                 ; no       ; On           ;
; A4       ; 532        ; 8        ; RESERVED_INPUT_WITH_WEAK_PULLUP                           ;        ;              ;         ; Column I/O ;                 ; no       ; On           ;
; A5       ;            ; 8        ; VCCIO8                                                    ; power  ;              ; 2.5V    ; --         ;                 ; --       ; --           ;
; A6       ; 504        ; 8        ; memDataIn[18]                                             ; output ; 2.5 V        ;         ; Column I/O ; N               ; no       ; Off          ;
; A7       ; 501        ; 8        ; T_Info[2]                                                 ; output ; 2.5 V        ;         ; Column I/O ; N               ; no       ; Off          ;
; A8       ; 517        ; 8        ; RESERVED_INPUT_WITH_WEAK_PULLUP                           ;        ;              ;         ; Column I/O ;                 ; no       ; On           ;
; A9       ;            ; 8        ; VCCIO8                                                    ; power  ;              ; 2.5V    ; --         ;                 ; --       ; --           ;
; A10      ; 491        ; 8        ; outPC[7]                                                  ; output ; 2.5 V        ;         ; Column I/O ; N               ; no       ; Off          ;
; A11      ; 487        ; 8        ; outIR[19]                                                 ; output ; 2.5 V        ;         ; Column I/O ; N               ; no       ; Off          ;
; A12      ; 482        ; 8        ; outB[19]                                                  ; output ; 2.5 V        ;         ; Column I/O ; N               ; no       ; Off          ;
; A13      ;            ; 8        ; VCCIO8                                                    ; power  ;              ; 2.5V    ; --         ;                 ; --       ; --           ;
; A14      ; 472        ; 8        ; GND+                                                      ;        ;              ;         ; Column I/O ;                 ; --       ; --           ;
; A15      ; 470        ; 7        ; GND+                                                      ;        ;              ;         ; Column I/O ;                 ; --       ; --           ;
; A16      ;            ; 7        ; VCCIO7                                                    ; power  ;              ; 2.5V    ; --         ;                 ; --       ; --           ;
; A17      ; 462        ; 7        ; outIR[5]                                                  ; output ; 2.5 V        ;         ; Column I/O ; N               ; no       ; Off          ;
; A18      ; 442        ; 7        ; memDataOut[7]                                             ; output ; 2.5 V        ;         ; Column I/O ; N               ; no       ; Off          ;
; A19      ; 440        ; 7        ; outB[12]                                                  ; output ; 2.5 V        ;         ; Column I/O ; N               ; no       ; Off          ;
; A20      ;            ; 7        ; VCCIO7                                                    ; power  ;              ; 2.5V    ; --         ;                 ; --       ; --           ;
; A21      ; 425        ; 7        ; RESERVED_INPUT_WITH_WEAK_PULLUP                           ;        ;              ;         ; Column I/O ;                 ; no       ; On           ;
; A22      ; 423        ; 7        ; RESERVED_INPUT_WITH_WEAK_PULLUP                           ;        ;              ;         ; Column I/O ;                 ; no       ; On           ;
; A23      ; 412        ; 7        ; RESERVED_INPUT_WITH_WEAK_PULLUP                           ;        ;              ;         ; Column I/O ;                 ; no       ; On           ;
; A24      ;            ; 7        ; VCCIO7                                                    ; power  ;              ; 2.5V    ; --         ;                 ; --       ; --           ;
; A25      ; 405        ; 7        ; RESERVED_INPUT_WITH_WEAK_PULLUP                           ;        ;              ;         ; Column I/O ;                 ; no       ; On           ;
; A26      ; 404        ; 7        ; RESERVED_INPUT_WITH_WEAK_PULLUP                           ;        ;              ;         ; Column I/O ;                 ; no       ; On           ;
; A27      ;            ; 7        ; VCCIO7                                                    ; power  ;              ; 2.5V    ; --         ;                 ; --       ; --           ;
; AA1      ;            ; 2        ; VCCIO2                                                    ; power  ;              ; 2.5V    ; --         ;                 ; --       ; --           ;
; AA2      ;            ;          ; GND                                                       ; gnd    ;              ;         ; --         ;                 ; --       ; --           ;
; AA3      ; 102        ; 2        ; RESERVED_INPUT_WITH_WEAK_PULLUP                           ;        ;              ;         ; Row I/O    ;                 ; no       ; On           ;
; AA4      ; 101        ; 2        ; RESERVED_INPUT_WITH_WEAK_PULLUP                           ;        ;              ;         ; Row I/O    ;                 ; no       ; On           ;
; AA5      ; 119        ; 2        ; RESERVED_INPUT_WITH_WEAK_PULLUP                           ;        ;              ;         ; Row I/O    ;                 ; no       ; On           ;
; AA6      ; 118        ; 2        ; RESERVED_INPUT_WITH_WEAK_PULLUP                           ;        ;              ;         ; Row I/O    ;                 ; no       ; On           ;
; AA7      ; 120        ; 2        ; RESERVED_INPUT_WITH_WEAK_PULLUP                           ;        ;              ;         ; Row I/O    ;                 ; no       ; On           ;
; AA8      ; 154        ; 3        ; RESERVED_INPUT_WITH_WEAK_PULLUP                           ;        ;              ;         ; Column I/O ;                 ; no       ; On           ;
; AA9      ;            ;          ; GNDA1                                                     ; gnd    ;              ;         ; --         ;                 ; --       ; --           ;
; AA10     ; 155        ; 3        ; RESERVED_INPUT_WITH_WEAK_PULLUP                           ;        ;              ;         ; Column I/O ;                 ; no       ; On           ;
; AA11     ;            ; 3        ; VCCIO3                                                    ; power  ;              ; 2.5V    ; --         ;                 ; --       ; --           ;
; AA12     ; 188        ; 3        ; T_Info[1]                                                 ; output ; 2.5 V        ;         ; Column I/O ; N               ; no       ; Off          ;
; AA13     ; 190        ; 3        ; outB[6]                                                   ; output ; 2.5 V        ;         ; Column I/O ; N               ; no       ; Off          ;
; AA14     ; 191        ; 3        ; outA[31]                                                  ; output ; 2.5 V        ;         ; Column I/O ; N               ; no       ; Off          ;
; AA15     ; 213        ; 4        ; outIR[8]                                                  ; output ; 2.5 V        ;         ; Column I/O ; N               ; no       ; Off          ;
; AA16     ; 211        ; 4        ; outIR[1]                                                  ; output ; 2.5 V        ;         ; Column I/O ; N               ; no       ; Off          ;
; AA17     ; 241        ; 4        ; outPC[20]                                                 ; output ; 2.5 V        ;         ; Column I/O ; N               ; no       ; Off          ;
; AA18     ;            ; 4        ; VCCIO4                                                    ; power  ;              ; 2.5V    ; --         ;                 ; --       ; --           ;
; AA19     ; 264        ; 4        ; RESERVED_INPUT_WITH_WEAK_PULLUP                           ;        ;              ;         ; Column I/O ;                 ; no       ; On           ;
; AA20     ;            ;          ; GNDA4                                                     ; gnd    ;              ;         ; --         ;                 ; --       ; --           ;
; AA21     ; 269        ; 4        ; RESERVED_INPUT_WITH_WEAK_PULLUP                           ;        ;              ;         ; Column I/O ;                 ; no       ; On           ;
; AA22     ; 275        ; 5        ; RESERVED_INPUT_WITH_WEAK_PULLUP                           ;        ;              ;         ; Row I/O    ;                 ; no       ; On           ;
; AA23     ; 280        ; 5        ; RESERVED_INPUT_WITH_WEAK_PULLUP                           ;        ;              ;         ; Row I/O    ;                 ; no       ; On           ;
; AA24     ; 279        ; 5        ; RESERVED_INPUT_WITH_WEAK_PULLUP                           ;        ;              ;         ; Row I/O    ;                 ; --       ; --           ;
; AA25     ; 294        ; 5        ; RESERVED_INPUT_WITH_WEAK_PULLUP                           ;        ;              ;         ; Row I/O    ;                 ; no       ; On           ;
; AA26     ; 293        ; 5        ; RESERVED_INPUT_WITH_WEAK_PULLUP                           ;        ;              ;         ; Row I/O    ;                 ; no       ; On           ;
; AA27     ;            ;          ; GND                                                       ; gnd    ;              ;         ; --         ;                 ; --       ; --           ;
; AA28     ;            ; 5        ; VCCIO5                                                    ; power  ;              ; 2.5V    ; --         ;                 ; --       ; --           ;
; AB1      ; 86         ; 2        ; RESERVED_INPUT_WITH_WEAK_PULLUP                           ;        ;              ;         ; Row I/O    ;                 ; no       ; On           ;
; AB2      ; 85         ; 2        ; RESERVED_INPUT_WITH_WEAK_PULLUP                           ;        ;              ;         ; Row I/O    ;                 ; no       ; On           ;
; AB3      ; 99         ; 2        ; RESERVED_INPUT_WITH_WEAK_PULLUP                           ;        ;              ;         ; Row I/O    ;                 ; no       ; On           ;
; AB4      ; 121        ; 2        ; RESERVED_INPUT_WITH_WEAK_PULLUP                           ;        ;              ;         ; Row I/O    ;                 ; --       ; --           ;
; AB5      ; 127        ; 2        ; RESERVED_INPUT_WITH_WEAK_PULLUP                           ;        ;              ;         ; Row I/O    ;                 ; no       ; On           ;
; AB6      ; 126        ; 2        ; RESERVED_INPUT_WITH_WEAK_PULLUP                           ;        ;              ;         ; Row I/O    ;                 ; no       ; On           ;
; AB7      ; 152        ; 3        ; RESERVED_INPUT_WITH_WEAK_PULLUP                           ;        ;              ;         ; Column I/O ;                 ; no       ; On           ;
; AB8      ; 148        ; 3        ; RESERVED_INPUT_WITH_WEAK_PULLUP                           ;        ;              ;         ; Column I/O ;                 ; no       ; On           ;
; AB9      ; 147        ; 3        ; RESERVED_INPUT_WITH_WEAK_PULLUP                           ;        ;              ;         ; Column I/O ;                 ; no       ; On           ;
; AB10     ; 173        ; 3        ; outIR[17]                                                 ; output ; 2.5 V        ;         ; Column I/O ; N               ; no       ; Off          ;
; AB11     ; 164        ; 3        ; RESERVED_INPUT_WITH_WEAK_PULLUP                           ;        ;              ;         ; Column I/O ;                 ; --       ; --           ;
; AB12     ; 180        ; 3        ; outA[29]                                                  ; output ; 2.5 V        ;         ; Column I/O ; N               ; no       ; Off          ;
; AB13     ; 181        ; 3        ; memDataIn[19]                                             ; output ; 2.5 V        ;         ; Column I/O ; N               ; no       ; Off          ;
; AB14     ; 192        ; 3        ; outA[25]                                                  ; output ; 2.5 V        ;         ; Column I/O ; N               ; no       ; Off          ;
; AB15     ; 214        ; 4        ; outIR[7]                                                  ; output ; 2.5 V        ;         ; Column I/O ; N               ; no       ; Off          ;
; AB16     ; 212        ; 4        ; memDataIn[6]                                              ; output ; 2.5 V        ;         ; Column I/O ; N               ; no       ; Off          ;
; AB17     ; 242        ; 4        ; memDataOut[10]                                            ; output ; 2.5 V        ;         ; Column I/O ; N               ; no       ; Off          ;
; AB18     ; 254        ; 4        ; RESERVED_INPUT_WITH_WEAK_PULLUP                           ;        ;              ;         ; Column I/O ;                 ; no       ; On           ;
; AB19     ; 253        ; 4        ; RESERVED_INPUT_WITH_WEAK_PULLUP                           ;        ;              ;         ; Column I/O ;                 ; no       ; On           ;
; AB20     ; 257        ; 4        ; RESERVED_INPUT_WITH_WEAK_PULLUP                           ;        ;              ;         ; Column I/O ;                 ; --       ; --           ;
; AB21     ; 266        ; 4        ; RESERVED_INPUT_WITH_WEAK_PULLUP                           ;        ;              ;         ; Column I/O ;                 ; no       ; On           ;
; AB22     ; 265        ; 4        ; RESERVED_INPUT_WITH_WEAK_PULLUP                           ;        ;              ;         ; Column I/O ;                 ; no       ; On           ;
; AB23     ; 276        ; 5        ; RESERVED_INPUT_WITH_WEAK_PULLUP                           ;        ;              ;         ; Row I/O    ;                 ; no       ; On           ;
; AB24     ; 274        ; 5        ; RESERVED_INPUT_WITH_WEAK_PULLUP                           ;        ;              ;         ; Row I/O    ;                 ; no       ; On           ;
; AB25     ; 292        ; 5        ; RESERVED_INPUT_WITH_WEAK_PULLUP                           ;        ;              ;         ; Row I/O    ;                 ; no       ; On           ;
; AB26     ; 291        ; 5        ; RESERVED_INPUT_WITH_WEAK_PULLUP                           ;        ;              ;         ; Row I/O    ;                 ; no       ; On           ;
; AB27     ; 296        ; 5        ; RESERVED_INPUT_WITH_WEAK_PULLUP                           ;        ;              ;         ; Row I/O    ;                 ; no       ; On           ;
; AB28     ; 295        ; 5        ; RESERVED_INPUT_WITH_WEAK_PULLUP                           ;        ;              ;         ; Row I/O    ;                 ; no       ; On           ;
; AC1      ; 94         ; 2        ; RESERVED_INPUT_WITH_WEAK_PULLUP                           ;        ;              ;         ; Row I/O    ;                 ; no       ; On           ;
; AC2      ; 93         ; 2        ; RESERVED_INPUT_WITH_WEAK_PULLUP                           ;        ;              ;         ; Row I/O    ;                 ; no       ; On           ;
; AC3      ; 95         ; 2        ; RESERVED_INPUT_WITH_WEAK_PULLUP                           ;        ;              ;         ; Row I/O    ;                 ; no       ; On           ;
; AC4      ; 125        ; 2        ; RESERVED_INPUT_WITH_WEAK_PULLUP                           ;        ;              ;         ; Row I/O    ;                 ; no       ; On           ;
; AC5      ; 124        ; 2        ; RESERVED_INPUT_WITH_WEAK_PULLUP                           ;        ;              ;         ; Row I/O    ;                 ; no       ; On           ;
; AC6      ;            ;          ; GND                                                       ; gnd    ;              ;         ; --         ;                 ; --       ; --           ;
; AC7      ; 144        ; 3        ; RESERVED_INPUT_WITH_WEAK_PULLUP                           ;        ;              ;         ; Column I/O ;                 ; no       ; On           ;
; AC8      ; 153        ; 3        ; RESERVED_INPUT_WITH_WEAK_PULLUP                           ;        ;              ;         ; Column I/O ;                 ; no       ; On           ;
; AC9      ;            ;          ; GND                                                       ; gnd    ;              ;         ; --         ;                 ; --       ; --           ;
; AC10     ; 174        ; 3        ; outIR[20]                                                 ; output ; 2.5 V        ;         ; Column I/O ; N               ; no       ; Off          ;
; AC11     ; 185        ; 3        ; outIR[30]                                                 ; output ; 2.5 V        ;         ; Column I/O ; N               ; no       ; Off          ;
; AC12     ; 179        ; 3        ; outPC[6]                                                  ; output ; 2.5 V        ;         ; Column I/O ; N               ; no       ; Off          ;
; AC13     ;            ;          ; GND                                                       ; gnd    ;              ;         ; --         ;                 ; --       ; --           ;
; AC14     ; 195        ; 3        ; memDataIn[15]                                             ; output ; 2.5 V        ;         ; Column I/O ; N               ; no       ; Off          ;
; AC15     ; 203        ; 4        ; outIR[31]                                                 ; output ; 2.5 V        ;         ; Column I/O ; N               ; no       ; Off          ;
; AC16     ;            ;          ; GND                                                       ; gnd    ;              ;         ; --         ;                 ; --       ; --           ;
; AC17     ; 221        ; 4        ; outA[2]                                                   ; output ; 2.5 V        ;         ; Column I/O ; N               ; no       ; Off          ;
; AC18     ; 240        ; 4        ; RESERVED_INPUT_WITH_WEAK_PULLUP                           ;        ;              ;         ; Column I/O ;                 ; --       ; --           ;
; AC19     ; 247        ; 4        ; RESERVED_INPUT_WITH_WEAK_PULLUP                           ;        ;              ;         ; Column I/O ;                 ; no       ; On           ;
; AC20     ;            ;          ; GND                                                       ; gnd    ;              ;         ; --         ;                 ; --       ; --           ;
; AC21     ; 258        ; 4        ; RESERVED_INPUT_WITH_WEAK_PULLUP                           ;        ;              ;         ; Column I/O ;                 ; no       ; On           ;
; AC22     ; 267        ; 4        ; RESERVED_INPUT_WITH_WEAK_PULLUP                           ;        ;              ;         ; Column I/O ;                 ; no       ; On           ;
; AC23     ;            ;          ; GND                                                       ; gnd    ;              ;         ; --         ;                 ; --       ; --           ;
; AC24     ; 273        ; 5        ; en_mem                                                    ; output ; 2.5 V        ;         ; Row I/O    ; N               ; no       ; Off          ;
; AC25     ; 272        ; 5        ; RESERVED_INPUT_WITH_WEAK_PULLUP                           ;        ;              ;         ; Row I/O    ;                 ; no       ; On           ;
; AC26     ; 282        ; 5        ; RESERVED_INPUT_WITH_WEAK_PULLUP                           ;        ;              ;         ; Row I/O    ;                 ; no       ; On           ;
; AC27     ; 290        ; 5        ; RESERVED_INPUT_WITH_WEAK_PULLUP                           ;        ;              ;         ; Row I/O    ;                 ; no       ; On           ;
; AC28     ; 289        ; 5        ; RESERVED_INPUT_WITH_WEAK_PULLUP                           ;        ;              ;         ; Row I/O    ;                 ; no       ; On           ;
; AD1      ; 98         ; 2        ; RESERVED_INPUT_WITH_WEAK_PULLUP                           ;        ;              ;         ; Row I/O    ;                 ; no       ; On           ;
; AD2      ; 97         ; 2        ; RESERVED_INPUT_WITH_WEAK_PULLUP                           ;        ;              ;         ; Row I/O    ;                 ; no       ; On           ;
; AD3      ; 96         ; 2        ; RESERVED_INPUT_WITH_WEAK_PULLUP                           ;        ;              ;         ; Row I/O    ;                 ; no       ; On           ;
; AD4      ; 130        ; 3        ; RESERVED_INPUT_WITH_WEAK_PULLUP                           ;        ;              ;         ; Column I/O ;                 ; no       ; On           ;
; AD5      ; 128        ; 3        ; RESERVED_INPUT_WITH_WEAK_PULLUP                           ;        ;              ;         ; Column I/O ;                 ; no       ; On           ;
; AD6      ;            ; 3        ; VCCIO3                                                    ; power  ;              ; 2.5V    ; --         ;                 ; --       ; --           ;
; AD7      ; 134        ; 3        ; RESERVED_INPUT_WITH_WEAK_PULLUP                           ;        ;              ;         ; Column I/O ;                 ; no       ; On           ;
; AD8      ; 143        ; 3        ; RESERVED_INPUT_WITH_WEAK_PULLUP                           ;        ;              ;         ; Column I/O ;                 ; no       ; On           ;
; AD9      ;            ; 3        ; VCCIO3                                                    ; power  ;              ; 2.5V    ; --         ;                 ; --       ; --           ;
; AD10     ; 149        ; 3        ; RESERVED_INPUT_WITH_WEAK_PULLUP                           ;        ;              ;         ; Column I/O ;                 ; no       ; On           ;
; AD11     ; 186        ; 3        ; outB[3]                                                   ; output ; 2.5 V        ;         ; Column I/O ; N               ; no       ; Off          ;
; AD12     ; 182        ; 3        ; memDataOut[29]                                            ; output ; 2.5 V        ;         ; Column I/O ; N               ; no       ; Off          ;
; AD13     ;            ; 3        ; VCCIO3                                                    ; power  ;              ; 2.5V    ; --         ;                 ; --       ; --           ;
; AD14     ; 196        ; 3        ; memDataIn[27]                                             ; output ; 2.5 V        ;         ; Column I/O ; N               ; no       ; Off          ;
; AD15     ; 204        ; 4        ; outA[1]                                                   ; output ; 2.5 V        ;         ; Column I/O ; N               ; no       ; Off          ;
; AD16     ;            ; 4        ; VCCIO4                                                    ; power  ;              ; 2.5V    ; --         ;                 ; --       ; --           ;
; AD17     ; 222        ; 4        ; outA[27]                                                  ; output ; 2.5 V        ;         ; Column I/O ; N               ; no       ; Off          ;
; AD18     ; 237        ; 4        ; addrOut[3]                                                ; output ; 2.5 V        ;         ; Column I/O ; N               ; no       ; Off          ;
; AD19     ; 248        ; 4        ; RESERVED_INPUT_WITH_WEAK_PULLUP                           ;        ;              ;         ; Column I/O ;                 ; no       ; On           ;
; AD20     ;            ; 4        ; VCCIO4                                                    ; power  ;              ; 2.5V    ; --         ;                 ; --       ; --           ;
; AD21     ; 259        ; 4        ; RESERVED_INPUT_WITH_WEAK_PULLUP                           ;        ;              ;         ; Column I/O ;                 ; no       ; On           ;
; AD22     ; 268        ; 4        ; RESERVED_INPUT_WITH_WEAK_PULLUP                           ;        ;              ;         ; Column I/O ;                 ; no       ; On           ;
; AD23     ;            ; 4        ; VCCIO4                                                    ; power  ;              ; 2.5V    ; --         ;                 ; --       ; --           ;
; AD24     ; 260        ; 4        ; RESERVED_INPUT_WITH_WEAK_PULLUP                           ;        ;              ;         ; Column I/O ;                 ; no       ; On           ;
; AD25     ; 255        ; 4        ; RESERVED_INPUT_WITH_WEAK_PULLUP                           ;        ;              ;         ; Column I/O ;                 ; no       ; On           ;
; AD26     ; 281        ; 5        ; RESERVED_INPUT_WITH_WEAK_PULLUP                           ;        ;              ;         ; Row I/O    ;                 ; no       ; On           ;
; AD27     ; 286        ; 5        ; RESERVED_INPUT_WITH_WEAK_PULLUP                           ;        ;              ;         ; Row I/O    ;                 ; no       ; On           ;
; AD28     ; 285        ; 5        ; RESERVED_INPUT_WITH_WEAK_PULLUP                           ;        ;              ;         ; Row I/O    ;                 ; no       ; On           ;
; AE1      ; 106        ; 2        ; RESERVED_INPUT_WITH_WEAK_PULLUP                           ;        ;              ;         ; Row I/O    ;                 ; no       ; On           ;
; AE2      ; 105        ; 2        ; RESERVED_INPUT_WITH_WEAK_PULLUP                           ;        ;              ;         ; Row I/O    ;                 ; no       ; On           ;
; AE3      ; 122        ; 2        ; RESERVED_INPUT_WITH_WEAK_PULLUP                           ;        ;              ;         ; Row I/O    ;                 ; no       ; On           ;
; AE4      ; 132        ; 3        ; RESERVED_INPUT_WITH_WEAK_PULLUP                           ;        ;              ;         ; Column I/O ;                 ; no       ; On           ;
; AE5      ; 135        ; 3        ; RESERVED_INPUT_WITH_WEAK_PULLUP                           ;        ;              ;         ; Column I/O ;                 ; no       ; On           ;
; AE6      ; 129        ; 3        ; RESERVED_INPUT_WITH_WEAK_PULLUP                           ;        ;              ;         ; Column I/O ;                 ; no       ; On           ;
; AE7      ; 158        ; 3        ; RESERVED_INPUT_WITH_WEAK_PULLUP                           ;        ;              ;         ; Column I/O ;                 ; no       ; On           ;
; AE8      ; 161        ; 3        ; RESERVED_INPUT_WITH_WEAK_PULLUP                           ;        ;              ;         ; Column I/O ;                 ; no       ; On           ;
; AE9      ; 163        ; 3        ; RESERVED_INPUT_WITH_WEAK_PULLUP                           ;        ;              ;         ; Column I/O ;                 ; no       ; On           ;
; AE10     ; 165        ; 3        ; RESERVED_INPUT_WITH_WEAK_PULLUP                           ;        ;              ;         ; Column I/O ;                 ; no       ; On           ;
; AE11     ; 171        ; 3        ; memDataOut[21]                                            ; output ; 2.5 V        ;         ; Column I/O ; N               ; no       ; Off          ;
; AE12     ; 169        ; 3        ; outA[26]                                                  ; output ; 2.5 V        ;         ; Column I/O ; N               ; no       ; Off          ;
; AE13     ; 177        ; 3        ; outPC[14]                                                 ; output ; 2.5 V        ;         ; Column I/O ; N               ; no       ; Off          ;
; AE14     ; 183        ; 3        ; memDataOut[23]                                            ; output ; 2.5 V        ;         ; Column I/O ; N               ; no       ; Off          ;
; AE15     ; 205        ; 4        ; outIR[6]                                                  ; output ; 2.5 V        ;         ; Column I/O ; N               ; no       ; Off          ;
; AE16     ; 209        ; 4        ; memDataOut[3]                                             ; output ; 2.5 V        ;         ; Column I/O ; N               ; no       ; Off          ;
; AE17     ; 215        ; 4        ; outIR[3]                                                  ; output ; 2.5 V        ;         ; Column I/O ; N               ; no       ; Off          ;
; AE18     ; 225        ; 4        ; memDataIn[13]                                             ; output ; 2.5 V        ;         ; Column I/O ; N               ; no       ; Off          ;
; AE19     ; 231        ; 4        ; outPC[30]                                                 ; output ; 2.5 V        ;         ; Column I/O ; N               ; no       ; Off          ;
; AE20     ; 235        ; 4        ; outPC[3]                                                  ; output ; 2.5 V        ;         ; Column I/O ; N               ; no       ; Off          ;
; AE21     ; 238        ; 4        ; memDataOut[9]                                             ; output ; 2.5 V        ;         ; Column I/O ; N               ; no       ; Off          ;
; AE22     ; 251        ; 4        ; RESERVED_INPUT_WITH_WEAK_PULLUP                           ;        ;              ;         ; Column I/O ;                 ; no       ; On           ;
; AE23     ; 261        ; 4        ; RESERVED_INPUT_WITH_WEAK_PULLUP                           ;        ;              ;         ; Column I/O ;                 ; no       ; On           ;
; AE24     ; 256        ; 4        ; RESERVED_INPUT_WITH_WEAK_PULLUP                           ;        ;              ;         ; Column I/O ;                 ; no       ; On           ;
; AE25     ; 243        ; 4        ; RESERVED_INPUT_WITH_WEAK_PULLUP                           ;        ;              ;         ; Column I/O ;                 ; no       ; On           ;
; AE26     ; 278        ; 5        ; RESERVED_INPUT_WITH_WEAK_PULLUP                           ;        ;              ;         ; Row I/O    ;                 ; no       ; On           ;
; AE27     ; 284        ; 5        ; RESERVED_INPUT_WITH_WEAK_PULLUP                           ;        ;              ;         ; Row I/O    ;                 ; no       ; On           ;
; AE28     ; 283        ; 5        ; RESERVED_INPUT_WITH_WEAK_PULLUP                           ;        ;              ;         ; Row I/O    ;                 ; no       ; On           ;
; AF1      ;            ;          ; GND                                                       ; gnd    ;              ;         ; --         ;                 ; --       ; --           ;
; AF2      ; 123        ; 2        ; RESERVED_INPUT_WITH_WEAK_PULLUP                           ;        ;              ;         ; Row I/O    ;                 ; no       ; On           ;
; AF3      ; 138        ; 3        ; RESERVED_INPUT_WITH_WEAK_PULLUP                           ;        ;              ;         ; Column I/O ;                 ; no       ; On           ;
; AF4      ; 131        ; 3        ; RESERVED_INPUT_WITH_WEAK_PULLUP                           ;        ;              ;         ; Column I/O ;                 ; no       ; On           ;
; AF5      ; 136        ; 3        ; RESERVED_INPUT_WITH_WEAK_PULLUP                           ;        ;              ;         ; Column I/O ;                 ; no       ; On           ;
; AF6      ; 139        ; 3        ; RESERVED_INPUT_WITH_WEAK_PULLUP                           ;        ;              ;         ; Column I/O ;                 ; no       ; On           ;
; AF7      ; 159        ; 3        ; outC                                                      ; output ; 2.5 V        ;         ; Column I/O ; N               ; no       ; Off          ;
; AF8      ; 162        ; 3        ; RESERVED_INPUT_WITH_WEAK_PULLUP                           ;        ;              ;         ; Column I/O ;                 ; no       ; On           ;
; AF9      ; 160        ; 3        ; RESERVED_INPUT_WITH_WEAK_PULLUP                           ;        ;              ;         ; Column I/O ;                 ; no       ; On           ;
; AF10     ; 166        ; 3        ; RESERVED_INPUT_WITH_WEAK_PULLUP                           ;        ;              ;         ; Column I/O ;                 ; no       ; On           ;
; AF11     ; 172        ; 3        ; memDataOut[22]                                            ; output ; 2.5 V        ;         ; Column I/O ; N               ; no       ; Off          ;
; AF12     ; 170        ; 3        ; memDataOut[20]                                            ; output ; 2.5 V        ;         ; Column I/O ; N               ; no       ; Off          ;
; AF13     ; 178        ; 3        ; outPC[25]                                                 ; output ; 2.5 V        ;         ; Column I/O ; N               ; no       ; Off          ;
; AF14     ; 184        ; 3        ; memDataOut[15]                                            ; output ; 2.5 V        ;         ; Column I/O ; N               ; no       ; Off          ;
; AF15     ; 206        ; 4        ; outIR[29]                                                 ; output ; 2.5 V        ;         ; Column I/O ; N               ; no       ; Off          ;
; AF16     ; 210        ; 4        ; outB[17]                                                  ; output ; 2.5 V        ;         ; Column I/O ; N               ; no       ; Off          ;
; AF17     ; 216        ; 4        ; outIR[12]                                                 ; output ; 2.5 V        ;         ; Column I/O ; N               ; no       ; Off          ;
; AF18     ; 226        ; 4        ; memDataOut[6]                                             ; output ; 2.5 V        ;         ; Column I/O ; N               ; no       ; Off          ;
; AF19     ; 232        ; 4        ; outPC[16]                                                 ; output ; 2.5 V        ;         ; Column I/O ; N               ; no       ; Off          ;
; AF20     ; 236        ; 4        ; outPC[27]                                                 ; output ; 2.5 V        ;         ; Column I/O ; N               ; no       ; Off          ;
; AF21     ; 239        ; 4        ; RESERVED_INPUT_WITH_WEAK_PULLUP                           ;        ;              ;         ; Column I/O ;                 ; no       ; On           ;
; AF22     ; 252        ; 4        ; RESERVED_INPUT_WITH_WEAK_PULLUP                           ;        ;              ;         ; Column I/O ;                 ; no       ; On           ;
; AF23     ; 262        ; 4        ; RESERVED_INPUT_WITH_WEAK_PULLUP                           ;        ;              ;         ; Column I/O ;                 ; no       ; On           ;
; AF24     ; 233        ; 4        ; memDataIn[1]                                              ; output ; 2.5 V        ;         ; Column I/O ; N               ; no       ; Off          ;
; AF25     ; 234        ; 4        ; outPC[12]                                                 ; output ; 2.5 V        ;         ; Column I/O ; N               ; no       ; Off          ;
; AF26     ; 244        ; 4        ; RESERVED_INPUT_WITH_WEAK_PULLUP                           ;        ;              ;         ; Column I/O ;                 ; no       ; On           ;
; AF27     ; 277        ; 5        ; RESERVED_INPUT_WITH_WEAK_PULLUP                           ;        ;              ;         ; Row I/O    ;                 ; no       ; On           ;
; AF28     ;            ;          ; GND                                                       ; gnd    ;              ;         ; --         ;                 ; --       ; --           ;
; AG1      ;            ; 2        ; VCCIO2                                                    ; power  ;              ; 2.5V    ; --         ;                 ; --       ; --           ;
; AG2      ;            ;          ; GND                                                       ; gnd    ;              ;         ; --         ;                 ; --       ; --           ;
; AG3      ; 133        ; 3        ; RESERVED_INPUT_WITH_WEAK_PULLUP                           ;        ;              ;         ; Column I/O ;                 ; no       ; On           ;
; AG4      ; 141        ; 3        ; RESERVED_INPUT_WITH_WEAK_PULLUP                           ;        ;              ;         ; Column I/O ;                 ; no       ; On           ;
; AG5      ;            ;          ; GND                                                       ; gnd    ;              ;         ; --         ;                 ; --       ; --           ;
; AG6      ; 145        ; 3        ; RESERVED_INPUT_WITH_WEAK_PULLUP                           ;        ;              ;         ; Column I/O ;                 ; no       ; On           ;
; AG7      ; 150        ; 3        ; RESERVED_INPUT_WITH_WEAK_PULLUP                           ;        ;              ;         ; Column I/O ;                 ; no       ; On           ;
; AG8      ; 156        ; 3        ; RESERVED_INPUT_WITH_WEAK_PULLUP                           ;        ;              ;         ; Column I/O ;                 ; no       ; On           ;
; AG9      ;            ;          ; GND                                                       ; gnd    ;              ;         ; --         ;                 ; --       ; --           ;
; AG10     ; 167        ; 3        ; outA[24]                                                  ; output ; 2.5 V        ;         ; Column I/O ; N               ; no       ; Off          ;
; AG11     ; 175        ; 3        ; memDataOut[0]                                             ; output ; 2.5 V        ;         ; Column I/O ; N               ; no       ; Off          ;
; AG12     ; 193        ; 3        ; memDataOut[4]                                             ; output ; 2.5 V        ;         ; Column I/O ; N               ; no       ; Off          ;
; AG13     ;            ;          ; GND                                                       ; gnd    ;              ;         ; --         ;                 ; --       ; --           ;
; AG14     ; 199        ; 3        ; GND+                                                      ;        ;              ;         ; Column I/O ;                 ; --       ; --           ;
; AG15     ; 201        ; 4        ; GND+                                                      ;        ;              ;         ; Column I/O ;                 ; --       ; --           ;
; AG16     ;            ;          ; GND                                                       ; gnd    ;              ;         ; --         ;                 ; --       ; --           ;
; AG17     ; 207        ; 4        ; memDataIn[2]                                              ; output ; 2.5 V        ;         ; Column I/O ; N               ; no       ; Off          ;
; AG18     ; 217        ; 4        ; outA[17]                                                  ; output ; 2.5 V        ;         ; Column I/O ; N               ; no       ; Off          ;
; AG19     ; 219        ; 4        ; outPC[8]                                                  ; output ; 2.5 V        ;         ; Column I/O ; N               ; no       ; Off          ;
; AG20     ;            ;          ; GND                                                       ; gnd    ;              ;         ; --         ;                 ; --       ; --           ;
; AG21     ; 223        ; 4        ; outB[0]                                                   ; output ; 2.5 V        ;         ; Column I/O ; N               ; no       ; Off          ;
; AG22     ; 227        ; 4        ; outA[0]                                                   ; output ; 2.5 V        ;         ; Column I/O ; N               ; no       ; Off          ;
; AG23     ; 229        ; 4        ; outPC[13]                                                 ; output ; 2.5 V        ;         ; Column I/O ; N               ; no       ; Off          ;
; AG24     ;            ;          ; GND                                                       ; gnd    ;              ;         ; --         ;                 ; --       ; --           ;
; AG25     ; 245        ; 4        ; RESERVED_INPUT_WITH_WEAK_PULLUP                           ;        ;              ;         ; Column I/O ;                 ; no       ; On           ;
; AG26     ; 270        ; 4        ; RESERVED_INPUT_WITH_WEAK_PULLUP                           ;        ;              ;         ; Column I/O ;                 ; no       ; On           ;
; AG27     ;            ;          ; GND                                                       ; gnd    ;              ;         ; --         ;                 ; --       ; --           ;
; AG28     ;            ; 5        ; VCCIO5                                                    ; power  ;              ; 2.5V    ; --         ;                 ; --       ; --           ;
; AH2      ;            ; 3        ; VCCIO3                                                    ; power  ;              ; 2.5V    ; --         ;                 ; --       ; --           ;
; AH3      ; 137        ; 3        ; RESERVED_INPUT_WITH_WEAK_PULLUP                           ;        ;              ;         ; Column I/O ;                 ; no       ; On           ;
; AH4      ; 142        ; 3        ; RESERVED_INPUT_WITH_WEAK_PULLUP                           ;        ;              ;         ; Column I/O ;                 ; no       ; On           ;
; AH5      ;            ; 3        ; VCCIO3                                                    ; power  ;              ; 2.5V    ; --         ;                 ; --       ; --           ;
; AH6      ; 146        ; 3        ; RESERVED_INPUT_WITH_WEAK_PULLUP                           ;        ;              ;         ; Column I/O ;                 ; no       ; On           ;
; AH7      ; 151        ; 3        ; RESERVED_INPUT_WITH_WEAK_PULLUP                           ;        ;              ;         ; Column I/O ;                 ; no       ; On           ;
; AH8      ; 157        ; 3        ; RESERVED_INPUT_WITH_WEAK_PULLUP                           ;        ;              ;         ; Column I/O ;                 ; no       ; On           ;
; AH9      ;            ; 3        ; VCCIO3                                                    ; power  ;              ; 2.5V    ; --         ;                 ; --       ; --           ;
; AH10     ; 168        ; 3        ; RESERVED_INPUT_WITH_WEAK_PULLUP                           ;        ;              ;         ; Column I/O ;                 ; no       ; On           ;
; AH11     ; 176        ; 3        ; memDataOut[13]                                            ; output ; 2.5 V        ;         ; Column I/O ; N               ; no       ; Off          ;
; AH12     ; 194        ; 3        ; outIR[25]                                                 ; output ; 2.5 V        ;         ; Column I/O ; N               ; no       ; Off          ;
; AH13     ;            ; 3        ; VCCIO3                                                    ; power  ;              ; 2.5V    ; --         ;                 ; --       ; --           ;
; AH14     ; 200        ; 3        ; GND+                                                      ;        ;              ;         ; Column I/O ;                 ; --       ; --           ;
; AH15     ; 202        ; 4        ; GND+                                                      ;        ;              ;         ; Column I/O ;                 ; --       ; --           ;
; AH16     ;            ; 4        ; VCCIO4                                                    ; power  ;              ; 2.5V    ; --         ;                 ; --       ; --           ;
; AH17     ; 208        ; 4        ; outB[25]                                                  ; output ; 2.5 V        ;         ; Column I/O ; N               ; no       ; Off          ;
; AH18     ; 218        ; 4        ; memDataIn[7]                                              ; output ; 2.5 V        ;         ; Column I/O ; N               ; no       ; Off          ;
; AH19     ; 220        ; 4        ; outPC[26]                                                 ; output ; 2.5 V        ;         ; Column I/O ; N               ; no       ; Off          ;
; AH20     ;            ; 4        ; VCCIO4                                                    ; power  ;              ; 2.5V    ; --         ;                 ; --       ; --           ;
; AH21     ; 224        ; 4        ; outB[8]                                                   ; output ; 2.5 V        ;         ; Column I/O ; N               ; no       ; Off          ;
; AH22     ; 228        ; 4        ; outB[4]                                                   ; output ; 2.5 V        ;         ; Column I/O ; N               ; no       ; Off          ;
; AH23     ; 230        ; 4        ; outB[13]                                                  ; output ; 2.5 V        ;         ; Column I/O ; N               ; no       ; Off          ;
; AH24     ;            ; 4        ; VCCIO4                                                    ; power  ;              ; 2.5V    ; --         ;                 ; --       ; --           ;
; AH25     ; 246        ; 4        ; RESERVED_INPUT_WITH_WEAK_PULLUP                           ;        ;              ;         ; Column I/O ;                 ; no       ; On           ;
; AH26     ; 271        ; 4        ; RESERVED_INPUT_WITH_WEAK_PULLUP                           ;        ;              ;         ; Column I/O ;                 ; no       ; On           ;
; AH27     ;            ; 4        ; VCCIO4                                                    ; power  ;              ; 2.5V    ; --         ;                 ; --       ; --           ;
; B1       ;            ; 1        ; VCCIO1                                                    ; power  ;              ; 2.5V    ; --         ;                 ; --       ; --           ;
; B2       ;            ;          ; GND                                                       ; gnd    ;              ;         ; --         ;                 ; --       ; --           ;
; B3       ; 534        ; 8        ; RESERVED_INPUT_WITH_WEAK_PULLUP                           ;        ;              ;         ; Column I/O ;                 ; no       ; On           ;
; B4       ; 533        ; 8        ; RESERVED_INPUT_WITH_WEAK_PULLUP                           ;        ;              ;         ; Column I/O ;                 ; no       ; On           ;
; B5       ;            ;          ; GND                                                       ; gnd    ;              ;         ; --         ;                 ; --       ; --           ;
; B6       ; 505        ; 8        ; outA[20]                                                  ; output ; 2.5 V        ;         ; Column I/O ; N               ; no       ; Off          ;
; B7       ; 502        ; 8        ; memDataIn[22]                                             ; output ; 2.5 V        ;         ; Column I/O ; N               ; no       ; Off          ;
; B8       ; 518        ; 8        ; RESERVED_INPUT_WITH_WEAK_PULLUP                           ;        ;              ;         ; Column I/O ;                 ; no       ; On           ;
; B9       ;            ;          ; GND                                                       ; gnd    ;              ;         ; --         ;                 ; --       ; --           ;
; B10      ; 492        ; 8        ; outB[9]                                                   ; output ; 2.5 V        ;         ; Column I/O ; N               ; no       ; Off          ;
; B11      ; 488        ; 8        ; memDataOut[8]                                             ; output ; 2.5 V        ;         ; Column I/O ; N               ; no       ; Off          ;
; B12      ;            ;          ; GND                                                       ; gnd    ;              ;         ; --         ;                 ; --       ; --           ;
; B13      ;            ;          ; GND                                                       ; gnd    ;              ;         ; --         ;                 ; --       ; --           ;
; B14      ; 473        ; 8        ; GND+                                                      ;        ;              ;         ; Column I/O ;                 ; --       ; --           ;
; B15      ; 471        ; 7        ; GND+                                                      ;        ;              ;         ; Column I/O ;                 ; --       ; --           ;
; B16      ;            ;          ; GND                                                       ; gnd    ;              ;         ; --         ;                 ; --       ; --           ;
; B17      ; 463        ; 7        ; outIR[28]                                                 ; output ; 2.5 V        ;         ; Column I/O ; N               ; no       ; Off          ;
; B18      ; 443        ; 7        ; memDataOut[27]                                            ; output ; 2.5 V        ;         ; Column I/O ; N               ; no       ; Off          ;
; B19      ; 441        ; 7        ; outB[5]                                                   ; output ; 2.5 V        ;         ; Column I/O ; N               ; no       ; Off          ;
; B20      ;            ;          ; GND                                                       ; gnd    ;              ;         ; --         ;                 ; --       ; --           ;
; B21      ; 426        ; 7        ; memDataOut[11]                                            ; output ; 2.5 V        ;         ; Column I/O ; N               ; no       ; Off          ;
; B22      ; 424        ; 7        ; addrOut[2]                                                ; output ; 2.5 V        ;         ; Column I/O ; N               ; no       ; Off          ;
; B23      ; 413        ; 7        ; RESERVED_INPUT_WITH_WEAK_PULLUP                           ;        ;              ;         ; Column I/O ;                 ; no       ; On           ;
; B24      ;            ;          ; GND                                                       ; gnd    ;              ;         ; --         ;                 ; --       ; --           ;
; B25      ; 406        ; 7        ; RESERVED_INPUT_WITH_WEAK_PULLUP                           ;        ;              ;         ; Column I/O ;                 ; no       ; On           ;
; B26      ; 401        ; 7        ; RESERVED_INPUT_WITH_WEAK_PULLUP                           ;        ;              ;         ; Column I/O ;                 ; no       ; On           ;
; B27      ;            ;          ; GND                                                       ; gnd    ;              ;         ; --         ;                 ; --       ; --           ;
; B28      ;            ; 6        ; VCCIO6                                                    ; power  ;              ; 2.5V    ; --         ;                 ; --       ; --           ;
; C1       ;            ;          ; GND                                                       ; gnd    ;              ;         ; --         ;                 ; --       ; --           ;
; C2       ; 1          ; 1        ; RESERVED_INPUT_WITH_WEAK_PULLUP                           ;        ;              ;         ; Row I/O    ;                 ; no       ; On           ;
; C3       ; 543        ; 8        ; wen_mem                                                   ; output ; 2.5 V        ;         ; Column I/O ; N               ; no       ; Off          ;
; C4       ; 539        ; 8        ; RESERVED_INPUT_WITH_WEAK_PULLUP                           ;        ;              ;         ; Column I/O ;                 ; no       ; On           ;
; C5       ; 538        ; 8        ; RESERVED_INPUT_WITH_WEAK_PULLUP                           ;        ;              ;         ; Column I/O ;                 ; no       ; On           ;
; C6       ; 536        ; 8        ; RESERVED_INPUT_WITH_WEAK_PULLUP                           ;        ;              ;         ; Column I/O ;                 ; no       ; On           ;
; C7       ; 521        ; 8        ; outZ                                                      ; output ; 2.5 V        ;         ; Column I/O ; N               ; no       ; Off          ;
; C8       ; 519        ; 8        ; RESERVED_INPUT_WITH_WEAK_PULLUP                           ;        ;              ;         ; Column I/O ;                 ; no       ; On           ;
; C9       ; 510        ; 8        ; RESERVED_INPUT_WITH_WEAK_PULLUP                           ;        ;              ;         ; Column I/O ;                 ; no       ; On           ;
; C10      ; 495        ; 8        ; addrOut[5]                                                ; output ; 2.5 V        ;         ; Column I/O ; N               ; no       ; Off          ;
; C11      ; 508        ; 8        ; RESERVED_INPUT_WITH_WEAK_PULLUP                           ;        ;              ;         ; Column I/O ;                 ; no       ; On           ;
; C12      ; 478        ; 8        ; memDataOut[18]                                            ; output ; 2.5 V        ;         ; Column I/O ; N               ; no       ; Off          ;
; C13      ; 474        ; 8        ; outIR[21]                                                 ; output ; 2.5 V        ;         ; Column I/O ; N               ; no       ; Off          ;
; C14      ; 476        ; 8        ; memDataIn[14]                                             ; output ; 2.5 V        ;         ; Column I/O ; N               ; no       ; Off          ;
; C15      ; 468        ; 7        ; memDataOut[1]                                             ; output ; 2.5 V        ;         ; Column I/O ; N               ; no       ; Off          ;
; C16      ; 460        ; 7        ; outB[27]                                                  ; output ; 2.5 V        ;         ; Column I/O ; N               ; no       ; Off          ;
; C17      ; 438        ; 7        ; memDataIn[21]                                             ; output ; 2.5 V        ;         ; Column I/O ; N               ; no       ; Off          ;
; C18      ; 429        ; 7        ; outB[14]                                                  ; output ; 2.5 V        ;         ; Column I/O ; N               ; no       ; Off          ;
; C19      ; 435        ; 7        ; memDataIn[4]                                              ; output ; 2.5 V        ;         ; Column I/O ; N               ; no       ; Off          ;
; C20      ; 431        ; 7        ; memDataOut[28]                                            ; output ; 2.5 V        ;         ; Column I/O ; N               ; no       ; Off          ;
; C21      ; 422        ; 7        ; RESERVED_INPUT_WITH_WEAK_PULLUP                           ;        ;              ;         ; Column I/O ;                 ; no       ; On           ;
; C22      ; 418        ; 7        ; RESERVED_INPUT_WITH_WEAK_PULLUP                           ;        ;              ;         ; Column I/O ;                 ; no       ; On           ;
; C23      ; 415        ; 7        ; RESERVED_INPUT_WITH_WEAK_PULLUP                           ;        ;              ;         ; Column I/O ;                 ; no       ; On           ;
; C24      ; 416        ; 7        ; RESERVED_INPUT_WITH_WEAK_PULLUP                           ;        ;              ;         ; Column I/O ;                 ; no       ; On           ;
; C25      ; 411        ; 7        ; RESERVED_INPUT_WITH_WEAK_PULLUP                           ;        ;              ;         ; Column I/O ;                 ; no       ; On           ;
; C26      ; 400        ; 7        ; RESERVED_INPUT_WITH_WEAK_PULLUP                           ;        ;              ;         ; Column I/O ;                 ; no       ; On           ;
; C27      ; 382        ; 6        ; RESERVED_INPUT_WITH_WEAK_PULLUP                           ;        ;              ;         ; Row I/O    ;                 ; no       ; On           ;
; C28      ;            ;          ; GND                                                       ; gnd    ;              ;         ; --         ;                 ; --       ; --           ;
; D1       ; 3          ; 1        ; RESERVED_INPUT_WITH_WEAK_PULLUP                           ;        ;              ;         ; Row I/O    ;                 ; no       ; On           ;
; D2       ; 2          ; 1        ; RESERVED_INPUT_WITH_WEAK_PULLUP                           ;        ;              ;         ; Row I/O    ;                 ; no       ; On           ;
; D3       ;            ;          ; GND                                                       ; gnd    ;              ;         ; --         ;                 ; --       ; --           ;
; D4       ; 540        ; 8        ; RESERVED_INPUT_WITH_WEAK_PULLUP                           ;        ;              ;         ; Column I/O ;                 ; no       ; On           ;
; D5       ; 537        ; 8        ; RESERVED_INPUT_WITH_WEAK_PULLUP                           ;        ;              ;         ; Column I/O ;                 ; no       ; On           ;
; D6       ; 524        ; 8        ; RESERVED_INPUT_WITH_WEAK_PULLUP                           ;        ;              ;         ; Column I/O ;                 ; no       ; On           ;
; D7       ; 522        ; 8        ; RESERVED_INPUT_WITH_WEAK_PULLUP                           ;        ;              ;         ; Column I/O ;                 ; no       ; On           ;
; D8       ; 520        ; 8        ; RESERVED_INPUT_WITH_WEAK_PULLUP                           ;        ;              ;         ; Column I/O ;                 ; no       ; On           ;
; D9       ; 511        ; 8        ; RESERVED_INPUT_WITH_WEAK_PULLUP                           ;        ;              ;         ; Column I/O ;                 ; no       ; On           ;
; D10      ; 496        ; 8        ; memDataOut[19]                                            ; output ; 2.5 V        ;         ; Column I/O ; N               ; no       ; Off          ;
; D11      ; 509        ; 8        ; RESERVED_INPUT_WITH_WEAK_PULLUP                           ;        ;              ;         ; Column I/O ;                 ; no       ; On           ;
; D12      ; 479        ; 8        ; outIR[22]                                                 ; output ; 2.5 V        ;         ; Column I/O ; N               ; no       ; Off          ;
; D13      ; 475        ; 8        ; memDataIn[29]                                             ; output ; 2.5 V        ;         ; Column I/O ; N               ; no       ; Off          ;
; D14      ; 477        ; 8        ; outA[22]                                                  ; output ; 2.5 V        ;         ; Column I/O ; N               ; no       ; Off          ;
; D15      ; 469        ; 7        ; outIR[2]                                                  ; output ; 2.5 V        ;         ; Column I/O ; N               ; no       ; Off          ;
; D16      ; 461        ; 7        ; outB[11]                                                  ; output ; 2.5 V        ;         ; Column I/O ; N               ; no       ; Off          ;
; D17      ; 439        ; 7        ; outA[28]                                                  ; output ; 2.5 V        ;         ; Column I/O ; N               ; no       ; Off          ;
; D18      ; 430        ; 7        ; outPC[19]                                                 ; output ; 2.5 V        ;         ; Column I/O ; N               ; no       ; Off          ;
; D19      ; 436        ; 7        ; outPC[23]                                                 ; output ; 2.5 V        ;         ; Column I/O ; N               ; no       ; Off          ;
; D20      ; 432        ; 7        ; outPC[28]                                                 ; output ; 2.5 V        ;         ; Column I/O ; N               ; no       ; Off          ;
; D21      ; 419        ; 7        ; RESERVED_INPUT_WITH_WEAK_PULLUP                           ;        ;              ;         ; Column I/O ;                 ; no       ; On           ;
; D22      ; 402        ; 7        ; RESERVED_INPUT_WITH_WEAK_PULLUP                           ;        ;              ;         ; Column I/O ;                 ; no       ; On           ;
; D23      ; 414        ; 7        ; RESERVED_INPUT_WITH_WEAK_PULLUP                           ;        ;              ;         ; Column I/O ;                 ; no       ; On           ;
; D24      ; 417        ; 7        ; RESERVED_INPUT_WITH_WEAK_PULLUP                           ;        ;              ;         ; Column I/O ;                 ; no       ; On           ;
; D25      ; 410        ; 7        ; RESERVED_INPUT_WITH_WEAK_PULLUP                           ;        ;              ;         ; Column I/O ;                 ; no       ; On           ;
; D26      ; 383        ; 6        ; RESERVED_INPUT_WITH_WEAK_PULLUP                           ;        ;              ;         ; Row I/O    ;                 ; no       ; On           ;
; D27      ; 381        ; 6        ; RESERVED_INPUT_WITH_WEAK_PULLUP                           ;        ;              ;         ; Row I/O    ;                 ; no       ; On           ;
; D28      ; 380        ; 6        ; RESERVED_INPUT_WITH_WEAK_PULLUP                           ;        ;              ;         ; Row I/O    ;                 ; no       ; On           ;
; E1       ; 17         ; 1        ; RESERVED_INPUT_WITH_WEAK_PULLUP                           ;        ;              ;         ; Row I/O    ;                 ; no       ; On           ;
; E2       ; 16         ; 1        ; ~ALTERA_FLASH_nCE_nCSO~ / RESERVED_INPUT_WITH_WEAK_PULLUP ; input  ; 2.5 V        ;         ; Row I/O    ; N               ; no       ; On           ;
; E3       ; 7          ; 1        ; RESERVED_INPUT_WITH_WEAK_PULLUP                           ;        ;              ;         ; Row I/O    ;                 ; no       ; On           ;
; E4       ; 541        ; 8        ; RESERVED_INPUT_WITH_WEAK_PULLUP                           ;        ;              ;         ; Column I/O ;                 ; no       ; On           ;
; E5       ; 542        ; 8        ; RESERVED_INPUT_WITH_WEAK_PULLUP                           ;        ;              ;         ; Column I/O ;                 ; no       ; On           ;
; E6       ;            ; 8        ; VCCIO8                                                    ; power  ;              ; 2.5V    ; --         ;                 ; --       ; --           ;
; E7       ; 523        ; 8        ; RESERVED_INPUT_WITH_WEAK_PULLUP                           ;        ;              ;         ; Column I/O ;                 ; no       ; On           ;
; E8       ; 526        ; 8        ; RESERVED_INPUT_WITH_WEAK_PULLUP                           ;        ;              ;         ; Column I/O ;                 ; no       ; On           ;
; E9       ;            ; 8        ; VCCIO8                                                    ; power  ;              ; 2.5V    ; --         ;                 ; --       ; --           ;
; E10      ; 516        ; 8        ; RESERVED_INPUT_WITH_WEAK_PULLUP                           ;        ;              ;         ; Column I/O ;                 ; no       ; On           ;
; E11      ; 499        ; 8        ; addrOut[0]                                                ; output ; 2.5 V        ;         ; Column I/O ; N               ; no       ; Off          ;
; E12      ; 497        ; 8        ; outPC[5]                                                  ; output ; 2.5 V        ;         ; Column I/O ; N               ; no       ; Off          ;
; E13      ;            ; 8        ; VCCIO8                                                    ; power  ;              ; 2.5V    ; --         ;                 ; --       ; --           ;
; E14      ; 486        ; 8        ; outPC[22]                                                 ; output ; 2.5 V        ;         ; Column I/O ; N               ; no       ; Off          ;
; E15      ; 467        ; 7        ; memDataIn[11]                                             ; output ; 2.5 V        ;         ; Column I/O ; N               ; no       ; Off          ;
; E16      ;            ; 7        ; VCCIO7                                                    ; power  ;              ; 2.5V    ; --         ;                 ; --       ; --           ;
; E17      ; 456        ; 7        ; outIR[14]                                                 ; output ; 2.5 V        ;         ; Column I/O ; N               ; no       ; Off          ;
; E18      ; 427        ; 7        ; memDataOut[12]                                            ; output ; 2.5 V        ;         ; Column I/O ; N               ; no       ; Off          ;
; E19      ; 421        ; 7        ; RESERVED_INPUT_WITH_WEAK_PULLUP                           ;        ;              ;         ; Column I/O ;                 ; no       ; On           ;
; E20      ;            ; 7        ; VCCIO7                                                    ; power  ;              ; 2.5V    ; --         ;                 ; --       ; --           ;
; E21      ; 407        ; 7        ; RESERVED_INPUT_WITH_WEAK_PULLUP                           ;        ;              ;         ; Column I/O ;                 ; no       ; On           ;
; E22      ; 403        ; 7        ; RESERVED_INPUT_WITH_WEAK_PULLUP                           ;        ;              ;         ; Column I/O ;                 ; no       ; On           ;
; E23      ;            ; 7        ; VCCIO7                                                    ; power  ;              ; 2.5V    ; --         ;                 ; --       ; --           ;
; E24      ; 433        ; 7        ; outIR[23]                                                 ; output ; 2.5 V        ;         ; Column I/O ; N               ; no       ; Off          ;
; E25      ; 434        ; 7        ; outPC[24]                                                 ; output ; 2.5 V        ;         ; Column I/O ; N               ; no       ; Off          ;
; E26      ; 378        ; 6        ; RESERVED_INPUT_WITH_WEAK_PULLUP                           ;        ;              ;         ; Row I/O    ;                 ; no       ; On           ;
; E27      ; 375        ; 6        ; RESERVED_INPUT_WITH_WEAK_PULLUP                           ;        ;              ;         ; Row I/O    ;                 ; no       ; On           ;
; E28      ; 374        ; 6        ; RESERVED_INPUT_WITH_WEAK_PULLUP                           ;        ;              ;         ; Row I/O    ;                 ; no       ; On           ;
; F1       ; 19         ; 1        ; RESERVED_INPUT_WITH_WEAK_PULLUP                           ;        ;              ;         ; Row I/O    ;                 ; no       ; On           ;
; F2       ; 18         ; 1        ; RESERVED_INPUT_WITH_WEAK_PULLUP                           ;        ;              ;         ; Row I/O    ;                 ; no       ; On           ;
; F3       ; 8          ; 1        ; RESERVED_INPUT_WITH_WEAK_PULLUP                           ;        ;              ;         ; Row I/O    ;                 ; no       ; On           ;
; F4       ; 10         ; 1        ; ~ALTERA_ASDO_DATA1~ / RESERVED_INPUT_WITH_WEAK_PULLUP     ; input  ; 2.5 V        ;         ; Row I/O    ; N               ; no       ; On           ;
; F5       ; 9          ; 1        ; RESERVED_INPUT_WITH_WEAK_PULLUP                           ;        ;              ;         ; Row I/O    ;                 ; no       ; On           ;
; F6       ;            ;          ; GND                                                       ; gnd    ;              ;         ; --         ;                 ; --       ; --           ;
; F7       ; 531        ; 8        ; RESERVED_INPUT_WITH_WEAK_PULLUP                           ;        ;              ;         ; Column I/O ;                 ; no       ; On           ;
; F8       ; 527        ; 8        ; RESERVED_INPUT_WITH_WEAK_PULLUP                           ;        ;              ;         ; Column I/O ;                 ; no       ; On           ;
; F9       ;            ;          ; GND                                                       ; gnd    ;              ;         ; --         ;                 ; --       ; --           ;
; F10      ; 512        ; 8        ; RESERVED_INPUT_WITH_WEAK_PULLUP                           ;        ;              ;         ; Column I/O ;                 ; no       ; On           ;
; F11      ; 500        ; 8        ; outPC[0]                                                  ; output ; 2.5 V        ;         ; Column I/O ; N               ; no       ; Off          ;
; F12      ; 498        ; 8        ; outB[15]                                                  ; output ; 2.5 V        ;         ; Column I/O ; N               ; no       ; Off          ;
; F13      ;            ;          ; GND                                                       ; gnd    ;              ;         ; --         ;                 ; --       ; --           ;
; F14      ; 485        ; 8        ; outIR[16]                                                 ; output ; 2.5 V        ;         ; Column I/O ; N               ; no       ; Off          ;
; F15      ; 466        ; 7        ; outIR[24]                                                 ; output ; 2.5 V        ;         ; Column I/O ; N               ; no       ; Off          ;
; F16      ;            ;          ; GND                                                       ; gnd    ;              ;         ; --         ;                 ; --       ; --           ;
; F17      ; 455        ; 7        ; outIR[4]                                                  ; output ; 2.5 V        ;         ; Column I/O ; N               ; no       ; Off          ;
; F18      ; 428        ; 7        ; outPC[2]                                                  ; output ; 2.5 V        ;         ; Column I/O ; N               ; no       ; Off          ;
; F19      ; 420        ; 7        ; RESERVED_INPUT_WITH_WEAK_PULLUP                           ;        ;              ;         ; Column I/O ;                 ; no       ; On           ;
; F20      ;            ;          ; GND                                                       ; gnd    ;              ;         ; --         ;                 ; --       ; --           ;
; F21      ; 408        ; 7        ; RESERVED_INPUT_WITH_WEAK_PULLUP                           ;        ;              ;         ; Column I/O ;                 ; no       ; On           ;
; F22      ; 409        ; 7        ; RESERVED_INPUT_WITH_WEAK_PULLUP                           ;        ;              ;         ; Column I/O ;                 ; --       ; --           ;
; F23      ;            ;          ; GND                                                       ; gnd    ;              ;         ; --         ;                 ; --       ; --           ;
; F24      ; 396        ; 6        ; RESERVED_INPUT_WITH_WEAK_PULLUP                           ;        ;              ;         ; Row I/O    ;                 ; no       ; On           ;
; F25      ; 395        ; 6        ; RESERVED_INPUT_WITH_WEAK_PULLUP                           ;        ;              ;         ; Row I/O    ;                 ; no       ; On           ;
; F26      ; 379        ; 6        ; wEn                                                       ; output ; 2.5 V        ;         ; Row I/O    ; N               ; no       ; Off          ;
; F27      ; 373        ; 6        ; RESERVED_INPUT_WITH_WEAK_PULLUP                           ;        ;              ;         ; Row I/O    ;                 ; no       ; On           ;
; F28      ; 372        ; 6        ; RESERVED_INPUT_WITH_WEAK_PULLUP                           ;        ;              ;         ; Row I/O    ;                 ; no       ; On           ;
; G1       ; 26         ; 1        ; RESERVED_INPUT_WITH_WEAK_PULLUP                           ;        ;              ;         ; Row I/O    ;                 ; no       ; On           ;
; G2       ; 25         ; 1        ; RESERVED_INPUT_WITH_WEAK_PULLUP                           ;        ;              ;         ; Row I/O    ;                 ; no       ; On           ;
; G3       ; 13         ; 1        ; RESERVED_INPUT_WITH_WEAK_PULLUP                           ;        ;              ;         ; Row I/O    ;                 ; no       ; On           ;
; G4       ; 12         ; 1        ; RESERVED_INPUT_WITH_WEAK_PULLUP                           ;        ;              ;         ; Row I/O    ;                 ; no       ; On           ;
; G5       ; 6          ; 1        ; RESERVED_INPUT_WITH_WEAK_PULLUP                           ;        ;              ;         ; Row I/O    ;                 ; no       ; On           ;
; G6       ; 5          ; 1        ; RESERVED_INPUT_WITH_WEAK_PULLUP                           ;        ;              ;         ; Row I/O    ;                 ; no       ; On           ;
; G7       ; 530        ; 8        ; RESERVED_INPUT_WITH_WEAK_PULLUP                           ;        ;              ;         ; Column I/O ;                 ; no       ; On           ;
; G8       ; 528        ; 8        ; RESERVED_INPUT_WITH_WEAK_PULLUP                           ;        ;              ;         ; Column I/O ;                 ; no       ; On           ;
; G9       ; 525        ; 8        ; RESERVED_INPUT_WITH_WEAK_PULLUP                           ;        ;              ;         ; Column I/O ;                 ; --       ; --           ;
; G10      ; 513        ; 8        ; RESERVED_INPUT_WITH_WEAK_PULLUP                           ;        ;              ;         ; Column I/O ;                 ; no       ; On           ;
; G11      ; 506        ; 8        ; outPC[1]                                                  ; output ; 2.5 V        ;         ; Column I/O ; N               ; no       ; Off          ;
; G12      ; 503        ; 8        ; outIR[18]                                                 ; output ; 2.5 V        ;         ; Column I/O ; N               ; no       ; Off          ;
; G13      ; 493        ; 8        ; outA[19]                                                  ; output ; 2.5 V        ;         ; Column I/O ; N               ; no       ; Off          ;
; G14      ; 484        ; 8        ; outB[21]                                                  ; output ; 2.5 V        ;         ; Column I/O ; N               ; no       ; Off          ;
; G15      ; 457        ; 7        ; outIR[10]                                                 ; output ; 2.5 V        ;         ; Column I/O ; N               ; no       ; Off          ;
; G16      ; 453        ; 7        ; outA[7]                                                   ; output ; 2.5 V        ;         ; Column I/O ; N               ; no       ; Off          ;
; G17      ; 437        ; 7        ; memDataIn[17]                                             ; output ; 2.5 V        ;         ; Column I/O ; N               ; no       ; Off          ;
; G18      ; 452        ; 7        ; outA[5]                                                   ; output ; 2.5 V        ;         ; Column I/O ; N               ; no       ; Off          ;
; G19      ; 451        ; 7        ; outB[2]                                                   ; output ; 2.5 V        ;         ; Column I/O ; N               ; no       ; Off          ;
; G20      ; 444        ; 7        ; outA[6]                                                   ; output ; 2.5 V        ;         ; Column I/O ; N               ; no       ; Off          ;
; G21      ; 445        ; 7        ; outA[8]                                                   ; output ; 2.5 V        ;         ; Column I/O ; N               ; no       ; Off          ;
; G22      ; 449        ; 7        ; outA[16]                                                  ; output ; 2.5 V        ;         ; Column I/O ; N               ; no       ; Off          ;
; G23      ; 398        ; 6        ; RESERVED_INPUT_WITH_WEAK_PULLUP                           ;        ;              ;         ; Row I/O    ;                 ; no       ; On           ;
; G24      ; 397        ; 6        ; RESERVED_INPUT_WITH_WEAK_PULLUP                           ;        ;              ;         ; Row I/O    ;                 ; no       ; On           ;
; G25      ; 393        ; 6        ; RESERVED_INPUT_WITH_WEAK_PULLUP                           ;        ;              ;         ; Row I/O    ;                 ; no       ; On           ;
; G26      ; 392        ; 6        ; RESERVED_INPUT_WITH_WEAK_PULLUP                           ;        ;              ;         ; Row I/O    ;                 ; no       ; On           ;
; G27      ; 367        ; 6        ; RESERVED_INPUT_WITH_WEAK_PULLUP                           ;        ;              ;         ; Row I/O    ;                 ; no       ; On           ;
; G28      ; 366        ; 6        ; RESERVED_INPUT_WITH_WEAK_PULLUP                           ;        ;              ;         ; Row I/O    ;                 ; no       ; On           ;
; H1       ;            ; 1        ; VCCIO1                                                    ; power  ;              ; 2.5V    ; --         ;                 ; --       ; --           ;
; H2       ;            ;          ; GND                                                       ; gnd    ;              ;         ; --         ;                 ; --       ; --           ;
; H3       ; 15         ; 1        ; RESERVED_INPUT_WITH_WEAK_PULLUP                           ;        ;              ;         ; Row I/O    ;                 ; no       ; On           ;
; H4       ; 14         ; 1        ; RESERVED_INPUT_WITH_WEAK_PULLUP                           ;        ;              ;         ; Row I/O    ;                 ; no       ; On           ;
; H5       ; 20         ; 1        ; RESERVED_INPUT_WITH_WEAK_PULLUP                           ;        ;              ;         ; Row I/O    ;                 ; no       ; On           ;
; H6       ; 11         ; 1        ; RESERVED_INPUT_WITH_WEAK_PULLUP                           ;        ;              ;         ; Row I/O    ;                 ; no       ; On           ;
; H7       ; 4          ; 1        ; RESERVED_INPUT_WITH_WEAK_PULLUP                           ;        ;              ;         ; Row I/O    ;                 ; --       ; --           ;
; H8       ; 529        ; 8        ; RESERVED_INPUT_WITH_WEAK_PULLUP                           ;        ;              ;         ; Column I/O ;                 ; no       ; On           ;
; H9       ;            ;          ; GNDA3                                                     ; gnd    ;              ;         ; --         ;                 ; --       ; --           ;
; H10      ; 514        ; 8        ; RESERVED_INPUT_WITH_WEAK_PULLUP                           ;        ;              ;         ; Column I/O ;                 ; no       ; On           ;
; H11      ;            ; 8        ; VCCIO8                                                    ; power  ;              ; 2.5V    ; --         ;                 ; --       ; --           ;
; H12      ; 507        ; 8        ; addrOut[1]                                                ; output ; 2.5 V        ;         ; Column I/O ; N               ; no       ; Off          ;
; H13      ; 494        ; 8        ; memDataIn[25]                                             ; output ; 2.5 V        ;         ; Column I/O ; N               ; no       ; Off          ;
; H14      ; 480        ; 8        ; outA[21]                                                  ; output ; 2.5 V        ;         ; Column I/O ; N               ; no       ; Off          ;
; H15      ; 464        ; 7        ; memDataIn[30]                                             ; output ; 2.5 V        ;         ; Column I/O ; N               ; no       ; Off          ;
; H16      ; 459        ; 7        ; outIR[15]                                                 ; output ; 2.5 V        ;         ; Column I/O ; N               ; no       ; Off          ;
; H17      ; 454        ; 7        ; outA[4]                                                   ; output ; 2.5 V        ;         ; Column I/O ; N               ; no       ; Off          ;
; H18      ;            ; 7        ; VCCIO7                                                    ; power  ;              ; 2.5V    ; --         ;                 ; --       ; --           ;
; H19      ; 446        ; 7        ; outB[10]                                                  ; output ; 2.5 V        ;         ; Column I/O ; N               ; no       ; Off          ;
; H20      ;            ;          ; GNDA2                                                     ; gnd    ;              ;         ; --         ;                 ; --       ; --           ;
; H21      ; 448        ; 7        ; memDataIn[16]                                             ; output ; 2.5 V        ;         ; Column I/O ; N               ; no       ; Off          ;
; H22      ; 399        ; 6        ; RESERVED_INPUT_WITH_WEAK_PULLUP                           ;        ;              ;         ; Row I/O    ;                 ; no       ; On           ;
; H23      ; 391        ; 6        ; RESERVED_INPUT_WITH_WEAK_PULLUP                           ;        ;              ;         ; Row I/O    ;                 ; no       ; On           ;
; H24      ; 390        ; 6        ; RESERVED_INPUT_WITH_WEAK_PULLUP                           ;        ;              ;         ; Row I/O    ;                 ; no       ; On           ;
; H25      ; 377        ; 6        ; RESERVED_INPUT_WITH_WEAK_PULLUP                           ;        ;              ;         ; Row I/O    ;                 ; no       ; On           ;
; H26      ; 376        ; 6        ; RESERVED_INPUT_WITH_WEAK_PULLUP                           ;        ;              ;         ; Row I/O    ;                 ; no       ; On           ;
; H27      ;            ;          ; GND                                                       ; gnd    ;              ;         ; --         ;                 ; --       ; --           ;
; H28      ;            ; 6        ; VCCIO6                                                    ; power  ;              ; 2.5V    ; --         ;                 ; --       ; --           ;
; J1       ; 64         ; 1        ; cpuClk                                                    ; input  ; 2.5 V        ;         ; Row I/O    ; N               ; no       ; Off          ;
; J2       ;            ;          ; GND                                                       ; gnd    ;              ;         ; --         ;                 ; --       ; --           ;
; J3       ; 23         ; 1        ; RESERVED_INPUT_WITH_WEAK_PULLUP                           ;        ;              ;         ; Row I/O    ;                 ; no       ; On           ;
; J4       ; 22         ; 1        ; RESERVED_INPUT_WITH_WEAK_PULLUP                           ;        ;              ;         ; Row I/O    ;                 ; no       ; On           ;
; J5       ; 36         ; 1        ; RESERVED_INPUT_WITH_WEAK_PULLUP                           ;        ;              ;         ; Row I/O    ;                 ; no       ; On           ;
; J6       ; 35         ; 1        ; RESERVED_INPUT_WITH_WEAK_PULLUP                           ;        ;              ;         ; Row I/O    ;                 ; no       ; On           ;
; J7       ; 37         ; 1        ; RESERVED_INPUT_WITH_WEAK_PULLUP                           ;        ;              ;         ; Row I/O    ;                 ; no       ; On           ;
; J8       ;            ; --       ; VCCA3                                                     ; power  ;              ; 2.5V    ; --         ;                 ; --       ; --           ;
; J9       ;            ;          ; VCCD_PLL3                                                 ; power  ;              ; 1.2V    ; --         ;                 ; --       ; --           ;
; J10      ; 515        ; 8        ; RESERVED_INPUT_WITH_WEAK_PULLUP                           ;        ;              ;         ; Column I/O ;                 ; no       ; On           ;
; J11      ;            ;          ; GND                                                       ; gnd    ;              ;         ; --         ;                 ; --       ; --           ;
; J12      ; 490        ; 8        ; memDataOut[25]                                            ; output ; 2.5 V        ;         ; Column I/O ; N               ; no       ; Off          ;
; J13      ; 489        ; 8        ; outPC[31]                                                 ; output ; 2.5 V        ;         ; Column I/O ; N               ; no       ; Off          ;
; J14      ; 481        ; 8        ; outB[31]                                                  ; output ; 2.5 V        ;         ; Column I/O ; N               ; no       ; Off          ;
; J15      ; 465        ; 7        ; memDataIn[9]                                              ; output ; 2.5 V        ;         ; Column I/O ; N               ; no       ; Off          ;
; J16      ; 458        ; 7        ; outA[11]                                                  ; output ; 2.5 V        ;         ; Column I/O ; N               ; no       ; Off          ;
; J17      ; 450        ; 7        ; outIR[13]                                                 ; output ; 2.5 V        ;         ; Column I/O ; N               ; no       ; Off          ;
; J18      ;            ;          ; GND                                                       ; gnd    ;              ;         ; --         ;                 ; --       ; --           ;
; J19      ; 447        ; 7        ; outB[7]                                                   ; output ; 2.5 V        ;         ; Column I/O ; N               ; no       ; Off          ;
; J20      ;            ;          ; VCCD_PLL2                                                 ; power  ;              ; 1.2V    ; --         ;                 ; --       ; --           ;
; J21      ;            ; --       ; VCCA2                                                     ; power  ;              ; 2.5V    ; --         ;                 ; --       ; --           ;
; J22      ; 394        ; 6        ; RESERVED_INPUT_WITH_WEAK_PULLUP                           ;        ;              ;         ; Row I/O    ;                 ; --       ; --           ;
; J23      ; 387        ; 6        ; RESERVED_INPUT_WITH_WEAK_PULLUP                           ;        ;              ;         ; Row I/O    ;                 ; no       ; On           ;
; J24      ; 386        ; 6        ; RESERVED_INPUT_WITH_WEAK_PULLUP                           ;        ;              ;         ; Row I/O    ;                 ; no       ; On           ;
; J25      ; 365        ; 6        ; RESERVED_INPUT_WITH_WEAK_PULLUP                           ;        ;              ;         ; Row I/O    ;                 ; no       ; On           ;
; J26      ; 364        ; 6        ; RESERVED_INPUT_WITH_WEAK_PULLUP                           ;        ;              ;         ; Row I/O    ;                 ; no       ; On           ;
; J27      ; 338        ; 6        ; GND+                                                      ;        ;              ;         ; Row I/O    ;                 ; --       ; --           ;
; J28      ; 337        ; 6        ; GND+                                                      ;        ;              ;         ; Row I/O    ;                 ; --       ; --           ;
; K1       ; 28         ; 1        ; RESERVED_INPUT_WITH_WEAK_PULLUP                           ;        ;              ;         ; Row I/O    ;                 ; no       ; On           ;
; K2       ; 27         ; 1        ; RESERVED_INPUT_WITH_WEAK_PULLUP                           ;        ;              ;         ; Row I/O    ;                 ; no       ; On           ;
; K3       ; 30         ; 1        ; RESERVED_INPUT_WITH_WEAK_PULLUP                           ;        ;              ;         ; Row I/O    ;                 ; no       ; On           ;
; K4       ; 29         ; 1        ; RESERVED_INPUT_WITH_WEAK_PULLUP                           ;        ;              ;         ; Row I/O    ;                 ; no       ; On           ;
; K5       ;            ; 1        ; VCCIO1                                                    ; power  ;              ; 2.5V    ; --         ;                 ; --       ; --           ;
; K6       ;            ;          ; GND                                                       ; gnd    ;              ;         ; --         ;                 ; --       ; --           ;
; K7       ; 38         ; 1        ; RESERVED_INPUT_WITH_WEAK_PULLUP                           ;        ;              ;         ; Row I/O    ;                 ; no       ; On           ;
; K8       ; 39         ; 1        ; RESERVED_INPUT_WITH_WEAK_PULLUP                           ;        ;              ;         ; Row I/O    ;                 ; no       ; On           ;
; K9       ;            ;          ; VCCINT                                                    ; power  ;              ; 1.2V    ; --         ;                 ; --       ; --           ;
; K10      ;            ;          ; GND                                                       ; gnd    ;              ;         ; --         ;                 ; --       ; --           ;
; K11      ;            ;          ; VCCINT                                                    ; power  ;              ; 1.2V    ; --         ;                 ; --       ; --           ;
; K12      ;            ;          ; GND                                                       ; gnd    ;              ;         ; --         ;                 ; --       ; --           ;
; K13      ;            ;          ; VCCINT                                                    ; power  ;              ; 1.2V    ; --         ;                 ; --       ; --           ;
; K14      ;            ;          ; GND                                                       ; gnd    ;              ;         ; --         ;                 ; --       ; --           ;
; K15      ;            ;          ; VCCINT                                                    ; power  ;              ; 1.2V    ; --         ;                 ; --       ; --           ;
; K16      ;            ;          ; GND                                                       ; gnd    ;              ;         ; --         ;                 ; --       ; --           ;
; K17      ;            ;          ; VCCINT                                                    ; power  ;              ; 1.2V    ; --         ;                 ; --       ; --           ;
; K18      ;            ;          ; GND                                                       ; gnd    ;              ;         ; --         ;                 ; --       ; --           ;
; K19      ;            ;          ; VCCINT                                                    ; power  ;              ; 1.2V    ; --         ;                 ; --       ; --           ;
; K20      ;            ;          ; GND                                                       ; gnd    ;              ;         ; --         ;                 ; --       ; --           ;
; K21      ; 389        ; 6        ; RESERVED_INPUT_WITH_WEAK_PULLUP                           ;        ;              ;         ; Row I/O    ;                 ; no       ; On           ;
; K22      ; 388        ; 6        ; RESERVED_INPUT_WITH_WEAK_PULLUP                           ;        ;              ;         ; Row I/O    ;                 ; no       ; On           ;
; K23      ;            ;          ; GND                                                       ; gnd    ;              ;         ; --         ;                 ; --       ; --           ;
; K24      ;            ; 6        ; VCCIO6                                                    ; power  ;              ; 2.5V    ; --         ;                 ; --       ; --           ;
; K25      ; 371        ; 6        ; RESERVED_INPUT_WITH_WEAK_PULLUP                           ;        ;              ;         ; Row I/O    ;                 ; no       ; On           ;
; K26      ; 370        ; 6        ; RESERVED_INPUT_WITH_WEAK_PULLUP                           ;        ;              ;         ; Row I/O    ;                 ; no       ; On           ;
; K27      ; 362        ; 6        ; RESERVED_INPUT_WITH_WEAK_PULLUP                           ;        ;              ;         ; Row I/O    ;                 ; no       ; On           ;
; K28      ; 361        ; 6        ; outB[28]                                                  ; output ; 2.5 V        ;         ; Row I/O    ; N               ; no       ; Off          ;
; L1       ; 49         ; 1        ; memDataOut[17]                                            ; output ; 2.5 V        ;         ; Row I/O    ; N               ; no       ; Off          ;
; L2       ; 48         ; 1        ; memDataIn[26]                                             ; output ; 2.5 V        ;         ; Row I/O    ; N               ; no       ; Off          ;
; L3       ; 32         ; 1        ; RESERVED_INPUT_WITH_WEAK_PULLUP                           ;        ;              ;         ; Row I/O    ;                 ; no       ; On           ;
; L4       ; 31         ; 1        ; RESERVED_INPUT_WITH_WEAK_PULLUP                           ;        ;              ;         ; Row I/O    ;                 ; no       ; On           ;
; L5       ; 21         ; 1        ; RESERVED_INPUT_WITH_WEAK_PULLUP                           ;        ;              ;         ; Row I/O    ;                 ; --       ; --           ;
; L6       ; 43         ; 1        ; RESERVED_INPUT_WITH_WEAK_PULLUP                           ;        ;              ;         ; Row I/O    ;                 ; no       ; On           ;
; L7       ; 42         ; 1        ; RESERVED_INPUT_WITH_WEAK_PULLUP                           ;        ;              ;         ; Row I/O    ;                 ; no       ; On           ;
; L8       ; 40         ; 1        ; RESERVED_INPUT_WITH_WEAK_PULLUP                           ;        ;              ;         ; Row I/O    ;                 ; no       ; On           ;
; L9       ;            ;          ; GND                                                       ; gnd    ;              ;         ; --         ;                 ; --       ; --           ;
; L10      ;            ;          ; VCCINT                                                    ; power  ;              ; 1.2V    ; --         ;                 ; --       ; --           ;
; L11      ;            ;          ; GND                                                       ; gnd    ;              ;         ; --         ;                 ; --       ; --           ;
; L12      ;            ;          ; VCCINT                                                    ; power  ;              ; 1.2V    ; --         ;                 ; --       ; --           ;
; L13      ;            ;          ; GND                                                       ; gnd    ;              ;         ; --         ;                 ; --       ; --           ;
; L14      ;            ;          ; VCCINT                                                    ; power  ;              ; 1.2V    ; --         ;                 ; --       ; --           ;
; L15      ;            ;          ; GND                                                       ; gnd    ;              ;         ; --         ;                 ; --       ; --           ;
; L16      ;            ;          ; VCCINT                                                    ; power  ;              ; 1.2V    ; --         ;                 ; --       ; --           ;
; L17      ;            ;          ; GND                                                       ; gnd    ;              ;         ; --         ;                 ; --       ; --           ;
; L18      ;            ;          ; VCCINT                                                    ; power  ;              ; 1.2V    ; --         ;                 ; --       ; --           ;
; L19      ;            ;          ; GND                                                       ; gnd    ;              ;         ; --         ;                 ; --       ; --           ;
; L20      ;            ;          ; VCCINT                                                    ; power  ;              ; 1.2V    ; --         ;                 ; --       ; --           ;
; L21      ; 385        ; 6        ; RESERVED_INPUT_WITH_WEAK_PULLUP                           ;        ;              ;         ; Row I/O    ;                 ; no       ; On           ;
; L22      ; 384        ; 6        ; RESERVED_INPUT_WITH_WEAK_PULLUP                           ;        ;              ;         ; Row I/O    ;                 ; no       ; On           ;
; L23      ; 360        ; 6        ; outB[22]                                                  ; output ; 2.5 V        ;         ; Row I/O    ; N               ; no       ; Off          ;
; L24      ; 359        ; 6        ; memDataOut[24]                                            ; output ; 2.5 V        ;         ; Row I/O    ; N               ; no       ; Off          ;
; L25      ; 369        ; 6        ; RESERVED_INPUT_WITH_WEAK_PULLUP                           ;        ;              ;         ; Row I/O    ;                 ; no       ; On           ;
; L26      ; 363        ; 6        ; RESERVED_INPUT_WITH_WEAK_PULLUP                           ;        ;              ;         ; Row I/O    ;                 ; no       ; On           ;
; L27      ; 358        ; 6        ; memDataOut[5]                                             ; output ; 2.5 V        ;         ; Row I/O    ; N               ; no       ; Off          ;
; L28      ; 357        ; 6        ; outB[26]                                                  ; output ; 2.5 V        ;         ; Row I/O    ; N               ; no       ; Off          ;
; M1       ; 51         ; 1        ; outB[24]                                                  ; output ; 2.5 V        ;         ; Row I/O    ; N               ; no       ; Off          ;
; M2       ; 50         ; 1        ; outPC[15]                                                 ; output ; 2.5 V        ;         ; Row I/O    ; N               ; no       ; Off          ;
; M3       ; 34         ; 1        ; RESERVED_INPUT_WITH_WEAK_PULLUP                           ;        ;              ;         ; Row I/O    ;                 ; no       ; On           ;
; M4       ; 33         ; 1        ; RESERVED_INPUT_WITH_WEAK_PULLUP                           ;        ;              ;         ; Row I/O    ;                 ; no       ; On           ;
; M5       ; 41         ; 1        ; RESERVED_INPUT_WITH_WEAK_PULLUP                           ;        ;              ;         ; Row I/O    ;                 ; --       ; --           ;
; M6       ; 24         ; 1        ; ^nSTATUS                                                  ;        ;              ;         ; --         ;                 ; --       ; --           ;
; M7       ; 47         ; 1        ; RESERVED_INPUT_WITH_WEAK_PULLUP                           ;        ;              ;         ; Row I/O    ;                 ; no       ; On           ;
; M8       ; 46         ; 1        ; RESERVED_INPUT_WITH_WEAK_PULLUP                           ;        ;              ;         ; Row I/O    ;                 ; no       ; On           ;
; M9       ;            ;          ; VCCINT                                                    ; power  ;              ; 1.2V    ; --         ;                 ; --       ; --           ;
; M10      ;            ;          ; GND                                                       ; gnd    ;              ;         ; --         ;                 ; --       ; --           ;
; M11      ;            ;          ; VCCINT                                                    ; power  ;              ; 1.2V    ; --         ;                 ; --       ; --           ;
; M12      ;            ;          ; GND                                                       ; gnd    ;              ;         ; --         ;                 ; --       ; --           ;
; M13      ;            ;          ; VCCINT                                                    ; power  ;              ; 1.2V    ; --         ;                 ; --       ; --           ;
; M14      ;            ;          ; GND                                                       ; gnd    ;              ;         ; --         ;                 ; --       ; --           ;
; M15      ;            ;          ; VCCINT                                                    ; power  ;              ; 1.2V    ; --         ;                 ; --       ; --           ;
; M16      ;            ;          ; GND                                                       ; gnd    ;              ;         ; --         ;                 ; --       ; --           ;
; M17      ;            ;          ; VCCINT                                                    ; power  ;              ; 1.2V    ; --         ;                 ; --       ; --           ;
; M18      ;            ;          ; GND                                                       ; gnd    ;              ;         ; --         ;                 ; --       ; --           ;
; M19      ;            ;          ; VCCINT                                                    ; power  ;              ; 1.2V    ; --         ;                 ; --       ; --           ;
; M20      ;            ;          ; GND                                                       ; gnd    ;              ;         ; --         ;                 ; --       ; --           ;
; M21      ; 368        ; 6        ; RESERVED_INPUT_WITH_WEAK_PULLUP                           ;        ;              ;         ; Row I/O    ;                 ; --       ; --           ;
; M22      ; 342        ; 6        ; ^MSEL2                                                    ;        ;              ;         ; --         ;                 ; --       ; --           ;
; M23      ; 344        ; 6        ; outA[23]                                                  ; output ; 2.5 V        ;         ; Row I/O    ; N               ; no       ; Off          ;
; M24      ; 347        ; 6        ; outA[13]                                                  ; output ; 2.5 V        ;         ; Row I/O    ; N               ; no       ; Off          ;
; M25      ; 356        ; 6        ; outIR[26]                                                 ; output ; 2.5 V        ;         ; Row I/O    ; N               ; no       ; Off          ;
; M26      ; 355        ; 6        ; outB[16]                                                  ; output ; 2.5 V        ;         ; Row I/O    ; N               ; no       ; Off          ;
; M27      ; 354        ; 6        ; outA[10]                                                  ; output ; 2.5 V        ;         ; Row I/O    ; N               ; no       ; Off          ;
; M28      ; 353        ; 6        ; outB[20]                                                  ; output ; 2.5 V        ;         ; Row I/O    ; N               ; no       ; Off          ;
; N1       ;            ; 1        ; VCCIO1                                                    ; power  ;              ; 2.5V    ; --         ;                 ; --       ; --           ;
; N2       ;            ;          ; GND                                                       ; gnd    ;              ;         ; --         ;                 ; --       ; --           ;
; N3       ; 45         ; 1        ; RESERVED_INPUT_WITH_WEAK_PULLUP                           ;        ;              ;         ; Row I/O    ;                 ; no       ; On           ;
; N4       ; 44         ; 1        ; RESERVED_INPUT_WITH_WEAK_PULLUP                           ;        ;              ;         ; Row I/O    ;                 ; no       ; On           ;
; N5       ;            ; 1        ; VCCIO1                                                    ; power  ;              ; 2.5V    ; --         ;                 ; --       ; --           ;
; N6       ;            ;          ; GND                                                       ; gnd    ;              ;         ; --         ;                 ; --       ; --           ;
; N7       ; 56         ; 1        ; ~ALTERA_DATA0~ / RESERVED_INPUT_WITH_WEAK_PULLUP          ; input  ; 2.5 V        ;         ; Row I/O    ; N               ; no       ; On           ;
; N8       ; 54         ; 1        ; outIR[11]                                                 ; output ; 2.5 V        ;         ; Row I/O    ; N               ; no       ; Off          ;
; N9       ;            ;          ; GND                                                       ; gnd    ;              ;         ; --         ;                 ; --       ; --           ;
; N10      ;            ;          ; VCCINT                                                    ; power  ;              ; 1.2V    ; --         ;                 ; --       ; --           ;
; N11      ;            ;          ; GND                                                       ; gnd    ;              ;         ; --         ;                 ; --       ; --           ;
; N12      ;            ;          ; VCCINT                                                    ; power  ;              ; 1.2V    ; --         ;                 ; --       ; --           ;
; N13      ;            ;          ; GND                                                       ; gnd    ;              ;         ; --         ;                 ; --       ; --           ;
; N14      ;            ;          ; VCCINT                                                    ; power  ;              ; 1.2V    ; --         ;                 ; --       ; --           ;
; N15      ;            ;          ; GND                                                       ; gnd    ;              ;         ; --         ;                 ; --       ; --           ;
; N16      ;            ;          ; VCCINT                                                    ; power  ;              ; 1.2V    ; --         ;                 ; --       ; --           ;
; N17      ;            ;          ; GND                                                       ; gnd    ;              ;         ; --         ;                 ; --       ; --           ;
; N18      ;            ;          ; VCCINT                                                    ; power  ;              ; 1.2V    ; --         ;                 ; --       ; --           ;
; N19      ;            ;          ; GND                                                       ; gnd    ;              ;         ; --         ;                 ; --       ; --           ;
; N20      ;            ;          ; VCCINT                                                    ; power  ;              ; 1.2V    ; --         ;                 ; --       ; --           ;
; N21      ; 348        ; 6        ; outA[9]                                                   ; output ; 2.5 V        ;         ; Row I/O    ; N               ; no       ; Off          ;
; N22      ; 340        ; 6        ; ^MSEL0                                                    ;        ;              ;         ; --         ;                 ; --       ; --           ;
; N23      ;            ;          ; GND                                                       ; gnd    ;              ;         ; --         ;                 ; --       ; --           ;
; N24      ;            ; 6        ; VCCIO6                                                    ; power  ;              ; 2.5V    ; --         ;                 ; --       ; --           ;
; N25      ; 352        ; 6        ; outB[1]                                                   ; output ; 2.5 V        ;         ; Row I/O    ; N               ; no       ; Off          ;
; N26      ; 351        ; 6        ; outIR[27]                                                 ; output ; 2.5 V        ;         ; Row I/O    ; N               ; no       ; Off          ;
; N27      ;            ;          ; GND                                                       ; gnd    ;              ;         ; --         ;                 ; --       ; --           ;
; N28      ;            ; 6        ; VCCIO6                                                    ; power  ;              ; 2.5V    ; --         ;                 ; --       ; --           ;
; P1       ; 53         ; 1        ; memDataOut[26]                                            ; output ; 2.5 V        ;         ; Row I/O    ; N               ; no       ; Off          ;
; P2       ; 52         ; 1        ; memDataOut[16]                                            ; output ; 2.5 V        ;         ; Row I/O    ; N               ; no       ; Off          ;
; P3       ; 55         ; 1        ; ~ALTERA_DCLK~                                             ; output ; 2.5 V        ;         ; Row I/O    ; N               ; no       ; On           ;
; P4       ; 57         ; 1        ; ^nCONFIG                                                  ;        ;              ;         ; --         ;                 ; --       ; --           ;
; P5       ; 59         ; 1        ; #TCK                                                      ; input  ;              ;         ; --         ;                 ; --       ; --           ;
; P6       ; 61         ; 1        ; #TDO                                                      ; output ;              ;         ; --         ;                 ; --       ; --           ;
; P7       ; 58         ; 1        ; #TDI                                                      ; input  ;              ;         ; --         ;                 ; --       ; --           ;
; P8       ; 60         ; 1        ; #TMS                                                      ; input  ;              ;         ; --         ;                 ; --       ; --           ;
; P9       ;            ;          ; VCCINT                                                    ; power  ;              ; 1.2V    ; --         ;                 ; --       ; --           ;
; P10      ;            ;          ; GND                                                       ; gnd    ;              ;         ; --         ;                 ; --       ; --           ;
; P11      ;            ;          ; VCCINT                                                    ; power  ;              ; 1.2V    ; --         ;                 ; --       ; --           ;
; P12      ;            ;          ; GND                                                       ; gnd    ;              ;         ; --         ;                 ; --       ; --           ;
; P13      ;            ;          ; VCCINT                                                    ; power  ;              ; 1.2V    ; --         ;                 ; --       ; --           ;
; P14      ;            ;          ; GND                                                       ; gnd    ;              ;         ; --         ;                 ; --       ; --           ;
; P15      ;            ;          ; VCCINT                                                    ; power  ;              ; 1.2V    ; --         ;                 ; --       ; --           ;
; P16      ;            ;          ; GND                                                       ; gnd    ;              ;         ; --         ;                 ; --       ; --           ;
; P17      ;            ;          ; VCCINT                                                    ; power  ;              ; 1.2V    ; --         ;                 ; --       ; --           ;
; P18      ;            ;          ; GND                                                       ; gnd    ;              ;         ; --         ;                 ; --       ; --           ;
; P19      ;            ;          ; VCCINT                                                    ; power  ;              ; 1.2V    ; --         ;                 ; --       ; --           ;
; P20      ;            ;          ; GND                                                       ; gnd    ;              ;         ; --         ;                 ; --       ; --           ;
; P21      ; 334        ; 5        ; memDataIn[5]                                              ; output ; 2.5 V        ;         ; Row I/O    ; N               ; no       ; Off          ;
; P22      ; 343        ; 6        ; ^MSEL3                                                    ;        ;              ;         ; --         ;                 ; --       ; --           ;
; P23      ; 341        ; 6        ; ^MSEL1                                                    ;        ;              ;         ; --         ;                 ; --       ; --           ;
; P24      ; 339        ; 6        ; ^CONF_DONE                                                ;        ;              ;         ; --         ;                 ; --       ; --           ;
; P25      ; 346        ; 6        ; outA[3]                                                   ; output ; 2.5 V        ;         ; Row I/O    ; N               ; no       ; Off          ;
; P26      ; 345        ; 6        ; outB[23]                                                  ; output ; 2.5 V        ;         ; Row I/O    ; N               ; no       ; Off          ;
; P27      ; 350        ; 6        ; memDataIn[10]                                             ; output ; 2.5 V        ;         ; Row I/O    ; N               ; no       ; Off          ;
; P28      ; 349        ; 6        ; ~ALTERA_nCEO~ / RESERVED_OUTPUT_OPEN_DRAIN                ; output ; 2.5 V        ;         ; Row I/O    ; N               ; no       ; Off          ;
; R1       ; 68         ; 2        ; outPC[21]                                                 ; output ; 2.5 V        ;         ; Row I/O    ; N               ; no       ; Off          ;
; R2       ; 67         ; 2        ; outPC[29]                                                 ; output ; 2.5 V        ;         ; Row I/O    ; N               ; no       ; Off          ;
; R3       ; 73         ; 2        ; memDataOut[30]                                            ; output ; 2.5 V        ;         ; Row I/O    ; N               ; no       ; Off          ;
; R4       ; 74         ; 2        ; outPC[10]                                                 ; output ; 2.5 V        ;         ; Row I/O    ; N               ; no       ; Off          ;
; R5       ; 77         ; 2        ; RESERVED_INPUT_WITH_WEAK_PULLUP                           ;        ;              ;         ; Row I/O    ;                 ; no       ; On           ;
; R6       ; 70         ; 2        ; outPC[11]                                                 ; output ; 2.5 V        ;         ; Row I/O    ; N               ; no       ; Off          ;
; R7       ; 69         ; 2        ; memDataIn[31]                                             ; output ; 2.5 V        ;         ; Row I/O    ; N               ; no       ; Off          ;
; R8       ; 62         ; 1        ; ^nCE                                                      ;        ;              ;         ; --         ;                 ; --       ; --           ;
; R9       ;            ;          ; GND                                                       ; gnd    ;              ;         ; --         ;                 ; --       ; --           ;
; R10      ;            ;          ; VCCINT                                                    ; power  ;              ; 1.2V    ; --         ;                 ; --       ; --           ;
; R11      ;            ;          ; GND                                                       ; gnd    ;              ;         ; --         ;                 ; --       ; --           ;
; R12      ;            ;          ; VCCINT                                                    ; power  ;              ; 1.2V    ; --         ;                 ; --       ; --           ;
; R13      ;            ;          ; GND                                                       ; gnd    ;              ;         ; --         ;                 ; --       ; --           ;
; R14      ;            ;          ; VCCINT                                                    ; power  ;              ; 1.2V    ; --         ;                 ; --       ; --           ;
; R15      ;            ;          ; GND                                                       ; gnd    ;              ;         ; --         ;                 ; --       ; --           ;
; R16      ;            ;          ; VCCINT                                                    ; power  ;              ; 1.2V    ; --         ;                 ; --       ; --           ;
; R17      ;            ;          ; GND                                                       ; gnd    ;              ;         ; --         ;                 ; --       ; --           ;
; R18      ;            ;          ; VCCINT                                                    ; power  ;              ; 1.2V    ; --         ;                 ; --       ; --           ;
; R19      ;            ;          ; GND                                                       ; gnd    ;              ;         ; --         ;                 ; --       ; --           ;
; R20      ;            ;          ; VCCINT                                                    ; power  ;              ; 1.2V    ; --         ;                 ; --       ; --           ;
; R21      ; 333        ; 5        ; outIR[0]                                                  ; output ; 2.5 V        ;         ; Row I/O    ; N               ; no       ; Off          ;
; R22      ; 332        ; 5        ; T_Info[0]                                                 ; output ; 2.5 V        ;         ; Row I/O    ; N               ; no       ; Off          ;
; R23      ; 331        ; 5        ; outPC[18]                                                 ; output ; 2.5 V        ;         ; Row I/O    ; N               ; no       ; Off          ;
; R24      ; 330        ; 5        ; outPC[17]                                                 ; output ; 2.5 V        ;         ; Row I/O    ; N               ; no       ; Off          ;
; R25      ; 327        ; 5        ; memDataIn[24]                                             ; output ; 2.5 V        ;         ; Row I/O    ; N               ; no       ; Off          ;
; R26      ; 326        ; 5        ; outA[15]                                                  ; output ; 2.5 V        ;         ; Row I/O    ; N               ; no       ; Off          ;
; R27      ; 329        ; 5        ; outA[14]                                                  ; output ; 2.5 V        ;         ; Row I/O    ; N               ; no       ; Off          ;
; R28      ; 328        ; 5        ; memDataIn[3]                                              ; output ; 2.5 V        ;         ; Row I/O    ; N               ; no       ; Off          ;
; T1       ;            ; 2        ; VCCIO2                                                    ; power  ;              ; 2.5V    ; --         ;                 ; --       ; --           ;
; T2       ;            ;          ; GND                                                       ; gnd    ;              ;         ; --         ;                 ; --       ; --           ;
; T3       ; 76         ; 2        ; RESERVED_INPUT_WITH_WEAK_PULLUP                           ;        ;              ;         ; Row I/O    ;                 ; no       ; On           ;
; T4       ; 75         ; 2        ; outPC[9]                                                  ; output ; 2.5 V        ;         ; Row I/O    ; N               ; no       ; Off          ;
; T5       ;            ; 2        ; VCCIO2                                                    ; power  ;              ; 2.5V    ; --         ;                 ; --       ; --           ;
; T6       ;            ;          ; GND                                                       ; gnd    ;              ;         ; --         ;                 ; --       ; --           ;
; T7       ; 78         ; 2        ; RESERVED_INPUT_WITH_WEAK_PULLUP                           ;        ;              ;         ; Row I/O    ;                 ; --       ; --           ;
; T8       ; 100        ; 2        ; RESERVED_INPUT_WITH_WEAK_PULLUP                           ;        ;              ;         ; Row I/O    ;                 ; --       ; --           ;
; T9       ;            ;          ; VCCINT                                                    ; power  ;              ; 1.2V    ; --         ;                 ; --       ; --           ;
; T10      ;            ;          ; GND                                                       ; gnd    ;              ;         ; --         ;                 ; --       ; --           ;
; T11      ;            ;          ; VCCINT                                                    ; power  ;              ; 1.2V    ; --         ;                 ; --       ; --           ;
; T12      ;            ;          ; GND                                                       ; gnd    ;              ;         ; --         ;                 ; --       ; --           ;
; T13      ;            ;          ; VCCINT                                                    ; power  ;              ; 1.2V    ; --         ;                 ; --       ; --           ;
; T14      ;            ;          ; GND                                                       ; gnd    ;              ;         ; --         ;                 ; --       ; --           ;
; T15      ;            ;          ; VCCINT                                                    ; power  ;              ; 1.2V    ; --         ;                 ; --       ; --           ;
; T16      ;            ;          ; GND                                                       ; gnd    ;              ;         ; --         ;                 ; --       ; --           ;
; T17      ;            ;          ; VCCINT                                                    ; power  ;              ; 1.2V    ; --         ;                 ; --       ; --           ;
; T18      ;            ;          ; GND                                                       ; gnd    ;              ;         ; --         ;                 ; --       ; --           ;
; T19      ;            ;          ; VCCINT                                                    ; power  ;              ; 1.2V    ; --         ;                 ; --       ; --           ;
; T20      ;            ;          ; GND                                                       ; gnd    ;              ;         ; --         ;                 ; --       ; --           ;
; T21      ; 325        ; 5        ; outA[12]                                                  ; output ; 2.5 V        ;         ; Row I/O    ; N               ; no       ; Off          ;
; T22      ; 324        ; 5        ; memDataOut[31]                                            ; output ; 2.5 V        ;         ; Row I/O    ; N               ; no       ; Off          ;
; T23      ;            ;          ; GND                                                       ; gnd    ;              ;         ; --         ;                 ; --       ; --           ;
; T24      ;            ; 5        ; VCCIO5                                                    ; power  ;              ; 2.5V    ; --         ;                 ; --       ; --           ;
; T25      ; 323        ; 5        ; memDataIn[23]                                             ; output ; 2.5 V        ;         ; Row I/O    ; N               ; no       ; Off          ;
; T26      ; 322        ; 5        ; outB[29]                                                  ; output ; 2.5 V        ;         ; Row I/O    ; N               ; no       ; Off          ;
; T27      ;            ;          ; GND                                                       ; gnd    ;              ;         ; --         ;                 ; --       ; --           ;
; T28      ;            ; 5        ; VCCIO5                                                    ; power  ;              ; 2.5V    ; --         ;                 ; --       ; --           ;
; U1       ; 80         ; 2        ; RESERVED_INPUT_WITH_WEAK_PULLUP                           ;        ;              ;         ; Row I/O    ;                 ; no       ; On           ;
; U2       ; 79         ; 2        ; RESERVED_INPUT_WITH_WEAK_PULLUP                           ;        ;              ;         ; Row I/O    ;                 ; no       ; On           ;
; U3       ; 71         ; 2        ; outIR[9]                                                  ; output ; 2.5 V        ;         ; Row I/O    ; N               ; no       ; Off          ;
; U4       ; 72         ; 2        ; memDataIn[28]                                             ; output ; 2.5 V        ;         ; Row I/O    ; N               ; no       ; Off          ;
; U5       ; 90         ; 2        ; RESERVED_INPUT_WITH_WEAK_PULLUP                           ;        ;              ;         ; Row I/O    ;                 ; no       ; On           ;
; U6       ; 89         ; 2        ; RESERVED_INPUT_WITH_WEAK_PULLUP                           ;        ;              ;         ; Row I/O    ;                 ; no       ; On           ;
; U7       ; 103        ; 2        ; RESERVED_INPUT_WITH_WEAK_PULLUP                           ;        ;              ;         ; Row I/O    ;                 ; no       ; On           ;
; U8       ; 104        ; 2        ; RESERVED_INPUT_WITH_WEAK_PULLUP                           ;        ;              ;         ; Row I/O    ;                 ; no       ; On           ;
; U9       ;            ;          ; GND                                                       ; gnd    ;              ;         ; --         ;                 ; --       ; --           ;
; U10      ;            ;          ; VCCINT                                                    ; power  ;              ; 1.2V    ; --         ;                 ; --       ; --           ;
; U11      ;            ;          ; GND                                                       ; gnd    ;              ;         ; --         ;                 ; --       ; --           ;
; U12      ;            ;          ; VCCINT                                                    ; power  ;              ; 1.2V    ; --         ;                 ; --       ; --           ;
; U13      ;            ;          ; GND                                                       ; gnd    ;              ;         ; --         ;                 ; --       ; --           ;
; U14      ;            ;          ; VCCINT                                                    ; power  ;              ; 1.2V    ; --         ;                 ; --       ; --           ;
; U15      ;            ;          ; GND                                                       ; gnd    ;              ;         ; --         ;                 ; --       ; --           ;
; U16      ;            ;          ; VCCINT                                                    ; power  ;              ; 1.2V    ; --         ;                 ; --       ; --           ;
; U17      ;            ;          ; GND                                                       ; gnd    ;              ;         ; --         ;                 ; --       ; --           ;
; U18      ;            ;          ; VCCINT                                                    ; power  ;              ; 1.2V    ; --         ;                 ; --       ; --           ;
; U19      ;            ;          ; GND                                                       ; gnd    ;              ;         ; --         ;                 ; --       ; --           ;
; U20      ;            ;          ; VCCINT                                                    ; power  ;              ; 1.2V    ; --         ;                 ; --       ; --           ;
; U21      ; 319        ; 5        ; memDataIn[8]                                              ; output ; 2.5 V        ;         ; Row I/O    ; N               ; no       ; Off          ;
; U22      ; 313        ; 5        ; RESERVED_INPUT_WITH_WEAK_PULLUP                           ;        ;              ;         ; Row I/O    ;                 ; no       ; On           ;
; U23      ; 305        ; 5        ; RESERVED_INPUT_WITH_WEAK_PULLUP                           ;        ;              ;         ; Row I/O    ;                 ; --       ; --           ;
; U24      ; 316        ; 5        ; memDataOut[14]                                            ; output ; 2.5 V        ;         ; Row I/O    ; N               ; no       ; Off          ;
; U25      ; 315        ; 5        ; addrOut[4]                                                ; output ; 2.5 V        ;         ; Row I/O    ; N               ; no       ; Off          ;
; U26      ; 314        ; 5        ; outPC[4]                                                  ; output ; 2.5 V        ;         ; Row I/O    ; N               ; no       ; Off          ;
; U27      ; 318        ; 5        ; outA[30]                                                  ; output ; 2.5 V        ;         ; Row I/O    ; N               ; no       ; Off          ;
; U28      ; 317        ; 5        ; rst                                                       ; input  ; 2.5 V        ;         ; Row I/O    ; N               ; no       ; Off          ;
; V1       ; 84         ; 2        ; RESERVED_INPUT_WITH_WEAK_PULLUP                           ;        ;              ;         ; Row I/O    ;                 ; no       ; On           ;
; V2       ; 83         ; 2        ; RESERVED_INPUT_WITH_WEAK_PULLUP                           ;        ;              ;         ; Row I/O    ;                 ; no       ; On           ;
; V3       ; 82         ; 2        ; RESERVED_INPUT_WITH_WEAK_PULLUP                           ;        ;              ;         ; Row I/O    ;                 ; no       ; On           ;
; V4       ; 81         ; 2        ; RESERVED_INPUT_WITH_WEAK_PULLUP                           ;        ;              ;         ; Row I/O    ;                 ; no       ; On           ;
; V5       ; 108        ; 2        ; RESERVED_INPUT_WITH_WEAK_PULLUP                           ;        ;              ;         ; Row I/O    ;                 ; no       ; On           ;
; V6       ; 107        ; 2        ; RESERVED_INPUT_WITH_WEAK_PULLUP                           ;        ;              ;         ; Row I/O    ;                 ; no       ; On           ;
; V7       ; 110        ; 2        ; RESERVED_INPUT_WITH_WEAK_PULLUP                           ;        ;              ;         ; Row I/O    ;                 ; no       ; On           ;
; V8       ; 109        ; 2        ; RESERVED_INPUT_WITH_WEAK_PULLUP                           ;        ;              ;         ; Row I/O    ;                 ; no       ; On           ;
; V9       ;            ;          ; VCCINT                                                    ; power  ;              ; 1.2V    ; --         ;                 ; --       ; --           ;
; V10      ;            ;          ; GND                                                       ; gnd    ;              ;         ; --         ;                 ; --       ; --           ;
; V11      ;            ;          ; VCCINT                                                    ; power  ;              ; 1.2V    ; --         ;                 ; --       ; --           ;
; V12      ;            ;          ; GND                                                       ; gnd    ;              ;         ; --         ;                 ; --       ; --           ;
; V13      ;            ;          ; VCCINT                                                    ; power  ;              ; 1.2V    ; --         ;                 ; --       ; --           ;
; V14      ;            ;          ; GND                                                       ; gnd    ;              ;         ; --         ;                 ; --       ; --           ;
; V15      ;            ;          ; VCCINT                                                    ; power  ;              ; 1.2V    ; --         ;                 ; --       ; --           ;
; V16      ;            ;          ; GND                                                       ; gnd    ;              ;         ; --         ;                 ; --       ; --           ;
; V17      ;            ;          ; VCCINT                                                    ; power  ;              ; 1.2V    ; --         ;                 ; --       ; --           ;
; V18      ;            ;          ; GND                                                       ; gnd    ;              ;         ; --         ;                 ; --       ; --           ;
; V19      ;            ;          ; VCCINT                                                    ; power  ;              ; 1.2V    ; --         ;                 ; --       ; --           ;
; V20      ;            ;          ; GND                                                       ; gnd    ;              ;         ; --         ;                 ; --       ; --           ;
; V21      ; 311        ; 5        ; RESERVED_INPUT_WITH_WEAK_PULLUP                           ;        ;              ;         ; Row I/O    ;                 ; no       ; On           ;
; V22      ; 312        ; 5        ; memDataIn[12]                                             ; output ; 2.5 V        ;         ; Row I/O    ; N               ; no       ; Off          ;
; V23      ; 309        ; 5        ; RESERVED_INPUT_WITH_WEAK_PULLUP                           ;        ;              ;         ; Row I/O    ;                 ; no       ; On           ;
; V24      ; 308        ; 5        ; RESERVED_INPUT_WITH_WEAK_PULLUP                           ;        ;              ;         ; Row I/O    ;                 ; no       ; On           ;
; V25      ; 307        ; 5        ; RESERVED_INPUT_WITH_WEAK_PULLUP                           ;        ;              ;         ; Row I/O    ;                 ; no       ; On           ;
; V26      ; 306        ; 5        ; RESERVED_INPUT_WITH_WEAK_PULLUP                           ;        ;              ;         ; Row I/O    ;                 ; no       ; On           ;
; V27      ; 304        ; 5        ; RESERVED_INPUT_WITH_WEAK_PULLUP                           ;        ;              ;         ; Row I/O    ;                 ; no       ; On           ;
; V28      ; 303        ; 5        ; RESERVED_INPUT_WITH_WEAK_PULLUP                           ;        ;              ;         ; Row I/O    ;                 ; no       ; On           ;
; W1       ; 88         ; 2        ; RESERVED_INPUT_WITH_WEAK_PULLUP                           ;        ;              ;         ; Row I/O    ;                 ; no       ; On           ;
; W2       ; 87         ; 2        ; RESERVED_INPUT_WITH_WEAK_PULLUP                           ;        ;              ;         ; Row I/O    ;                 ; no       ; On           ;
; W3       ; 112        ; 2        ; RESERVED_INPUT_WITH_WEAK_PULLUP                           ;        ;              ;         ; Row I/O    ;                 ; no       ; On           ;
; W4       ; 111        ; 2        ; RESERVED_INPUT_WITH_WEAK_PULLUP                           ;        ;              ;         ; Row I/O    ;                 ; no       ; On           ;
; W5       ;            ; 2        ; VCCIO2                                                    ; power  ;              ; 2.5V    ; --         ;                 ; --       ; --           ;
; W6       ;            ;          ; GND                                                       ; gnd    ;              ;         ; --         ;                 ; --       ; --           ;
; W7       ; 115        ; 2        ; RESERVED_INPUT_WITH_WEAK_PULLUP                           ;        ;              ;         ; Row I/O    ;                 ; no       ; On           ;
; W8       ; 116        ; 2        ; RESERVED_INPUT_WITH_WEAK_PULLUP                           ;        ;              ;         ; Row I/O    ;                 ; no       ; On           ;
; W9       ;            ;          ; GND                                                       ; gnd    ;              ;         ; --         ;                 ; --       ; --           ;
; W10      ;            ;          ; VCCINT                                                    ; power  ;              ; 1.2V    ; --         ;                 ; --       ; --           ;
; W11      ;            ;          ; GND                                                       ; gnd    ;              ;         ; --         ;                 ; --       ; --           ;
; W12      ;            ;          ; VCCINT                                                    ; power  ;              ; 1.2V    ; --         ;                 ; --       ; --           ;
; W13      ;            ;          ; GND                                                       ; gnd    ;              ;         ; --         ;                 ; --       ; --           ;
; W14      ;            ;          ; VCCINT                                                    ; power  ;              ; 1.2V    ; --         ;                 ; --       ; --           ;
; W15      ;            ;          ; GND                                                       ; gnd    ;              ;         ; --         ;                 ; --       ; --           ;
; W16      ;            ;          ; VCCINT                                                    ; power  ;              ; 1.2V    ; --         ;                 ; --       ; --           ;
; W17      ;            ;          ; GND                                                       ; gnd    ;              ;         ; --         ;                 ; --       ; --           ;
; W18      ;            ;          ; VCCINT                                                    ; power  ;              ; 1.2V    ; --         ;                 ; --       ; --           ;
; W19      ;            ;          ; GND                                                       ; gnd    ;              ;         ; --         ;                 ; --       ; --           ;
; W20      ;            ;          ; VCCINT                                                    ; power  ;              ; 1.2V    ; --         ;                 ; --       ; --           ;
; W21      ; 310        ; 5        ; RESERVED_INPUT_WITH_WEAK_PULLUP                           ;        ;              ;         ; Row I/O    ;                 ; no       ; On           ;
; W22      ; 321        ; 5        ; outA[18]                                                  ; output ; 2.5 V        ;         ; Row I/O    ; N               ; no       ; Off          ;
; W23      ;            ;          ; GND                                                       ; gnd    ;              ;         ; --         ;                 ; --       ; --           ;
; W24      ;            ; 5        ; VCCIO5                                                    ; power  ;              ; 2.5V    ; --         ;                 ; --       ; --           ;
; W25      ; 300        ; 5        ; RESERVED_INPUT_WITH_WEAK_PULLUP                           ;        ;              ;         ; Row I/O    ;                 ; no       ; On           ;
; W26      ; 299        ; 5        ; RESERVED_INPUT_WITH_WEAK_PULLUP                           ;        ;              ;         ; Row I/O    ;                 ; no       ; On           ;
; W27      ; 301        ; 5        ; RESERVED_INPUT_WITH_WEAK_PULLUP                           ;        ;              ;         ; Row I/O    ;                 ; no       ; On           ;
; W28      ; 302        ; 5        ; RESERVED_INPUT_WITH_WEAK_PULLUP                           ;        ;              ;         ; Row I/O    ;                 ; no       ; On           ;
; Y1       ; 66         ; 2        ; GND+                                                      ;        ;              ;         ; Row I/O    ;                 ; --       ; --           ;
; Y2       ; 65         ; 2        ; memClk                                                    ; input  ; 2.5 V        ;         ; Row I/O    ; N               ; no       ; Off          ;
; Y3       ; 92         ; 2        ; RESERVED_INPUT_WITH_WEAK_PULLUP                           ;        ;              ;         ; Row I/O    ;                 ; no       ; On           ;
; Y4       ; 91         ; 2        ; RESERVED_INPUT_WITH_WEAK_PULLUP                           ;        ;              ;         ; Row I/O    ;                 ; no       ; On           ;
; Y5       ; 114        ; 2        ; RESERVED_INPUT_WITH_WEAK_PULLUP                           ;        ;              ;         ; Row I/O    ;                 ; no       ; On           ;
; Y6       ; 113        ; 2        ; RESERVED_INPUT_WITH_WEAK_PULLUP                           ;        ;              ;         ; Row I/O    ;                 ; no       ; On           ;
; Y7       ; 117        ; 2        ; RESERVED_INPUT_WITH_WEAK_PULLUP                           ;        ;              ;         ; Row I/O    ;                 ; no       ; On           ;
; Y8       ;            ; --       ; VCCA1                                                     ; power  ;              ; 2.5V    ; --         ;                 ; --       ; --           ;
; Y9       ;            ;          ; VCCD_PLL1                                                 ; power  ;              ; 1.2V    ; --         ;                 ; --       ; --           ;
; Y10      ; 140        ; 3        ; RESERVED_INPUT_WITH_WEAK_PULLUP                           ;        ;              ;         ; Column I/O ;                 ; --       ; --           ;
; Y11      ;            ;          ; GND                                                       ; gnd    ;              ;         ; --         ;                 ; --       ; --           ;
; Y12      ; 187        ; 3        ; outB[18]                                                  ; output ; 2.5 V        ;         ; Column I/O ; N               ; no       ; Off          ;
; Y13      ; 189        ; 3        ; memDataIn[20]                                             ; output ; 2.5 V        ;         ; Column I/O ; N               ; no       ; Off          ;
; Y14      ; 197        ; 3        ; memDataIn[0]                                              ; output ; 2.5 V        ;         ; Column I/O ; N               ; no       ; Off          ;
; Y15      ; 198        ; 3        ; memDataOut[2]                                             ; output ; 2.5 V        ;         ; Column I/O ; N               ; no       ; Off          ;
; Y16      ; 250        ; 4        ; RESERVED_INPUT_WITH_WEAK_PULLUP                           ;        ;              ;         ; Column I/O ;                 ; no       ; On           ;
; Y17      ; 249        ; 4        ; RESERVED_INPUT_WITH_WEAK_PULLUP                           ;        ;              ;         ; Column I/O ;                 ; no       ; On           ;
; Y18      ;            ;          ; GND                                                       ; gnd    ;              ;         ; --         ;                 ; --       ; --           ;
; Y19      ; 263        ; 4        ; RESERVED_INPUT_WITH_WEAK_PULLUP                           ;        ;              ;         ; Column I/O ;                 ; no       ; On           ;
; Y20      ;            ;          ; VCCD_PLL4                                                 ; power  ;              ; 1.2V    ; --         ;                 ; --       ; --           ;
; Y21      ;            ; --       ; VCCA4                                                     ; power  ;              ; 2.5V    ; --         ;                 ; --       ; --           ;
; Y22      ; 320        ; 5        ; outB[30]                                                  ; output ; 2.5 V        ;         ; Row I/O    ; N               ; no       ; Off          ;
; Y23      ; 288        ; 5        ; RESERVED_INPUT_WITH_WEAK_PULLUP                           ;        ;              ;         ; Row I/O    ;                 ; no       ; On           ;
; Y24      ; 287        ; 5        ; RESERVED_INPUT_WITH_WEAK_PULLUP                           ;        ;              ;         ; Row I/O    ;                 ; no       ; On           ;
; Y25      ; 298        ; 5        ; RESERVED_INPUT_WITH_WEAK_PULLUP                           ;        ;              ;         ; Row I/O    ;                 ; no       ; On           ;
; Y26      ; 297        ; 5        ; RESERVED_INPUT_WITH_WEAK_PULLUP                           ;        ;              ;         ; Row I/O    ;                 ; no       ; On           ;
; Y27      ; 336        ; 5        ; GND+                                                      ;        ;              ;         ; Row I/O    ;                 ; --       ; --           ;
; Y28      ; 335        ; 5        ; GND+                                                      ;        ;              ;         ; Row I/O    ;                 ; --       ; --           ;
+----------+------------+----------+-----------------------------------------------------------+--------+--------------+---------+------------+-----------------+----------+--------------+
Note: Pin directions (input, output or bidir) are based on device operating in user mode.


+---------------------------------------------------------------------------------------------------------------------------------------------------------------------------------------------------------------------------------------------------------------------------------------------------------------------------------------------------------------------------------------------+
; Fitter Resource Utilization by Entity                                                                                                                                                                                                                                                                                                                                                       ;
+-------------------------------------------------+-------------+---------------------------+---------------+-------------+------+--------------+---------+-----------+------+--------------+--------------+-------------------+------------------+----------------------------------------------------------------------------------------------------------------------------+--------------+
; Compilation Hierarchy Node                      ; Logic Cells ; Dedicated Logic Registers ; I/O Registers ; Memory Bits ; M9Ks ; DSP Elements ; DSP 9x9 ; DSP 18x18 ; Pins ; Virtual Pins ; LUT-Only LCs ; Register-Only LCs ; LUT/Register LCs ; Full Hierarchy Name                                                                                                        ; Library Name ;
+-------------------------------------------------+-------------+---------------------------+---------------+-------------+------+--------------+---------+-----------+------+--------------+--------------+-------------------+------------------+----------------------------------------------------------------------------------------------------------------------------+--------------+
; |CPU_TEST_Sim                                   ; 642 (1)     ; 174 (0)                   ; 0 (0)         ; 10240       ; 2    ; 0            ; 0       ; 0         ; 209  ; 0            ; 468 (1)      ; 11 (0)            ; 163 (0)          ; |CPU_TEST_Sim                                                                                                              ; work         ;
;    |cpu1:main_processor|                        ; 641 (0)     ; 174 (0)                   ; 0 (0)         ; 8192        ; 1    ; 0            ; 0       ; 0         ; 0    ; 0            ; 467 (0)      ; 11 (0)            ; 163 (0)          ; |CPU_TEST_Sim|cpu1:main_processor                                                                                          ; work         ;
;       |control_new:control_unit|                ; 49 (49)     ; 8 (8)                     ; 0 (0)         ; 0           ; 0    ; 0            ; 0       ; 0         ; 0    ; 0            ; 35 (35)      ; 2 (2)             ; 12 (12)          ; |CPU_TEST_Sim|cpu1:main_processor|control_new:control_unit                                                                 ; work         ;
;       |data_path:dat|                           ; 590 (0)     ; 160 (0)                   ; 0 (0)         ; 8192        ; 1    ; 0            ; 0       ; 0         ; 0    ; 0            ; 430 (0)      ; 8 (0)             ; 152 (0)          ; |CPU_TEST_Sim|cpu1:main_processor|data_path:dat                                                                            ; work         ;
;          |alu:ALU0|                             ; 106 (12)    ; 0 (0)                     ; 0 (0)         ; 0           ; 0    ; 0            ; 0       ; 0         ; 0    ; 0            ; 104 (12)     ; 0 (0)             ; 2 (0)            ; |CPU_TEST_Sim|cpu1:main_processor|data_path:dat|alu:ALU0                                                                   ; work         ;
;             |adder32:add0|                      ; 37 (0)      ; 0 (0)                     ; 0 (0)         ; 0           ; 0    ; 0            ; 0       ; 0         ; 0    ; 0            ; 36 (0)       ; 0 (0)             ; 1 (0)            ; |CPU_TEST_Sim|cpu1:main_processor|data_path:dat|alu:ALU0|adder32:add0                                                      ; work         ;
;                |adder16:stage0|                 ; 16 (0)      ; 0 (0)                     ; 0 (0)         ; 0           ; 0    ; 0            ; 0       ; 0         ; 0    ; 0            ; 16 (0)       ; 0 (0)             ; 0 (0)            ; |CPU_TEST_Sim|cpu1:main_processor|data_path:dat|alu:ALU0|adder32:add0|adder16:stage0                                       ; work         ;
;                   |adder4:stage0|               ; 4 (0)       ; 0 (0)                     ; 0 (0)         ; 0           ; 0    ; 0            ; 0       ; 0         ; 0    ; 0            ; 4 (0)        ; 0 (0)             ; 0 (0)            ; |CPU_TEST_Sim|cpu1:main_processor|data_path:dat|alu:ALU0|adder32:add0|adder16:stage0|adder4:stage0                         ; work         ;
;                      |fulladd:stage0|           ; 1 (1)       ; 0 (0)                     ; 0 (0)         ; 0           ; 0    ; 0            ; 0       ; 0         ; 0    ; 0            ; 1 (1)        ; 0 (0)             ; 0 (0)            ; |CPU_TEST_Sim|cpu1:main_processor|data_path:dat|alu:ALU0|adder32:add0|adder16:stage0|adder4:stage0|fulladd:stage0          ; work         ;
;                      |fulladd:stage1|           ; 1 (1)       ; 0 (0)                     ; 0 (0)         ; 0           ; 0    ; 0            ; 0       ; 0         ; 0    ; 0            ; 1 (1)        ; 0 (0)             ; 0 (0)            ; |CPU_TEST_Sim|cpu1:main_processor|data_path:dat|alu:ALU0|adder32:add0|adder16:stage0|adder4:stage0|fulladd:stage1          ; work         ;
;                      |fulladd:stage2|           ; 1 (1)       ; 0 (0)                     ; 0 (0)         ; 0           ; 0    ; 0            ; 0       ; 0         ; 0    ; 0            ; 1 (1)        ; 0 (0)             ; 0 (0)            ; |CPU_TEST_Sim|cpu1:main_processor|data_path:dat|alu:ALU0|adder32:add0|adder16:stage0|adder4:stage0|fulladd:stage2          ; work         ;
;                      |fulladd:stage3|           ; 1 (1)       ; 0 (0)                     ; 0 (0)         ; 0           ; 0    ; 0            ; 0       ; 0         ; 0    ; 0            ; 1 (1)        ; 0 (0)             ; 0 (0)            ; |CPU_TEST_Sim|cpu1:main_processor|data_path:dat|alu:ALU0|adder32:add0|adder16:stage0|adder4:stage0|fulladd:stage3          ; work         ;
;                   |adder4:stage1|               ; 4 (0)       ; 0 (0)                     ; 0 (0)         ; 0           ; 0    ; 0            ; 0       ; 0         ; 0    ; 0            ; 4 (0)        ; 0 (0)             ; 0 (0)            ; |CPU_TEST_Sim|cpu1:main_processor|data_path:dat|alu:ALU0|adder32:add0|adder16:stage0|adder4:stage1                         ; work         ;
;                      |fulladd:stage0|           ; 1 (1)       ; 0 (0)                     ; 0 (0)         ; 0           ; 0    ; 0            ; 0       ; 0         ; 0    ; 0            ; 1 (1)        ; 0 (0)             ; 0 (0)            ; |CPU_TEST_Sim|cpu1:main_processor|data_path:dat|alu:ALU0|adder32:add0|adder16:stage0|adder4:stage1|fulladd:stage0          ; work         ;
;                      |fulladd:stage1|           ; 1 (1)       ; 0 (0)                     ; 0 (0)         ; 0           ; 0    ; 0            ; 0       ; 0         ; 0    ; 0            ; 1 (1)        ; 0 (0)             ; 0 (0)            ; |CPU_TEST_Sim|cpu1:main_processor|data_path:dat|alu:ALU0|adder32:add0|adder16:stage0|adder4:stage1|fulladd:stage1          ; work         ;
;                      |fulladd:stage2|           ; 1 (1)       ; 0 (0)                     ; 0 (0)         ; 0           ; 0    ; 0            ; 0       ; 0         ; 0    ; 0            ; 1 (1)        ; 0 (0)             ; 0 (0)            ; |CPU_TEST_Sim|cpu1:main_processor|data_path:dat|alu:ALU0|adder32:add0|adder16:stage0|adder4:stage1|fulladd:stage2          ; work         ;
;                      |fulladd:stage3|           ; 1 (1)       ; 0 (0)                     ; 0 (0)         ; 0           ; 0    ; 0            ; 0       ; 0         ; 0    ; 0            ; 1 (1)        ; 0 (0)             ; 0 (0)            ; |CPU_TEST_Sim|cpu1:main_processor|data_path:dat|alu:ALU0|adder32:add0|adder16:stage0|adder4:stage1|fulladd:stage3          ; work         ;
;                   |adder4:stage2|               ; 4 (0)       ; 0 (0)                     ; 0 (0)         ; 0           ; 0    ; 0            ; 0       ; 0         ; 0    ; 0            ; 4 (0)        ; 0 (0)             ; 0 (0)            ; |CPU_TEST_Sim|cpu1:main_processor|data_path:dat|alu:ALU0|adder32:add0|adder16:stage0|adder4:stage2                         ; work         ;
;                      |fulladd:stage0|           ; 1 (1)       ; 0 (0)                     ; 0 (0)         ; 0           ; 0    ; 0            ; 0       ; 0         ; 0    ; 0            ; 1 (1)        ; 0 (0)             ; 0 (0)            ; |CPU_TEST_Sim|cpu1:main_processor|data_path:dat|alu:ALU0|adder32:add0|adder16:stage0|adder4:stage2|fulladd:stage0          ; work         ;
;                      |fulladd:stage1|           ; 1 (1)       ; 0 (0)                     ; 0 (0)         ; 0           ; 0    ; 0            ; 0       ; 0         ; 0    ; 0            ; 1 (1)        ; 0 (0)             ; 0 (0)            ; |CPU_TEST_Sim|cpu1:main_processor|data_path:dat|alu:ALU0|adder32:add0|adder16:stage0|adder4:stage2|fulladd:stage1          ; work         ;
;                      |fulladd:stage2|           ; 1 (1)       ; 0 (0)                     ; 0 (0)         ; 0           ; 0    ; 0            ; 0       ; 0         ; 0    ; 0            ; 1 (1)        ; 0 (0)             ; 0 (0)            ; |CPU_TEST_Sim|cpu1:main_processor|data_path:dat|alu:ALU0|adder32:add0|adder16:stage0|adder4:stage2|fulladd:stage2          ; work         ;
;                      |fulladd:stage3|           ; 1 (1)       ; 0 (0)                     ; 0 (0)         ; 0           ; 0    ; 0            ; 0       ; 0         ; 0    ; 0            ; 1 (1)        ; 0 (0)             ; 0 (0)            ; |CPU_TEST_Sim|cpu1:main_processor|data_path:dat|alu:ALU0|adder32:add0|adder16:stage0|adder4:stage2|fulladd:stage3          ; work         ;
;                   |adder4:stage3|               ; 4 (0)       ; 0 (0)                     ; 0 (0)         ; 0           ; 0    ; 0            ; 0       ; 0         ; 0    ; 0            ; 4 (0)        ; 0 (0)             ; 0 (0)            ; |CPU_TEST_Sim|cpu1:main_processor|data_path:dat|alu:ALU0|adder32:add0|adder16:stage0|adder4:stage3                         ; work         ;
;                      |fulladd:stage0|           ; 1 (1)       ; 0 (0)                     ; 0 (0)         ; 0           ; 0    ; 0            ; 0       ; 0         ; 0    ; 0            ; 1 (1)        ; 0 (0)             ; 0 (0)            ; |CPU_TEST_Sim|cpu1:main_processor|data_path:dat|alu:ALU0|adder32:add0|adder16:stage0|adder4:stage3|fulladd:stage0          ; work         ;
;                      |fulladd:stage1|           ; 1 (1)       ; 0 (0)                     ; 0 (0)         ; 0           ; 0    ; 0            ; 0       ; 0         ; 0    ; 0            ; 1 (1)        ; 0 (0)             ; 0 (0)            ; |CPU_TEST_Sim|cpu1:main_processor|data_path:dat|alu:ALU0|adder32:add0|adder16:stage0|adder4:stage3|fulladd:stage1          ; work         ;
;                      |fulladd:stage2|           ; 1 (1)       ; 0 (0)                     ; 0 (0)         ; 0           ; 0    ; 0            ; 0       ; 0         ; 0    ; 0            ; 1 (1)        ; 0 (0)             ; 0 (0)            ; |CPU_TEST_Sim|cpu1:main_processor|data_path:dat|alu:ALU0|adder32:add0|adder16:stage0|adder4:stage3|fulladd:stage2          ; work         ;
;                      |fulladd:stage3|           ; 1 (1)       ; 0 (0)                     ; 0 (0)         ; 0           ; 0    ; 0            ; 0       ; 0         ; 0    ; 0            ; 1 (1)        ; 0 (0)             ; 0 (0)            ; |CPU_TEST_Sim|cpu1:main_processor|data_path:dat|alu:ALU0|adder32:add0|adder16:stage0|adder4:stage3|fulladd:stage3          ; work         ;
;                |adder16:stage1|                 ; 21 (0)      ; 0 (0)                     ; 0 (0)         ; 0           ; 0    ; 0            ; 0       ; 0         ; 0    ; 0            ; 20 (0)       ; 0 (0)             ; 1 (0)            ; |CPU_TEST_Sim|cpu1:main_processor|data_path:dat|alu:ALU0|adder32:add0|adder16:stage1                                       ; work         ;
;                   |adder4:stage0|               ; 7 (0)       ; 0 (0)                     ; 0 (0)         ; 0           ; 0    ; 0            ; 0       ; 0         ; 0    ; 0            ; 6 (0)        ; 0 (0)             ; 1 (0)            ; |CPU_TEST_Sim|cpu1:main_processor|data_path:dat|alu:ALU0|adder32:add0|adder16:stage1|adder4:stage0                         ; work         ;
;                      |fulladd:stage0|           ; 1 (1)       ; 0 (0)                     ; 0 (0)         ; 0           ; 0    ; 0            ; 0       ; 0         ; 0    ; 0            ; 1 (1)        ; 0 (0)             ; 0 (0)            ; |CPU_TEST_Sim|cpu1:main_processor|data_path:dat|alu:ALU0|adder32:add0|adder16:stage1|adder4:stage0|fulladd:stage0          ; work         ;
;                      |fulladd:stage1|           ; 1 (1)       ; 0 (0)                     ; 0 (0)         ; 0           ; 0    ; 0            ; 0       ; 0         ; 0    ; 0            ; 1 (1)        ; 0 (0)             ; 0 (0)            ; |CPU_TEST_Sim|cpu1:main_processor|data_path:dat|alu:ALU0|adder32:add0|adder16:stage1|adder4:stage0|fulladd:stage1          ; work         ;
;                      |fulladd:stage2|           ; 1 (1)       ; 0 (0)                     ; 0 (0)         ; 0           ; 0    ; 0            ; 0       ; 0         ; 0    ; 0            ; 1 (1)        ; 0 (0)             ; 0 (0)            ; |CPU_TEST_Sim|cpu1:main_processor|data_path:dat|alu:ALU0|adder32:add0|adder16:stage1|adder4:stage0|fulladd:stage2          ; work         ;
;                      |fulladd:stage3|           ; 4 (4)       ; 0 (0)                     ; 0 (0)         ; 0           ; 0    ; 0            ; 0       ; 0         ; 0    ; 0            ; 3 (3)        ; 0 (0)             ; 1 (1)            ; |CPU_TEST_Sim|cpu1:main_processor|data_path:dat|alu:ALU0|adder32:add0|adder16:stage1|adder4:stage0|fulladd:stage3          ; work         ;
;                   |adder4:stage1|               ; 5 (0)       ; 0 (0)                     ; 0 (0)         ; 0           ; 0    ; 0            ; 0       ; 0         ; 0    ; 0            ; 5 (0)        ; 0 (0)             ; 0 (0)            ; |CPU_TEST_Sim|cpu1:main_processor|data_path:dat|alu:ALU0|adder32:add0|adder16:stage1|adder4:stage1                         ; work         ;
;                      |fulladd:stage0|           ; 1 (1)       ; 0 (0)                     ; 0 (0)         ; 0           ; 0    ; 0            ; 0       ; 0         ; 0    ; 0            ; 1 (1)        ; 0 (0)             ; 0 (0)            ; |CPU_TEST_Sim|cpu1:main_processor|data_path:dat|alu:ALU0|adder32:add0|adder16:stage1|adder4:stage1|fulladd:stage0          ; work         ;
;                      |fulladd:stage1|           ; 1 (1)       ; 0 (0)                     ; 0 (0)         ; 0           ; 0    ; 0            ; 0       ; 0         ; 0    ; 0            ; 1 (1)        ; 0 (0)             ; 0 (0)            ; |CPU_TEST_Sim|cpu1:main_processor|data_path:dat|alu:ALU0|adder32:add0|adder16:stage1|adder4:stage1|fulladd:stage1          ; work         ;
;                      |fulladd:stage3|           ; 3 (3)       ; 0 (0)                     ; 0 (0)         ; 0           ; 0    ; 0            ; 0       ; 0         ; 0    ; 0            ; 3 (3)        ; 0 (0)             ; 0 (0)            ; |CPU_TEST_Sim|cpu1:main_processor|data_path:dat|alu:ALU0|adder32:add0|adder16:stage1|adder4:stage1|fulladd:stage3          ; work         ;
;                   |adder4:stage2|               ; 5 (0)       ; 0 (0)                     ; 0 (0)         ; 0           ; 0    ; 0            ; 0       ; 0         ; 0    ; 0            ; 5 (0)        ; 0 (0)             ; 0 (0)            ; |CPU_TEST_Sim|cpu1:main_processor|data_path:dat|alu:ALU0|adder32:add0|adder16:stage1|adder4:stage2                         ; work         ;
;                      |fulladd:stage0|           ; 1 (1)       ; 0 (0)                     ; 0 (0)         ; 0           ; 0    ; 0            ; 0       ; 0         ; 0    ; 0            ; 1 (1)        ; 0 (0)             ; 0 (0)            ; |CPU_TEST_Sim|cpu1:main_processor|data_path:dat|alu:ALU0|adder32:add0|adder16:stage1|adder4:stage2|fulladd:stage0          ; work         ;
;                      |fulladd:stage1|           ; 2 (2)       ; 0 (0)                     ; 0 (0)         ; 0           ; 0    ; 0            ; 0       ; 0         ; 0    ; 0            ; 2 (2)        ; 0 (0)             ; 0 (0)            ; |CPU_TEST_Sim|cpu1:main_processor|data_path:dat|alu:ALU0|adder32:add0|adder16:stage1|adder4:stage2|fulladd:stage1          ; work         ;
;                      |fulladd:stage2|           ; 1 (1)       ; 0 (0)                     ; 0 (0)         ; 0           ; 0    ; 0            ; 0       ; 0         ; 0    ; 0            ; 1 (1)        ; 0 (0)             ; 0 (0)            ; |CPU_TEST_Sim|cpu1:main_processor|data_path:dat|alu:ALU0|adder32:add0|adder16:stage1|adder4:stage2|fulladd:stage2          ; work         ;
;                      |fulladd:stage3|           ; 1 (1)       ; 0 (0)                     ; 0 (0)         ; 0           ; 0    ; 0            ; 0       ; 0         ; 0    ; 0            ; 1 (1)        ; 0 (0)             ; 0 (0)            ; |CPU_TEST_Sim|cpu1:main_processor|data_path:dat|alu:ALU0|adder32:add0|adder16:stage1|adder4:stage2|fulladd:stage3          ; work         ;
;                   |adder4:stage3|               ; 4 (0)       ; 0 (0)                     ; 0 (0)         ; 0           ; 0    ; 0            ; 0       ; 0         ; 0    ; 0            ; 4 (0)        ; 0 (0)             ; 0 (0)            ; |CPU_TEST_Sim|cpu1:main_processor|data_path:dat|alu:ALU0|adder32:add0|adder16:stage1|adder4:stage3                         ; work         ;
;                      |fulladd:stage0|           ; 1 (1)       ; 0 (0)                     ; 0 (0)         ; 0           ; 0    ; 0            ; 0       ; 0         ; 0    ; 0            ; 1 (1)        ; 0 (0)             ; 0 (0)            ; |CPU_TEST_Sim|cpu1:main_processor|data_path:dat|alu:ALU0|adder32:add0|adder16:stage1|adder4:stage3|fulladd:stage0          ; work         ;
;                      |fulladd:stage1|           ; 1 (1)       ; 0 (0)                     ; 0 (0)         ; 0           ; 0    ; 0            ; 0       ; 0         ; 0    ; 0            ; 1 (1)        ; 0 (0)             ; 0 (0)            ; |CPU_TEST_Sim|cpu1:main_processor|data_path:dat|alu:ALU0|adder32:add0|adder16:stage1|adder4:stage3|fulladd:stage1          ; work         ;
;                      |fulladd:stage2|           ; 1 (1)       ; 0 (0)                     ; 0 (0)         ; 0           ; 0    ; 0            ; 0       ; 0         ; 0    ; 0            ; 1 (1)        ; 0 (0)             ; 0 (0)            ; |CPU_TEST_Sim|cpu1:main_processor|data_path:dat|alu:ALU0|adder32:add0|adder16:stage1|adder4:stage3|fulladd:stage2          ; work         ;
;                      |fulladd:stage3|           ; 1 (1)       ; 0 (0)                     ; 0 (0)         ; 0           ; 0    ; 0            ; 0       ; 0         ; 0    ; 0            ; 1 (1)        ; 0 (0)             ; 0 (0)            ; |CPU_TEST_Sim|cpu1:main_processor|data_path:dat|alu:ALU0|adder32:add0|adder16:stage1|adder4:stage3|fulladd:stage3          ; work         ;
;             |adder32:sub0|                      ; 57 (0)      ; 0 (0)                     ; 0 (0)         ; 0           ; 0    ; 0            ; 0       ; 0         ; 0    ; 0            ; 56 (0)       ; 0 (0)             ; 1 (0)            ; |CPU_TEST_Sim|cpu1:main_processor|data_path:dat|alu:ALU0|adder32:sub0                                                      ; work         ;
;                |adder16:stage0|                 ; 23 (0)      ; 0 (0)                     ; 0 (0)         ; 0           ; 0    ; 0            ; 0       ; 0         ; 0    ; 0            ; 23 (0)       ; 0 (0)             ; 0 (0)            ; |CPU_TEST_Sim|cpu1:main_processor|data_path:dat|alu:ALU0|adder32:sub0|adder16:stage0                                       ; work         ;
;                   |adder4:stage0|               ; 5 (0)       ; 0 (0)                     ; 0 (0)         ; 0           ; 0    ; 0            ; 0       ; 0         ; 0    ; 0            ; 5 (0)        ; 0 (0)             ; 0 (0)            ; |CPU_TEST_Sim|cpu1:main_processor|data_path:dat|alu:ALU0|adder32:sub0|adder16:stage0|adder4:stage0                         ; work         ;
;                      |fulladd:stage0|           ; 1 (1)       ; 0 (0)                     ; 0 (0)         ; 0           ; 0    ; 0            ; 0       ; 0         ; 0    ; 0            ; 1 (1)        ; 0 (0)             ; 0 (0)            ; |CPU_TEST_Sim|cpu1:main_processor|data_path:dat|alu:ALU0|adder32:sub0|adder16:stage0|adder4:stage0|fulladd:stage0          ; work         ;
;                      |fulladd:stage1|           ; 2 (2)       ; 0 (0)                     ; 0 (0)         ; 0           ; 0    ; 0            ; 0       ; 0         ; 0    ; 0            ; 2 (2)        ; 0 (0)             ; 0 (0)            ; |CPU_TEST_Sim|cpu1:main_processor|data_path:dat|alu:ALU0|adder32:sub0|adder16:stage0|adder4:stage0|fulladd:stage1          ; work         ;
;                      |fulladd:stage2|           ; 1 (1)       ; 0 (0)                     ; 0 (0)         ; 0           ; 0    ; 0            ; 0       ; 0         ; 0    ; 0            ; 1 (1)        ; 0 (0)             ; 0 (0)            ; |CPU_TEST_Sim|cpu1:main_processor|data_path:dat|alu:ALU0|adder32:sub0|adder16:stage0|adder4:stage0|fulladd:stage2          ; work         ;
;                      |fulladd:stage3|           ; 1 (1)       ; 0 (0)                     ; 0 (0)         ; 0           ; 0    ; 0            ; 0       ; 0         ; 0    ; 0            ; 1 (1)        ; 0 (0)             ; 0 (0)            ; |CPU_TEST_Sim|cpu1:main_processor|data_path:dat|alu:ALU0|adder32:sub0|adder16:stage0|adder4:stage0|fulladd:stage3          ; work         ;
;                   |adder4:stage1|               ; 8 (0)       ; 0 (0)                     ; 0 (0)         ; 0           ; 0    ; 0            ; 0       ; 0         ; 0    ; 0            ; 8 (0)        ; 0 (0)             ; 0 (0)            ; |CPU_TEST_Sim|cpu1:main_processor|data_path:dat|alu:ALU0|adder32:sub0|adder16:stage0|adder4:stage1                         ; work         ;
;                      |fulladd:stage0|           ; 4 (4)       ; 0 (0)                     ; 0 (0)         ; 0           ; 0    ; 0            ; 0       ; 0         ; 0    ; 0            ; 4 (4)        ; 0 (0)             ; 0 (0)            ; |CPU_TEST_Sim|cpu1:main_processor|data_path:dat|alu:ALU0|adder32:sub0|adder16:stage0|adder4:stage1|fulladd:stage0          ; work         ;
;                      |fulladd:stage1|           ; 1 (1)       ; 0 (0)                     ; 0 (0)         ; 0           ; 0    ; 0            ; 0       ; 0         ; 0    ; 0            ; 1 (1)        ; 0 (0)             ; 0 (0)            ; |CPU_TEST_Sim|cpu1:main_processor|data_path:dat|alu:ALU0|adder32:sub0|adder16:stage0|adder4:stage1|fulladd:stage1          ; work         ;
;                      |fulladd:stage3|           ; 3 (3)       ; 0 (0)                     ; 0 (0)         ; 0           ; 0    ; 0            ; 0       ; 0         ; 0    ; 0            ; 3 (3)        ; 0 (0)             ; 0 (0)            ; |CPU_TEST_Sim|cpu1:main_processor|data_path:dat|alu:ALU0|adder32:sub0|adder16:stage0|adder4:stage1|fulladd:stage3          ; work         ;
;                   |adder4:stage2|               ; 5 (0)       ; 0 (0)                     ; 0 (0)         ; 0           ; 0    ; 0            ; 0       ; 0         ; 0    ; 0            ; 5 (0)        ; 0 (0)             ; 0 (0)            ; |CPU_TEST_Sim|cpu1:main_processor|data_path:dat|alu:ALU0|adder32:sub0|adder16:stage0|adder4:stage2                         ; work         ;
;                      |fulladd:stage0|           ; 2 (2)       ; 0 (0)                     ; 0 (0)         ; 0           ; 0    ; 0            ; 0       ; 0         ; 0    ; 0            ; 2 (2)        ; 0 (0)             ; 0 (0)            ; |CPU_TEST_Sim|cpu1:main_processor|data_path:dat|alu:ALU0|adder32:sub0|adder16:stage0|adder4:stage2|fulladd:stage0          ; work         ;
;                      |fulladd:stage1|           ; 1 (1)       ; 0 (0)                     ; 0 (0)         ; 0           ; 0    ; 0            ; 0       ; 0         ; 0    ; 0            ; 1 (1)        ; 0 (0)             ; 0 (0)            ; |CPU_TEST_Sim|cpu1:main_processor|data_path:dat|alu:ALU0|adder32:sub0|adder16:stage0|adder4:stage2|fulladd:stage1          ; work         ;
;                      |fulladd:stage2|           ; 1 (1)       ; 0 (0)                     ; 0 (0)         ; 0           ; 0    ; 0            ; 0       ; 0         ; 0    ; 0            ; 1 (1)        ; 0 (0)             ; 0 (0)            ; |CPU_TEST_Sim|cpu1:main_processor|data_path:dat|alu:ALU0|adder32:sub0|adder16:stage0|adder4:stage2|fulladd:stage2          ; work         ;
;                      |fulladd:stage3|           ; 1 (1)       ; 0 (0)                     ; 0 (0)         ; 0           ; 0    ; 0            ; 0       ; 0         ; 0    ; 0            ; 1 (1)        ; 0 (0)             ; 0 (0)            ; |CPU_TEST_Sim|cpu1:main_processor|data_path:dat|alu:ALU0|adder32:sub0|adder16:stage0|adder4:stage2|fulladd:stage3          ; work         ;
;                   |adder4:stage3|               ; 5 (0)       ; 0 (0)                     ; 0 (0)         ; 0           ; 0    ; 0            ; 0       ; 0         ; 0    ; 0            ; 5 (0)        ; 0 (0)             ; 0 (0)            ; |CPU_TEST_Sim|cpu1:main_processor|data_path:dat|alu:ALU0|adder32:sub0|adder16:stage0|adder4:stage3                         ; work         ;
;                      |fulladd:stage1|           ; 3 (3)       ; 0 (0)                     ; 0 (0)         ; 0           ; 0    ; 0            ; 0       ; 0         ; 0    ; 0            ; 3 (3)        ; 0 (0)             ; 0 (0)            ; |CPU_TEST_Sim|cpu1:main_processor|data_path:dat|alu:ALU0|adder32:sub0|adder16:stage0|adder4:stage3|fulladd:stage1          ; work         ;
;                      |fulladd:stage2|           ; 1 (1)       ; 0 (0)                     ; 0 (0)         ; 0           ; 0    ; 0            ; 0       ; 0         ; 0    ; 0            ; 1 (1)        ; 0 (0)             ; 0 (0)            ; |CPU_TEST_Sim|cpu1:main_processor|data_path:dat|alu:ALU0|adder32:sub0|adder16:stage0|adder4:stage3|fulladd:stage2          ; work         ;
;                      |fulladd:stage3|           ; 1 (1)       ; 0 (0)                     ; 0 (0)         ; 0           ; 0    ; 0            ; 0       ; 0         ; 0    ; 0            ; 1 (1)        ; 0 (0)             ; 0 (0)            ; |CPU_TEST_Sim|cpu1:main_processor|data_path:dat|alu:ALU0|adder32:sub0|adder16:stage0|adder4:stage3|fulladd:stage3          ; work         ;
;                |adder16:stage1|                 ; 34 (0)      ; 0 (0)                     ; 0 (0)         ; 0           ; 0    ; 0            ; 0       ; 0         ; 0    ; 0            ; 33 (0)       ; 0 (0)             ; 1 (0)            ; |CPU_TEST_Sim|cpu1:main_processor|data_path:dat|alu:ALU0|adder32:sub0|adder16:stage1                                       ; work         ;
;                   |adder4:stage0|               ; 8 (0)       ; 0 (0)                     ; 0 (0)         ; 0           ; 0    ; 0            ; 0       ; 0         ; 0    ; 0            ; 7 (0)        ; 0 (0)             ; 1 (0)            ; |CPU_TEST_Sim|cpu1:main_processor|data_path:dat|alu:ALU0|adder32:sub0|adder16:stage1|adder4:stage0                         ; work         ;
;                      |fulladd:stage0|           ; 2 (2)       ; 0 (0)                     ; 0 (0)         ; 0           ; 0    ; 0            ; 0       ; 0         ; 0    ; 0            ; 2 (2)        ; 0 (0)             ; 0 (0)            ; |CPU_TEST_Sim|cpu1:main_processor|data_path:dat|alu:ALU0|adder32:sub0|adder16:stage1|adder4:stage0|fulladd:stage0          ; work         ;
;                      |fulladd:stage1|           ; 1 (1)       ; 0 (0)                     ; 0 (0)         ; 0           ; 0    ; 0            ; 0       ; 0         ; 0    ; 0            ; 0 (0)        ; 0 (0)             ; 1 (1)            ; |CPU_TEST_Sim|cpu1:main_processor|data_path:dat|alu:ALU0|adder32:sub0|adder16:stage1|adder4:stage0|fulladd:stage1          ; work         ;
;                      |fulladd:stage2|           ; 3 (3)       ; 0 (0)                     ; 0 (0)         ; 0           ; 0    ; 0            ; 0       ; 0         ; 0    ; 0            ; 3 (3)        ; 0 (0)             ; 0 (0)            ; |CPU_TEST_Sim|cpu1:main_processor|data_path:dat|alu:ALU0|adder32:sub0|adder16:stage1|adder4:stage0|fulladd:stage2          ; work         ;
;                      |fulladd:stage3|           ; 2 (2)       ; 0 (0)                     ; 0 (0)         ; 0           ; 0    ; 0            ; 0       ; 0         ; 0    ; 0            ; 2 (2)        ; 0 (0)             ; 0 (0)            ; |CPU_TEST_Sim|cpu1:main_processor|data_path:dat|alu:ALU0|adder32:sub0|adder16:stage1|adder4:stage0|fulladd:stage3          ; work         ;
;                   |adder4:stage1|               ; 8 (0)       ; 0 (0)                     ; 0 (0)         ; 0           ; 0    ; 0            ; 0       ; 0         ; 0    ; 0            ; 8 (0)        ; 0 (0)             ; 0 (0)            ; |CPU_TEST_Sim|cpu1:main_processor|data_path:dat|alu:ALU0|adder32:sub0|adder16:stage1|adder4:stage1                         ; work         ;
;                      |fulladd:stage0|           ; 2 (2)       ; 0 (0)                     ; 0 (0)         ; 0           ; 0    ; 0            ; 0       ; 0         ; 0    ; 0            ; 2 (2)        ; 0 (0)             ; 0 (0)            ; |CPU_TEST_Sim|cpu1:main_processor|data_path:dat|alu:ALU0|adder32:sub0|adder16:stage1|adder4:stage1|fulladd:stage0          ; work         ;
;                      |fulladd:stage1|           ; 1 (1)       ; 0 (0)                     ; 0 (0)         ; 0           ; 0    ; 0            ; 0       ; 0         ; 0    ; 0            ; 1 (1)        ; 0 (0)             ; 0 (0)            ; |CPU_TEST_Sim|cpu1:main_processor|data_path:dat|alu:ALU0|adder32:sub0|adder16:stage1|adder4:stage1|fulladd:stage1          ; work         ;
;                      |fulladd:stage3|           ; 5 (5)       ; 0 (0)                     ; 0 (0)         ; 0           ; 0    ; 0            ; 0       ; 0         ; 0    ; 0            ; 5 (5)        ; 0 (0)             ; 0 (0)            ; |CPU_TEST_Sim|cpu1:main_processor|data_path:dat|alu:ALU0|adder32:sub0|adder16:stage1|adder4:stage1|fulladd:stage3          ; work         ;
;                   |adder4:stage2|               ; 9 (0)       ; 0 (0)                     ; 0 (0)         ; 0           ; 0    ; 0            ; 0       ; 0         ; 0    ; 0            ; 9 (0)        ; 0 (0)             ; 0 (0)            ; |CPU_TEST_Sim|cpu1:main_processor|data_path:dat|alu:ALU0|adder32:sub0|adder16:stage1|adder4:stage2                         ; work         ;
;                      |fulladd:stage0|           ; 2 (2)       ; 0 (0)                     ; 0 (0)         ; 0           ; 0    ; 0            ; 0       ; 0         ; 0    ; 0            ; 2 (2)        ; 0 (0)             ; 0 (0)            ; |CPU_TEST_Sim|cpu1:main_processor|data_path:dat|alu:ALU0|adder32:sub0|adder16:stage1|adder4:stage2|fulladd:stage0          ; work         ;
;                      |fulladd:stage1|           ; 1 (1)       ; 0 (0)                     ; 0 (0)         ; 0           ; 0    ; 0            ; 0       ; 0         ; 0    ; 0            ; 1 (1)        ; 0 (0)             ; 0 (0)            ; |CPU_TEST_Sim|cpu1:main_processor|data_path:dat|alu:ALU0|adder32:sub0|adder16:stage1|adder4:stage2|fulladd:stage1          ; work         ;
;                      |fulladd:stage2|           ; 1 (1)       ; 0 (0)                     ; 0 (0)         ; 0           ; 0    ; 0            ; 0       ; 0         ; 0    ; 0            ; 1 (1)        ; 0 (0)             ; 0 (0)            ; |CPU_TEST_Sim|cpu1:main_processor|data_path:dat|alu:ALU0|adder32:sub0|adder16:stage1|adder4:stage2|fulladd:stage2          ; work         ;
;                      |fulladd:stage3|           ; 5 (5)       ; 0 (0)                     ; 0 (0)         ; 0           ; 0    ; 0            ; 0       ; 0         ; 0    ; 0            ; 5 (5)        ; 0 (0)             ; 0 (0)            ; |CPU_TEST_Sim|cpu1:main_processor|data_path:dat|alu:ALU0|adder32:sub0|adder16:stage1|adder4:stage2|fulladd:stage3          ; work         ;
;                   |adder4:stage3|               ; 9 (0)       ; 0 (0)                     ; 0 (0)         ; 0           ; 0    ; 0            ; 0       ; 0         ; 0    ; 0            ; 9 (0)        ; 0 (0)             ; 0 (0)            ; |CPU_TEST_Sim|cpu1:main_processor|data_path:dat|alu:ALU0|adder32:sub0|adder16:stage1|adder4:stage3                         ; work         ;
;                      |fulladd:stage0|           ; 2 (2)       ; 0 (0)                     ; 0 (0)         ; 0           ; 0    ; 0            ; 0       ; 0         ; 0    ; 0            ; 2 (2)        ; 0 (0)             ; 0 (0)            ; |CPU_TEST_Sim|cpu1:main_processor|data_path:dat|alu:ALU0|adder32:sub0|adder16:stage1|adder4:stage3|fulladd:stage0          ; work         ;
;                      |fulladd:stage1|           ; 2 (2)       ; 0 (0)                     ; 0 (0)         ; 0           ; 0    ; 0            ; 0       ; 0         ; 0    ; 0            ; 2 (2)        ; 0 (0)             ; 0 (0)            ; |CPU_TEST_Sim|cpu1:main_processor|data_path:dat|alu:ALU0|adder32:sub0|adder16:stage1|adder4:stage3|fulladd:stage1          ; work         ;
;                      |fulladd:stage2|           ; 3 (3)       ; 0 (0)                     ; 0 (0)         ; 0           ; 0    ; 0            ; 0       ; 0         ; 0    ; 0            ; 3 (3)        ; 0 (0)             ; 0 (0)            ; |CPU_TEST_Sim|cpu1:main_processor|data_path:dat|alu:ALU0|adder32:sub0|adder16:stage1|adder4:stage3|fulladd:stage2          ; work         ;
;                      |fulladd:stage3|           ; 2 (2)       ; 0 (0)                     ; 0 (0)         ; 0           ; 0    ; 0            ; 0       ; 0         ; 0    ; 0            ; 2 (2)        ; 0 (0)             ; 0 (0)            ; |CPU_TEST_Sim|cpu1:main_processor|data_path:dat|alu:ALU0|adder32:sub0|adder16:stage1|adder4:stage3|fulladd:stage3          ; work         ;
;          |data_mem:Data_Mem0|                   ; 33 (33)     ; 32 (32)                   ; 0 (0)         ; 8192        ; 1    ; 0            ; 0       ; 0         ; 0    ; 0            ; 0 (0)        ; 0 (0)             ; 33 (33)          ; |CPU_TEST_Sim|cpu1:main_processor|data_path:dat|data_mem:Data_Mem0                                                         ; work         ;
;             |altsyncram:DATAMEM_rtl_0|          ; 0 (0)       ; 0 (0)                     ; 0 (0)         ; 8192        ; 1    ; 0            ; 0       ; 0         ; 0    ; 0            ; 0 (0)        ; 0 (0)             ; 0 (0)            ; |CPU_TEST_Sim|cpu1:main_processor|data_path:dat|data_mem:Data_Mem0|altsyncram:DATAMEM_rtl_0                                ; work         ;
;                |altsyncram_hie1:auto_generated| ; 0 (0)       ; 0 (0)                     ; 0 (0)         ; 8192        ; 1    ; 0            ; 0       ; 0         ; 0    ; 0            ; 0 (0)        ; 0 (0)             ; 0 (0)            ; |CPU_TEST_Sim|cpu1:main_processor|data_path:dat|data_mem:Data_Mem0|altsyncram:DATAMEM_rtl_0|altsyncram_hie1:auto_generated ; work         ;
;          |mux2to1:A_Mux0|                       ; 34 (34)     ; 0 (0)                     ; 0 (0)         ; 0           ; 0    ; 0            ; 0       ; 0         ; 0    ; 0            ; 16 (16)      ; 0 (0)             ; 18 (18)          ; |CPU_TEST_Sim|cpu1:main_processor|data_path:dat|mux2to1:A_Mux0                                                             ; work         ;
;          |mux2to1:IM_MUX1a|                     ; 32 (32)     ; 0 (0)                     ; 0 (0)         ; 0           ; 0    ; 0            ; 0       ; 0         ; 0    ; 0            ; 23 (23)      ; 0 (0)             ; 9 (9)            ; |CPU_TEST_Sim|cpu1:main_processor|data_path:dat|mux2to1:IM_MUX1a                                                           ; work         ;
;          |mux2to1:Reg_Mux0|                     ; 32 (32)     ; 0 (0)                     ; 0 (0)         ; 0           ; 0    ; 0            ; 0       ; 0         ; 0    ; 0            ; 19 (19)      ; 0 (0)             ; 13 (13)          ; |CPU_TEST_Sim|cpu1:main_processor|data_path:dat|mux2to1:Reg_Mux0                                                           ; work         ;
;          |mux4to1:DATA_MUX0|                    ; 276 (276)   ; 0 (0)                     ; 0 (0)         ; 0           ; 0    ; 0            ; 0       ; 0         ; 0    ; 0            ; 249 (249)    ; 0 (0)             ; 27 (27)          ; |CPU_TEST_Sim|cpu1:main_processor|data_path:dat|mux4to1:DATA_MUX0                                                          ; work         ;
;          |mux4to1:IM_MUX2a|                     ; 32 (32)     ; 0 (0)                     ; 0 (0)         ; 0           ; 0    ; 0            ; 0       ; 0         ; 0    ; 0            ; 19 (19)      ; 0 (0)             ; 13 (13)          ; |CPU_TEST_Sim|cpu1:main_processor|data_path:dat|mux4to1:IM_MUX2a                                                           ; work         ;
;          |pc:PC0|                               ; 32 (0)      ; 32 (0)                    ; 0 (0)         ; 0           ; 0    ; 0            ; 0       ; 0         ; 0    ; 0            ; 0 (0)        ; 0 (0)             ; 32 (0)           ; |CPU_TEST_Sim|cpu1:main_processor|data_path:dat|pc:PC0                                                                     ; work         ;
;             |register32:reg0|                   ; 32 (32)     ; 32 (32)                   ; 0 (0)         ; 0           ; 0    ; 0            ; 0       ; 0         ; 0    ; 0            ; 0 (0)        ; 0 (0)             ; 32 (32)          ; |CPU_TEST_Sim|cpu1:main_processor|data_path:dat|pc:PC0|register32:reg0                                                     ; work         ;
;          |register32:IR|                        ; 32 (32)     ; 32 (32)                   ; 0 (0)         ; 0           ; 0    ; 0            ; 0       ; 0         ; 0    ; 0            ; 0 (0)        ; 1 (1)             ; 31 (31)          ; |CPU_TEST_Sim|cpu1:main_processor|data_path:dat|register32:IR                                                              ; work         ;
;          |register32:Reg_A|                     ; 32 (32)     ; 32 (32)                   ; 0 (0)         ; 0           ; 0    ; 0            ; 0       ; 0         ; 0    ; 0            ; 0 (0)        ; 3 (3)             ; 29 (29)          ; |CPU_TEST_Sim|cpu1:main_processor|data_path:dat|register32:Reg_A                                                           ; work         ;
;          |register32:Reg_B|                     ; 32 (32)     ; 32 (32)                   ; 0 (0)         ; 0           ; 0    ; 0            ; 0       ; 0         ; 0    ; 0            ; 0 (0)        ; 4 (4)             ; 28 (28)          ; |CPU_TEST_Sim|cpu1:main_processor|data_path:dat|register32:Reg_B                                                           ; work         ;
;       |reset_circuit:reset|                     ; 8 (8)       ; 6 (6)                     ; 0 (0)         ; 0           ; 0    ; 0            ; 0       ; 0         ; 0    ; 0            ; 2 (2)        ; 1 (1)             ; 5 (5)            ; |CPU_TEST_Sim|cpu1:main_processor|reset_circuit:reset                                                                      ; work         ;
;    |system_memory:main_memory|                  ; 0 (0)       ; 0 (0)                     ; 0 (0)         ; 2048        ; 1    ; 0            ; 0       ; 0         ; 0    ; 0            ; 0 (0)        ; 0 (0)             ; 0 (0)            ; |CPU_TEST_Sim|system_memory:main_memory                                                                                    ; work         ;
;       |altsyncram:altsyncram_component|         ; 0 (0)       ; 0 (0)                     ; 0 (0)         ; 2048        ; 1    ; 0            ; 0       ; 0         ; 0    ; 0            ; 0 (0)        ; 0 (0)             ; 0 (0)            ; |CPU_TEST_Sim|system_memory:main_memory|altsyncram:altsyncram_component                                                    ; work         ;
;          |altsyncram_04d1:auto_generated|       ; 0 (0)       ; 0 (0)                     ; 0 (0)         ; 2048        ; 1    ; 0            ; 0       ; 0         ; 0    ; 0            ; 0 (0)        ; 0 (0)             ; 0 (0)            ; |CPU_TEST_Sim|system_memory:main_memory|altsyncram:altsyncram_component|altsyncram_04d1:auto_generated                     ; work         ;
+-------------------------------------------------+-------------+---------------------------+---------------+-------------+------+--------------+---------+-----------+------+--------------+--------------+-------------------+------------------+----------------------------------------------------------------------------------------------------------------------------+--------------+
Note: For table entries with two numbers listed, the numbers in parentheses indicate the number of resources of the given type used by the specific entity alone. The numbers listed outside of parentheses indicate the total resources of the given type used by the specific entity and all of its sub-entities in the hierarchy.


+------------------------------------------------------------------------------------------------+
; Delay Chain Summary                                                                            ;
+----------------+----------+---------------+---------------+-----------------------+-----+------+
; Name           ; Pin Type ; Pad to Core 0 ; Pad to Core 1 ; Pad to Input Register ; TCO ; TCOE ;
+----------------+----------+---------------+---------------+-----------------------+-----+------+
; outA[0]        ; Output   ; --            ; --            ; --                    ; --  ; --   ;
; outA[1]        ; Output   ; --            ; --            ; --                    ; --  ; --   ;
; outA[2]        ; Output   ; --            ; --            ; --                    ; --  ; --   ;
; outA[3]        ; Output   ; --            ; --            ; --                    ; --  ; --   ;
; outA[4]        ; Output   ; --            ; --            ; --                    ; --  ; --   ;
; outA[5]        ; Output   ; --            ; --            ; --                    ; --  ; --   ;
; outA[6]        ; Output   ; --            ; --            ; --                    ; --  ; --   ;
; outA[7]        ; Output   ; --            ; --            ; --                    ; --  ; --   ;
; outA[8]        ; Output   ; --            ; --            ; --                    ; --  ; --   ;
; outA[9]        ; Output   ; --            ; --            ; --                    ; --  ; --   ;
; outA[10]       ; Output   ; --            ; --            ; --                    ; --  ; --   ;
; outA[11]       ; Output   ; --            ; --            ; --                    ; --  ; --   ;
; outA[12]       ; Output   ; --            ; --            ; --                    ; --  ; --   ;
; outA[13]       ; Output   ; --            ; --            ; --                    ; --  ; --   ;
; outA[14]       ; Output   ; --            ; --            ; --                    ; --  ; --   ;
; outA[15]       ; Output   ; --            ; --            ; --                    ; --  ; --   ;
; outA[16]       ; Output   ; --            ; --            ; --                    ; --  ; --   ;
; outA[17]       ; Output   ; --            ; --            ; --                    ; --  ; --   ;
; outA[18]       ; Output   ; --            ; --            ; --                    ; --  ; --   ;
; outA[19]       ; Output   ; --            ; --            ; --                    ; --  ; --   ;
; outA[20]       ; Output   ; --            ; --            ; --                    ; --  ; --   ;
; outA[21]       ; Output   ; --            ; --            ; --                    ; --  ; --   ;
; outA[22]       ; Output   ; --            ; --            ; --                    ; --  ; --   ;
; outA[23]       ; Output   ; --            ; --            ; --                    ; --  ; --   ;
; outA[24]       ; Output   ; --            ; --            ; --                    ; --  ; --   ;
; outA[25]       ; Output   ; --            ; --            ; --                    ; --  ; --   ;
; outA[26]       ; Output   ; --            ; --            ; --                    ; --  ; --   ;
; outA[27]       ; Output   ; --            ; --            ; --                    ; --  ; --   ;
; outA[28]       ; Output   ; --            ; --            ; --                    ; --  ; --   ;
; outA[29]       ; Output   ; --            ; --            ; --                    ; --  ; --   ;
; outA[30]       ; Output   ; --            ; --            ; --                    ; --  ; --   ;
; outA[31]       ; Output   ; --            ; --            ; --                    ; --  ; --   ;
; outB[0]        ; Output   ; --            ; --            ; --                    ; --  ; --   ;
; outB[1]        ; Output   ; --            ; --            ; --                    ; --  ; --   ;
; outB[2]        ; Output   ; --            ; --            ; --                    ; --  ; --   ;
; outB[3]        ; Output   ; --            ; --            ; --                    ; --  ; --   ;
; outB[4]        ; Output   ; --            ; --            ; --                    ; --  ; --   ;
; outB[5]        ; Output   ; --            ; --            ; --                    ; --  ; --   ;
; outB[6]        ; Output   ; --            ; --            ; --                    ; --  ; --   ;
; outB[7]        ; Output   ; --            ; --            ; --                    ; --  ; --   ;
; outB[8]        ; Output   ; --            ; --            ; --                    ; --  ; --   ;
; outB[9]        ; Output   ; --            ; --            ; --                    ; --  ; --   ;
; outB[10]       ; Output   ; --            ; --            ; --                    ; --  ; --   ;
; outB[11]       ; Output   ; --            ; --            ; --                    ; --  ; --   ;
; outB[12]       ; Output   ; --            ; --            ; --                    ; --  ; --   ;
; outB[13]       ; Output   ; --            ; --            ; --                    ; --  ; --   ;
; outB[14]       ; Output   ; --            ; --            ; --                    ; --  ; --   ;
; outB[15]       ; Output   ; --            ; --            ; --                    ; --  ; --   ;
; outB[16]       ; Output   ; --            ; --            ; --                    ; --  ; --   ;
; outB[17]       ; Output   ; --            ; --            ; --                    ; --  ; --   ;
; outB[18]       ; Output   ; --            ; --            ; --                    ; --  ; --   ;
; outB[19]       ; Output   ; --            ; --            ; --                    ; --  ; --   ;
; outB[20]       ; Output   ; --            ; --            ; --                    ; --  ; --   ;
; outB[21]       ; Output   ; --            ; --            ; --                    ; --  ; --   ;
; outB[22]       ; Output   ; --            ; --            ; --                    ; --  ; --   ;
; outB[23]       ; Output   ; --            ; --            ; --                    ; --  ; --   ;
; outB[24]       ; Output   ; --            ; --            ; --                    ; --  ; --   ;
; outB[25]       ; Output   ; --            ; --            ; --                    ; --  ; --   ;
; outB[26]       ; Output   ; --            ; --            ; --                    ; --  ; --   ;
; outB[27]       ; Output   ; --            ; --            ; --                    ; --  ; --   ;
; outB[28]       ; Output   ; --            ; --            ; --                    ; --  ; --   ;
; outB[29]       ; Output   ; --            ; --            ; --                    ; --  ; --   ;
; outB[30]       ; Output   ; --            ; --            ; --                    ; --  ; --   ;
; outB[31]       ; Output   ; --            ; --            ; --                    ; --  ; --   ;
; outC           ; Output   ; --            ; --            ; --                    ; --  ; --   ;
; outZ           ; Output   ; --            ; --            ; --                    ; --  ; --   ;
; outIR[0]       ; Output   ; --            ; --            ; --                    ; --  ; --   ;
; outIR[1]       ; Output   ; --            ; --            ; --                    ; --  ; --   ;
; outIR[2]       ; Output   ; --            ; --            ; --                    ; --  ; --   ;
; outIR[3]       ; Output   ; --            ; --            ; --                    ; --  ; --   ;
; outIR[4]       ; Output   ; --            ; --            ; --                    ; --  ; --   ;
; outIR[5]       ; Output   ; --            ; --            ; --                    ; --  ; --   ;
; outIR[6]       ; Output   ; --            ; --            ; --                    ; --  ; --   ;
; outIR[7]       ; Output   ; --            ; --            ; --                    ; --  ; --   ;
; outIR[8]       ; Output   ; --            ; --            ; --                    ; --  ; --   ;
; outIR[9]       ; Output   ; --            ; --            ; --                    ; --  ; --   ;
; outIR[10]      ; Output   ; --            ; --            ; --                    ; --  ; --   ;
; outIR[11]      ; Output   ; --            ; --            ; --                    ; --  ; --   ;
; outIR[12]      ; Output   ; --            ; --            ; --                    ; --  ; --   ;
; outIR[13]      ; Output   ; --            ; --            ; --                    ; --  ; --   ;
; outIR[14]      ; Output   ; --            ; --            ; --                    ; --  ; --   ;
; outIR[15]      ; Output   ; --            ; --            ; --                    ; --  ; --   ;
; outIR[16]      ; Output   ; --            ; --            ; --                    ; --  ; --   ;
; outIR[17]      ; Output   ; --            ; --            ; --                    ; --  ; --   ;
; outIR[18]      ; Output   ; --            ; --            ; --                    ; --  ; --   ;
; outIR[19]      ; Output   ; --            ; --            ; --                    ; --  ; --   ;
; outIR[20]      ; Output   ; --            ; --            ; --                    ; --  ; --   ;
; outIR[21]      ; Output   ; --            ; --            ; --                    ; --  ; --   ;
; outIR[22]      ; Output   ; --            ; --            ; --                    ; --  ; --   ;
; outIR[23]      ; Output   ; --            ; --            ; --                    ; --  ; --   ;
; outIR[24]      ; Output   ; --            ; --            ; --                    ; --  ; --   ;
; outIR[25]      ; Output   ; --            ; --            ; --                    ; --  ; --   ;
; outIR[26]      ; Output   ; --            ; --            ; --                    ; --  ; --   ;
; outIR[27]      ; Output   ; --            ; --            ; --                    ; --  ; --   ;
; outIR[28]      ; Output   ; --            ; --            ; --                    ; --  ; --   ;
; outIR[29]      ; Output   ; --            ; --            ; --                    ; --  ; --   ;
; outIR[30]      ; Output   ; --            ; --            ; --                    ; --  ; --   ;
; outIR[31]      ; Output   ; --            ; --            ; --                    ; --  ; --   ;
; outPC[0]       ; Output   ; --            ; --            ; --                    ; --  ; --   ;
; outPC[1]       ; Output   ; --            ; --            ; --                    ; --  ; --   ;
; outPC[2]       ; Output   ; --            ; --            ; --                    ; --  ; --   ;
; outPC[3]       ; Output   ; --            ; --            ; --                    ; --  ; --   ;
; outPC[4]       ; Output   ; --            ; --            ; --                    ; --  ; --   ;
; outPC[5]       ; Output   ; --            ; --            ; --                    ; --  ; --   ;
; outPC[6]       ; Output   ; --            ; --            ; --                    ; --  ; --   ;
; outPC[7]       ; Output   ; --            ; --            ; --                    ; --  ; --   ;
; outPC[8]       ; Output   ; --            ; --            ; --                    ; --  ; --   ;
; outPC[9]       ; Output   ; --            ; --            ; --                    ; --  ; --   ;
; outPC[10]      ; Output   ; --            ; --            ; --                    ; --  ; --   ;
; outPC[11]      ; Output   ; --            ; --            ; --                    ; --  ; --   ;
; outPC[12]      ; Output   ; --            ; --            ; --                    ; --  ; --   ;
; outPC[13]      ; Output   ; --            ; --            ; --                    ; --  ; --   ;
; outPC[14]      ; Output   ; --            ; --            ; --                    ; --  ; --   ;
; outPC[15]      ; Output   ; --            ; --            ; --                    ; --  ; --   ;
; outPC[16]      ; Output   ; --            ; --            ; --                    ; --  ; --   ;
; outPC[17]      ; Output   ; --            ; --            ; --                    ; --  ; --   ;
; outPC[18]      ; Output   ; --            ; --            ; --                    ; --  ; --   ;
; outPC[19]      ; Output   ; --            ; --            ; --                    ; --  ; --   ;
; outPC[20]      ; Output   ; --            ; --            ; --                    ; --  ; --   ;
; outPC[21]      ; Output   ; --            ; --            ; --                    ; --  ; --   ;
; outPC[22]      ; Output   ; --            ; --            ; --                    ; --  ; --   ;
; outPC[23]      ; Output   ; --            ; --            ; --                    ; --  ; --   ;
; outPC[24]      ; Output   ; --            ; --            ; --                    ; --  ; --   ;
; outPC[25]      ; Output   ; --            ; --            ; --                    ; --  ; --   ;
; outPC[26]      ; Output   ; --            ; --            ; --                    ; --  ; --   ;
; outPC[27]      ; Output   ; --            ; --            ; --                    ; --  ; --   ;
; outPC[28]      ; Output   ; --            ; --            ; --                    ; --  ; --   ;
; outPC[29]      ; Output   ; --            ; --            ; --                    ; --  ; --   ;
; outPC[30]      ; Output   ; --            ; --            ; --                    ; --  ; --   ;
; outPC[31]      ; Output   ; --            ; --            ; --                    ; --  ; --   ;
; addrOut[0]     ; Output   ; --            ; --            ; --                    ; --  ; --   ;
; addrOut[1]     ; Output   ; --            ; --            ; --                    ; --  ; --   ;
; addrOut[2]     ; Output   ; --            ; --            ; --                    ; --  ; --   ;
; addrOut[3]     ; Output   ; --            ; --            ; --                    ; --  ; --   ;
; addrOut[4]     ; Output   ; --            ; --            ; --                    ; --  ; --   ;
; addrOut[5]     ; Output   ; --            ; --            ; --                    ; --  ; --   ;
; wEn            ; Output   ; --            ; --            ; --                    ; --  ; --   ;
; memDataOut[0]  ; Output   ; --            ; --            ; --                    ; --  ; --   ;
; memDataOut[1]  ; Output   ; --            ; --            ; --                    ; --  ; --   ;
; memDataOut[2]  ; Output   ; --            ; --            ; --                    ; --  ; --   ;
; memDataOut[3]  ; Output   ; --            ; --            ; --                    ; --  ; --   ;
; memDataOut[4]  ; Output   ; --            ; --            ; --                    ; --  ; --   ;
; memDataOut[5]  ; Output   ; --            ; --            ; --                    ; --  ; --   ;
; memDataOut[6]  ; Output   ; --            ; --            ; --                    ; --  ; --   ;
; memDataOut[7]  ; Output   ; --            ; --            ; --                    ; --  ; --   ;
; memDataOut[8]  ; Output   ; --            ; --            ; --                    ; --  ; --   ;
; memDataOut[9]  ; Output   ; --            ; --            ; --                    ; --  ; --   ;
; memDataOut[10] ; Output   ; --            ; --            ; --                    ; --  ; --   ;
; memDataOut[11] ; Output   ; --            ; --            ; --                    ; --  ; --   ;
; memDataOut[12] ; Output   ; --            ; --            ; --                    ; --  ; --   ;
; memDataOut[13] ; Output   ; --            ; --            ; --                    ; --  ; --   ;
; memDataOut[14] ; Output   ; --            ; --            ; --                    ; --  ; --   ;
; memDataOut[15] ; Output   ; --            ; --            ; --                    ; --  ; --   ;
; memDataOut[16] ; Output   ; --            ; --            ; --                    ; --  ; --   ;
; memDataOut[17] ; Output   ; --            ; --            ; --                    ; --  ; --   ;
; memDataOut[18] ; Output   ; --            ; --            ; --                    ; --  ; --   ;
; memDataOut[19] ; Output   ; --            ; --            ; --                    ; --  ; --   ;
; memDataOut[20] ; Output   ; --            ; --            ; --                    ; --  ; --   ;
; memDataOut[21] ; Output   ; --            ; --            ; --                    ; --  ; --   ;
; memDataOut[22] ; Output   ; --            ; --            ; --                    ; --  ; --   ;
; memDataOut[23] ; Output   ; --            ; --            ; --                    ; --  ; --   ;
; memDataOut[24] ; Output   ; --            ; --            ; --                    ; --  ; --   ;
; memDataOut[25] ; Output   ; --            ; --            ; --                    ; --  ; --   ;
; memDataOut[26] ; Output   ; --            ; --            ; --                    ; --  ; --   ;
; memDataOut[27] ; Output   ; --            ; --            ; --                    ; --  ; --   ;
; memDataOut[28] ; Output   ; --            ; --            ; --                    ; --  ; --   ;
; memDataOut[29] ; Output   ; --            ; --            ; --                    ; --  ; --   ;
; memDataOut[30] ; Output   ; --            ; --            ; --                    ; --  ; --   ;
; memDataOut[31] ; Output   ; --            ; --            ; --                    ; --  ; --   ;
; memDataIn[0]   ; Output   ; --            ; --            ; --                    ; --  ; --   ;
; memDataIn[1]   ; Output   ; --            ; --            ; --                    ; --  ; --   ;
; memDataIn[2]   ; Output   ; --            ; --            ; --                    ; --  ; --   ;
; memDataIn[3]   ; Output   ; --            ; --            ; --                    ; --  ; --   ;
; memDataIn[4]   ; Output   ; --            ; --            ; --                    ; --  ; --   ;
; memDataIn[5]   ; Output   ; --            ; --            ; --                    ; --  ; --   ;
; memDataIn[6]   ; Output   ; --            ; --            ; --                    ; --  ; --   ;
; memDataIn[7]   ; Output   ; --            ; --            ; --                    ; --  ; --   ;
; memDataIn[8]   ; Output   ; --            ; --            ; --                    ; --  ; --   ;
; memDataIn[9]   ; Output   ; --            ; --            ; --                    ; --  ; --   ;
; memDataIn[10]  ; Output   ; --            ; --            ; --                    ; --  ; --   ;
; memDataIn[11]  ; Output   ; --            ; --            ; --                    ; --  ; --   ;
; memDataIn[12]  ; Output   ; --            ; --            ; --                    ; --  ; --   ;
; memDataIn[13]  ; Output   ; --            ; --            ; --                    ; --  ; --   ;
; memDataIn[14]  ; Output   ; --            ; --            ; --                    ; --  ; --   ;
; memDataIn[15]  ; Output   ; --            ; --            ; --                    ; --  ; --   ;
; memDataIn[16]  ; Output   ; --            ; --            ; --                    ; --  ; --   ;
; memDataIn[17]  ; Output   ; --            ; --            ; --                    ; --  ; --   ;
; memDataIn[18]  ; Output   ; --            ; --            ; --                    ; --  ; --   ;
; memDataIn[19]  ; Output   ; --            ; --            ; --                    ; --  ; --   ;
; memDataIn[20]  ; Output   ; --            ; --            ; --                    ; --  ; --   ;
; memDataIn[21]  ; Output   ; --            ; --            ; --                    ; --  ; --   ;
; memDataIn[22]  ; Output   ; --            ; --            ; --                    ; --  ; --   ;
; memDataIn[23]  ; Output   ; --            ; --            ; --                    ; --  ; --   ;
; memDataIn[24]  ; Output   ; --            ; --            ; --                    ; --  ; --   ;
; memDataIn[25]  ; Output   ; --            ; --            ; --                    ; --  ; --   ;
; memDataIn[26]  ; Output   ; --            ; --            ; --                    ; --  ; --   ;
; memDataIn[27]  ; Output   ; --            ; --            ; --                    ; --  ; --   ;
; memDataIn[28]  ; Output   ; --            ; --            ; --                    ; --  ; --   ;
; memDataIn[29]  ; Output   ; --            ; --            ; --                    ; --  ; --   ;
; memDataIn[30]  ; Output   ; --            ; --            ; --                    ; --  ; --   ;
; memDataIn[31]  ; Output   ; --            ; --            ; --                    ; --  ; --   ;
; T_Info[0]      ; Output   ; --            ; --            ; --                    ; --  ; --   ;
; T_Info[1]      ; Output   ; --            ; --            ; --                    ; --  ; --   ;
; T_Info[2]      ; Output   ; --            ; --            ; --                    ; --  ; --   ;
; wen_mem        ; Output   ; --            ; --            ; --                    ; --  ; --   ;
; en_mem         ; Output   ; --            ; --            ; --                    ; --  ; --   ;
; cpuClk         ; Input    ; (0) 0 ps      ; --            ; --                    ; --  ; --   ;
; memClk         ; Input    ; (0) 0 ps      ; --            ; --                    ; --  ; --   ;
; rst            ; Input    ; (6) 1314 ps   ; --            ; --                    ; --  ; --   ;
+----------------+----------+---------------+---------------+-----------------------+-----+------+


+-------------------------------------------------------------------------------------------------+
; Pad To Core Delay Chain Fanout                                                                  ;
+-------------------------------------------------------------------+-------------------+---------+
; Source Pin / Fanout                                               ; Pad To Core Index ; Setting ;
+-------------------------------------------------------------------+-------------------+---------+
; cpuClk                                                            ;                   ;         ;
; memClk                                                            ;                   ;         ;
; rst                                                               ;                   ;         ;
;      - cpu1:main_processor|reset_circuit:reset|clr_PC             ; 0                 ; 6       ;
;      - cpu1:main_processor|reset_circuit:reset|present_clk~6      ; 0                 ; 6       ;
;      - cpu1:main_processor|reset_circuit:reset|enable_PD~0        ; 0                 ; 6       ;
;      - cpu1:main_processor|reset_circuit:reset|present_clk~8      ; 0                 ; 6       ;
;      - cpu1:main_processor|reset_circuit:reset|present_clk~9      ; 0                 ; 6       ;
;      - cpu1:main_processor|reset_circuit:reset|present_clk.clk0~0 ; 0                 ; 6       ;
+-------------------------------------------------------------------+-------------------+---------+


+------------------------------------------------------------------------------------------------------------------------------------------------------------------------------------------------------------+
; Control Signals                                                                                                                                                                                            ;
+-----------------------------------------------------------------+--------------------+---------+----------------------------+--------+----------------------+------------------+---------------------------+
; Name                                                            ; Location           ; Fan-Out ; Usage                      ; Global ; Global Resource Used ; Global Line Name ; Enable Signal Source Name ;
+-----------------------------------------------------------------+--------------------+---------+----------------------------+--------+----------------------+------------------+---------------------------+
; cpu1:main_processor|control_new:control_unit|clr_A~2            ; LCCOMB_X62_Y37_N0  ; 32      ; Async. clear               ; no     ; --                   ; --               ; --                        ;
; cpu1:main_processor|control_new:control_unit|clr_B~2            ; LCCOMB_X62_Y37_N20 ; 32      ; Async. clear               ; no     ; --                   ; --               ; --                        ;
; cpu1:main_processor|control_new:control_unit|inc_PC~0           ; LCCOMB_X62_Y37_N16 ; 32      ; Sync. load                 ; no     ; --                   ; --               ; --                        ;
; cpu1:main_processor|control_new:control_unit|ld_A~3             ; LCCOMB_X62_Y37_N12 ; 32      ; Clock enable               ; no     ; --                   ; --               ; --                        ;
; cpu1:main_processor|control_new:control_unit|ld_B~1             ; LCCOMB_X62_Y37_N18 ; 32      ; Clock enable               ; no     ; --                   ; --               ; --                        ;
; cpu1:main_processor|control_new:control_unit|ld_IR~0            ; LCCOMB_X62_Y37_N2  ; 33      ; Clock enable               ; no     ; --                   ; --               ; --                        ;
; cpu1:main_processor|control_new:control_unit|ld_PC~0            ; LCCOMB_X62_Y37_N30 ; 32      ; Clock enable               ; no     ; --                   ; --               ; --                        ;
; cpu1:main_processor|data_path:dat|data_mem:Data_Mem0|DATAMEM~41 ; LCCOMB_X65_Y38_N8  ; 1       ; Clock enable, Write enable ; no     ; --                   ; --               ; --                        ;
; cpu1:main_processor|reset_circuit:reset|clr_PC                  ; FF_X66_Y35_N19     ; 32      ; Async. clear               ; no     ; --                   ; --               ; --                        ;
; cpu1:main_processor|reset_circuit:reset|enable_PD               ; FF_X62_Y37_N7      ; 16      ; Async. clear, Latch enable ; yes    ; Global Clock         ; GCLK8            ; --                        ;
; cpu1:main_processor|reset_circuit:reset|enable_PD~0             ; LCCOMB_X66_Y35_N2  ; 2       ; Clock enable               ; no     ; --                   ; --               ; --                        ;
; cpuClk                                                          ; PIN_J1             ; 141     ; Clock                      ; yes    ; Global Clock         ; GCLK2            ; --                        ;
; memClk                                                          ; PIN_Y2             ; 37      ; Clock                      ; yes    ; Global Clock         ; GCLK4            ; --                        ;
+-----------------------------------------------------------------+--------------------+---------+----------------------------+--------+----------------------+------------------+---------------------------+


+------------------------------------------------------------------------------------------------------------------------------------------------------------------------------------------+
; Global & Other Fast Signals                                                                                                                                                              ;
+---------------------------------------------------+---------------+---------+--------------------------------------+----------------------+------------------+---------------------------+
; Name                                              ; Location      ; Fan-Out ; Fan-Out Using Intentional Clock Skew ; Global Resource Used ; Global Line Name ; Enable Signal Source Name ;
+---------------------------------------------------+---------------+---------+--------------------------------------+----------------------+------------------+---------------------------+
; cpu1:main_processor|reset_circuit:reset|enable_PD ; FF_X62_Y37_N7 ; 16      ; 0                                    ; Global Clock         ; GCLK8            ; --                        ;
; cpuClk                                            ; PIN_J1        ; 141     ; 5                                    ; Global Clock         ; GCLK2            ; --                        ;
; memClk                                            ; PIN_Y2        ; 37      ; 5                                    ; Global Clock         ; GCLK4            ; --                        ;
+---------------------------------------------------+---------------+---------+--------------------------------------+----------------------+------------------+---------------------------+


+--------------------------------------------------------------------------------------------------------------------------------------+
; Non-Global High Fan-Out Signals                                                                                                      ;
+----------------------------------------------------------------------------------------------------------------------------+---------+
; Name                                                                                                                       ; Fan-Out ;
+----------------------------------------------------------------------------------------------------------------------------+---------+
; cpu1:main_processor|control_new:control_unit|ALU_op[1]                                                                     ; 133     ;
; cpu1:main_processor|control_new:control_unit|ALU_op[0]                                                                     ; 103     ;
; cpu1:main_processor|control_new:control_unit|DATA_Mux[1]                                                                   ; 97      ;
; cpu1:main_processor|control_new:control_unit|IM_MUX1                                                                       ; 95      ;
; cpu1:main_processor|data_path:dat|mux4to1:DATA_MUX0|Mux8~0                                                                 ; 61      ;
; cpu1:main_processor|control_new:control_unit|DATA_Mux[0]                                                                   ; 55      ;
; cpu1:main_processor|control_new:control_unit|IM_MUX2[0]                                                                    ; 52      ;
; cpu1:main_processor|control_new:control_unit|IM_MUX2[1]                                                                    ; 52      ;
; cpu1:main_processor|control_new:control_unit|A_Mux                                                                         ; 34      ;
; cpu1:main_processor|control_new:control_unit|wen                                                                           ; 34      ;
; cpu1:main_processor|control_new:control_unit|en                                                                            ; 34      ;
; cpu1:main_processor|control_new:control_unit|REG_Mux                                                                       ; 33      ;
; cpu1:main_processor|control_new:control_unit|ld_IR~0                                                                       ; 33      ;
; cpu1:main_processor|control_new:control_unit|ld_PC~0                                                                       ; 32      ;
; cpu1:main_processor|control_new:control_unit|inc_PC~0                                                                      ; 32      ;
; cpu1:main_processor|reset_circuit:reset|clr_PC                                                                             ; 32      ;
; cpu1:main_processor|control_new:control_unit|ld_B~1                                                                        ; 32      ;
; cpu1:main_processor|control_new:control_unit|clr_B~2                                                                       ; 32      ;
; cpu1:main_processor|control_new:control_unit|ld_A~3                                                                        ; 32      ;
; cpu1:main_processor|control_new:control_unit|clr_A~2                                                                       ; 32      ;
; ~GND                                                                                                                       ; 16      ;
; cpu1:main_processor|data_path:dat|register32:IR|Q[29]                                                                      ; 13      ;
; cpu1:main_processor|data_path:dat|mux4to1:IM_MUX2a|Mux15~1                                                                 ; 12      ;
; cpu1:main_processor|data_path:dat|register32:IR|Q[31]                                                                      ; 12      ;
; cpu1:main_processor|control_new:control_unit|present_state.state_1                                                         ; 11      ;
; cpu1:main_processor|control_new:control_unit|present_state.state_2                                                         ; 11      ;
; cpu1:main_processor|control_new:control_unit|ALU_op[2]                                                                     ; 10      ;
; cpu1:main_processor|data_path:dat|mux2to1:IM_MUX1a|f[29]~29                                                                ; 9       ;
; cpu1:main_processor|data_path:dat|mux2to1:IM_MUX1a|f[26]~26                                                                ; 9       ;
; cpu1:main_processor|data_path:dat|mux2to1:IM_MUX1a|f[23]~23                                                                ; 9       ;
; cpu1:main_processor|data_path:dat|mux2to1:IM_MUX1a|f[22]~22                                                                ; 9       ;
; cpu1:main_processor|data_path:dat|mux2to1:IM_MUX1a|f[19]~19                                                                ; 9       ;
; cpu1:main_processor|data_path:dat|register32:IR|Q[28]                                                                      ; 9       ;
; cpu1:main_processor|data_path:dat|register32:Reg_A|Q[4]                                                                    ; 9       ;
; cpu1:main_processor|data_path:dat|mux2to1:IM_MUX1a|f[28]~28                                                                ; 8       ;
; cpu1:main_processor|data_path:dat|mux2to1:IM_MUX1a|f[27]~27                                                                ; 8       ;
; cpu1:main_processor|data_path:dat|mux2to1:IM_MUX1a|f[25]~25                                                                ; 8       ;
; cpu1:main_processor|data_path:dat|mux2to1:IM_MUX1a|f[17]~17                                                                ; 8       ;
; cpu1:main_processor|data_path:dat|register32:IR|Q[30]                                                                      ; 8       ;
; cpu1:main_processor|data_path:dat|register32:IR|Q[24]                                                                      ; 8       ;
; cpu1:main_processor|data_path:dat|register32:IR|Q[2]                                                                       ; 8       ;
; cpu1:main_processor|data_path:dat|register32:Reg_B|Q[23]                                                                   ; 8       ;
; cpu1:main_processor|data_path:dat|register32:Reg_A|Q[13]                                                                   ; 8       ;
; cpu1:main_processor|data_path:dat|register32:Reg_A|Q[7]                                                                    ; 8       ;
; cpu1:main_processor|data_path:dat|register32:Reg_A|Q[1]                                                                    ; 8       ;
; cpu1:main_processor|reset_circuit:reset|enable_PD                                                                          ; 7       ;
; cpu1:main_processor|data_path:dat|mux2to1:IM_MUX1a|f[24]~24                                                                ; 7       ;
; cpu1:main_processor|data_path:dat|mux2to1:IM_MUX1a|f[21]~21                                                                ; 7       ;
; cpu1:main_processor|data_path:dat|mux2to1:IM_MUX1a|f[20]~20                                                                ; 7       ;
; cpu1:main_processor|data_path:dat|mux4to1:IM_MUX2a|Mux13~0                                                                 ; 7       ;
; cpu1:main_processor|data_path:dat|mux2to1:IM_MUX1a|f[16]~16                                                                ; 7       ;
; cpu1:main_processor|data_path:dat|register32:IR|Q[25]                                                                      ; 7       ;
; cpu1:main_processor|data_path:dat|register32:IR|Q[15]                                                                      ; 7       ;
; cpu1:main_processor|data_path:dat|register32:IR|Q[11]                                                                      ; 7       ;
; cpu1:main_processor|data_path:dat|register32:Reg_B|Q[25]                                                                   ; 7       ;
; cpu1:main_processor|data_path:dat|register32:Reg_B|Q[21]                                                                   ; 7       ;
; cpu1:main_processor|data_path:dat|register32:Reg_A|Q[15]                                                                   ; 7       ;
; cpu1:main_processor|data_path:dat|register32:Reg_A|Q[11]                                                                   ; 7       ;
; cpu1:main_processor|data_path:dat|register32:Reg_A|Q[10]                                                                   ; 7       ;
; rst~input                                                                                                                  ; 6       ;
; cpu1:main_processor|data_path:dat|mux2to1:IM_MUX1a|f[30]~30                                                                ; 6       ;
; cpu1:main_processor|data_path:dat|mux2to1:IM_MUX1a|f[18]~18                                                                ; 6       ;
; cpu1:main_processor|data_path:dat|mux4to1:IM_MUX2a|Mux28~0                                                                 ; 6       ;
; cpu1:main_processor|data_path:dat|register32:IR|Q[27]                                                                      ; 6       ;
; cpu1:main_processor|data_path:dat|register32:IR|Q[26]                                                                      ; 6       ;
; cpu1:main_processor|data_path:dat|register32:IR|Q[14]                                                                      ; 6       ;
; cpu1:main_processor|data_path:dat|register32:IR|Q[13]                                                                      ; 6       ;
; cpu1:main_processor|data_path:dat|register32:IR|Q[7]                                                                       ; 6       ;
; cpu1:main_processor|data_path:dat|register32:IR|Q[6]                                                                       ; 6       ;
; cpu1:main_processor|data_path:dat|register32:IR|Q[5]                                                                       ; 6       ;
; cpu1:main_processor|data_path:dat|register32:IR|Q[4]                                                                       ; 6       ;
; cpu1:main_processor|data_path:dat|register32:IR|Q[3]                                                                       ; 6       ;
; cpu1:main_processor|data_path:dat|register32:IR|Q[1]                                                                       ; 6       ;
; cpu1:main_processor|data_path:dat|register32:IR|Q[0]                                                                       ; 6       ;
; cpu1:main_processor|data_path:dat|register32:Reg_B|Q[27]                                                                   ; 6       ;
; cpu1:main_processor|data_path:dat|register32:Reg_B|Q[16]                                                                   ; 6       ;
; cpu1:main_processor|data_path:dat|register32:Reg_A|Q[14]                                                                   ; 6       ;
; cpu1:main_processor|data_path:dat|register32:Reg_A|Q[12]                                                                   ; 6       ;
; cpu1:main_processor|data_path:dat|register32:Reg_A|Q[9]                                                                    ; 6       ;
; cpu1:main_processor|data_path:dat|register32:Reg_A|Q[6]                                                                    ; 6       ;
; cpu1:main_processor|data_path:dat|register32:Reg_A|Q[5]                                                                    ; 6       ;
; cpu1:main_processor|data_path:dat|register32:Reg_A|Q[3]                                                                    ; 6       ;
; cpu1:main_processor|data_path:dat|register32:Reg_A|Q[2]                                                                    ; 6       ;
; cpu1:main_processor|data_path:dat|mux4to1:IM_MUX2a|Mux2~0                                                                  ; 5       ;
; cpu1:main_processor|data_path:dat|mux4to1:IM_MUX2a|Mux5~0                                                                  ; 5       ;
; cpu1:main_processor|data_path:dat|mux4to1:IM_MUX2a|Mux9~0                                                                  ; 5       ;
; cpu1:main_processor|data_path:dat|mux4to1:IM_MUX2a|Mux18~0                                                                 ; 5       ;
; cpu1:main_processor|data_path:dat|mux4to1:DATA_MUX0|Mux24~7                                                                ; 5       ;
; cpu1:main_processor|data_path:dat|mux2to1:IM_MUX1a|f[8]~8                                                                  ; 5       ;
; cpu1:main_processor|data_path:dat|mux4to1:IM_MUX2a|Mux24~0                                                                 ; 5       ;
; cpu1:main_processor|data_path:dat|mux4to1:DATA_MUX0|Mux25~12                                                               ; 5       ;
; cpu1:main_processor|data_path:dat|mux4to1:DATA_MUX0|Mux26~16                                                               ; 5       ;
; cpu1:main_processor|data_path:dat|mux4to1:IM_MUX2a|Mux27~0                                                                 ; 5       ;
; cpu1:main_processor|data_path:dat|mux4to1:DATA_MUX0|Mux28~19                                                               ; 5       ;
; cpu1:main_processor|data_path:dat|mux4to1:DATA_MUX0|Mux29~19                                                               ; 5       ;
; cpu1:main_processor|data_path:dat|mux4to1:IM_MUX2a|Mux29~0                                                                 ; 5       ;
; cpu1:main_processor|data_path:dat|mux2to1:IM_MUX1a|f[3]~3                                                                  ; 5       ;
; cpu1:main_processor|data_path:dat|mux2to1:IM_MUX1a|f[0]~0                                                                  ; 5       ;
; cpu1:main_processor|data_path:dat|mux4to1:IM_MUX2a|Mux31~0                                                                 ; 5       ;
; cpu1:main_processor|data_path:dat|register32:IR|Q[12]                                                                      ; 5       ;
; cpu1:main_processor|data_path:dat|register32:IR|Q[10]                                                                      ; 5       ;
; cpu1:main_processor|data_path:dat|register32:IR|Q[9]                                                                       ; 5       ;
; cpu1:main_processor|data_path:dat|register32:IR|Q[8]                                                                       ; 5       ;
; cpu1:main_processor|data_path:dat|register32:Reg_B|Q[30]                                                                   ; 5       ;
; cpu1:main_processor|data_path:dat|register32:Reg_B|Q[28]                                                                   ; 5       ;
; cpu1:main_processor|data_path:dat|register32:Reg_B|Q[19]                                                                   ; 5       ;
; cpu1:main_processor|data_path:dat|register32:Reg_B|Q[17]                                                                   ; 5       ;
; cpu1:main_processor|data_path:dat|register32:Reg_A|Q[31]                                                                   ; 5       ;
; cpu1:main_processor|data_path:dat|register32:Reg_A|Q[27]                                                                   ; 5       ;
; cpu1:main_processor|data_path:dat|register32:Reg_A|Q[18]                                                                   ; 5       ;
; cpu1:main_processor|data_path:dat|register32:Reg_A|Q[8]                                                                    ; 5       ;
; cpu1:main_processor|data_path:dat|register32:Reg_A|Q[0]                                                                    ; 5       ;
; cpu1:main_processor|data_path:dat|pc:PC0|register32:reg0|Q[5]                                                              ; 5       ;
; cpu1:main_processor|data_path:dat|pc:PC0|register32:reg0|Q[4]                                                              ; 5       ;
; cpu1:main_processor|data_path:dat|pc:PC0|register32:reg0|Q[3]                                                              ; 5       ;
; cpu1:main_processor|data_path:dat|pc:PC0|register32:reg0|Q[2]                                                              ; 5       ;
; cpu1:main_processor|data_path:dat|pc:PC0|register32:reg0|Q[1]                                                              ; 5       ;
; cpu1:main_processor|data_path:dat|pc:PC0|register32:reg0|Q[0]                                                              ; 5       ;
; cpu1:main_processor|data_path:dat|mux4to1:IM_MUX2a|Mux3~0                                                                  ; 4       ;
; cpu1:main_processor|data_path:dat|mux4to1:IM_MUX2a|Mux7~0                                                                  ; 4       ;
; cpu1:main_processor|data_path:dat|alu:ALU0|adder32:add0|adder16:stage1|adder4:stage1|fulladd:stage1|Cout~0                 ; 4       ;
; cpu1:main_processor|data_path:dat|mux4to1:IM_MUX2a|Mux11~0                                                                 ; 4       ;
; cpu1:main_processor|data_path:dat|mux4to1:IM_MUX2a|Mux12~0                                                                 ; 4       ;
; cpu1:main_processor|data_path:dat|mux4to1:IM_MUX2a|Mux14~0                                                                 ; 4       ;
; cpu1:main_processor|data_path:dat|mux4to1:DATA_MUX0|Mux16~11                                                               ; 4       ;
; cpu1:main_processor|data_path:dat|mux4to1:DATA_MUX0|Mux17~15                                                               ; 4       ;
; cpu1:main_processor|data_path:dat|mux4to1:IM_MUX2a|Mux17~0                                                                 ; 4       ;
; cpu1:main_processor|data_path:dat|mux4to1:DATA_MUX0|Mux18~7                                                                ; 4       ;
; cpu1:main_processor|data_path:dat|mux2to1:IM_MUX1a|f[14]~14                                                                ; 4       ;
; cpu1:main_processor|data_path:dat|mux4to1:DATA_MUX0|Mux19~11                                                               ; 4       ;
; cpu1:main_processor|data_path:dat|mux4to1:IM_MUX2a|Mux19~0                                                                 ; 4       ;
; cpu1:main_processor|data_path:dat|mux4to1:DATA_MUX0|Mux20~12                                                               ; 4       ;
; cpu1:main_processor|data_path:dat|mux4to1:DATA_MUX0|Mux21~11                                                               ; 4       ;
; cpu1:main_processor|data_path:dat|mux4to1:DATA_MUX0|Mux22~12                                                               ; 4       ;
; cpu1:main_processor|data_path:dat|mux2to1:IM_MUX1a|f[9]~9                                                                  ; 4       ;
; cpu1:main_processor|data_path:dat|mux4to1:IM_MUX2a|Mux23~0                                                                 ; 4       ;
; cpu1:main_processor|data_path:dat|mux4to1:IM_MUX2a|Mux25~0                                                                 ; 4       ;
; cpu1:main_processor|data_path:dat|mux4to1:IM_MUX2a|Mux26~0                                                                 ; 4       ;
; cpu1:main_processor|data_path:dat|mux4to1:DATA_MUX0|Mux27~6                                                                ; 4       ;
; cpu1:main_processor|data_path:dat|mux2to1:IM_MUX1a|f[5]~5                                                                  ; 4       ;
; cpu1:main_processor|data_path:dat|mux4to1:DATA_MUX0|Mux30~7                                                                ; 4       ;
; cpu1:main_processor|data_path:dat|mux2to1:IM_MUX1a|f[2]~2                                                                  ; 4       ;
; cpu1:main_processor|data_path:dat|mux4to1:IM_MUX2a|Mux30~0                                                                 ; 4       ;
; cpu1:main_processor|data_path:dat|mux4to1:DATA_MUX0|Mux31~2                                                                ; 4       ;
; cpu1:main_processor|data_path:dat|mux4to1:DATA_MUX0|Mux31~1                                                                ; 4       ;
; cpu1:main_processor|data_path:dat|register32:Reg_B|Q[29]                                                                   ; 4       ;
; cpu1:main_processor|data_path:dat|register32:Reg_B|Q[26]                                                                   ; 4       ;
; cpu1:main_processor|data_path:dat|register32:Reg_A|Q[30]                                                                   ; 4       ;
; cpu1:main_processor|data_path:dat|register32:Reg_A|Q[29]                                                                   ; 4       ;
; cpuClk~input                                                                                                               ; 3       ;
; cpu1:main_processor|data_path:dat|alu:ALU0|result_s~9                                                                      ; 3       ;
; cpu1:main_processor|data_path:dat|alu:ALU0|result_s~8                                                                      ; 3       ;
; cpu1:main_processor|reset_circuit:reset|present_clk.clk0                                                                   ; 3       ;
; cpu1:main_processor|control_new:control_unit|present_state.state_0                                                         ; 3       ;
; cpu1:main_processor|data_path:dat|mux2to1:A_Mux0|f[1]~2                                                                    ; 3       ;
; cpu1:main_processor|data_path:dat|mux4to1:DATA_MUX0|Mux0~5                                                                 ; 3       ;
; cpu1:main_processor|data_path:dat|mux4to1:IM_MUX2a|Mux0~0                                                                  ; 3       ;
; cpu1:main_processor|data_path:dat|mux4to1:DATA_MUX0|Mux1~6                                                                 ; 3       ;
; cpu1:main_processor|data_path:dat|mux2to1:IM_MUX1a|f[31]~31                                                                ; 3       ;
; cpu1:main_processor|data_path:dat|mux4to1:IM_MUX2a|Mux1~0                                                                  ; 3       ;
; cpu1:main_processor|data_path:dat|mux4to1:DATA_MUX0|Mux2~8                                                                 ; 3       ;
; cpu1:main_processor|data_path:dat|alu:ALU0|adder32:sub0|adder16:stage1|adder4:stage3|fulladd:stage0|Cout~0                 ; 3       ;
; cpu1:main_processor|data_path:dat|mux4to1:DATA_MUX0|Mux3~9                                                                 ; 3       ;
; cpu1:main_processor|data_path:dat|mux4to1:DATA_MUX0|Mux4~8                                                                 ; 3       ;
; cpu1:main_processor|data_path:dat|mux4to1:IM_MUX2a|Mux4~0                                                                  ; 3       ;
; cpu1:main_processor|data_path:dat|mux4to1:DATA_MUX0|Mux5~6                                                                 ; 3       ;
; cpu1:main_processor|data_path:dat|alu:ALU0|adder32:sub0|adder16:stage1|adder4:stage2|fulladd:stage1|Cout~0                 ; 3       ;
; cpu1:main_processor|data_path:dat|alu:ALU0|adder32:add0|adder16:stage1|adder4:stage2|fulladd:stage1|Cout~0                 ; 3       ;
; cpu1:main_processor|data_path:dat|mux4to1:DATA_MUX0|Mux6~7                                                                 ; 3       ;
; cpu1:main_processor|data_path:dat|mux4to1:DATA_MUX0|Mux7~4                                                                 ; 3       ;
; cpu1:main_processor|data_path:dat|mux4to1:DATA_MUX0|Mux8~7                                                                 ; 3       ;
; cpu1:main_processor|data_path:dat|mux4to1:DATA_MUX0|Mux9~7                                                                 ; 3       ;
; cpu1:main_processor|data_path:dat|alu:ALU0|adder32:sub0|adder16:stage1|adder4:stage1|fulladd:stage1|Cout~0                 ; 3       ;
; cpu1:main_processor|data_path:dat|mux4to1:DATA_MUX0|Mux10~14                                                               ; 3       ;
; cpu1:main_processor|data_path:dat|mux4to1:DATA_MUX0|Mux11~4                                                                ; 3       ;
; cpu1:main_processor|data_path:dat|mux4to1:DATA_MUX0|Mux12~6                                                                ; 3       ;
; cpu1:main_processor|data_path:dat|mux4to1:DATA_MUX0|Mux13~6                                                                ; 3       ;
; cpu1:main_processor|data_path:dat|mux4to1:DATA_MUX0|Mux14~4                                                                ; 3       ;
; cpu1:main_processor|data_path:dat|alu:ALU0|adder32:sub0|adder16:stage1|adder4:stage0|fulladd:stage0|Cout~0                 ; 3       ;
; cpu1:main_processor|data_path:dat|alu:ALU0|adder32:add0|adder16:stage1|adder4:stage0|fulladd:stage0|Cout~0                 ; 3       ;
; cpu1:main_processor|data_path:dat|mux4to1:DATA_MUX0|Mux15~8                                                                ; 3       ;
; cpu1:main_processor|data_path:dat|alu:ALU0|adder32:add0|adder16:stage0|adder4:stage3|fulladd:stage3|Cout~0                 ; 3       ;
; cpu1:main_processor|data_path:dat|mux4to1:IM_MUX2a|Mux16~0                                                                 ; 3       ;
; cpu1:main_processor|data_path:dat|alu:ALU0|adder32:add0|adder16:stage0|adder4:stage3|fulladd:stage2|Cout~0                 ; 3       ;
; cpu1:main_processor|data_path:dat|mux2to1:IM_MUX1a|f[15]~15                                                                ; 3       ;
; cpu1:main_processor|data_path:dat|mux2to1:IM_MUX1a|f[13]~13                                                                ; 3       ;
; cpu1:main_processor|data_path:dat|alu:ALU0|adder32:add0|adder16:stage0|adder4:stage2|fulladd:stage3|Cout~0                 ; 3       ;
; cpu1:main_processor|data_path:dat|alu:ALU0|adder32:sub0|adder16:stage0|adder4:stage2|fulladd:stage3|Cout~0                 ; 3       ;
; cpu1:main_processor|data_path:dat|mux2to1:IM_MUX1a|f[12]~12                                                                ; 3       ;
; cpu1:main_processor|data_path:dat|mux4to1:IM_MUX2a|Mux20~0                                                                 ; 3       ;
; cpu1:main_processor|data_path:dat|alu:ALU0|adder32:add0|adder16:stage0|adder4:stage2|fulladd:stage2|Cout~0                 ; 3       ;
; cpu1:main_processor|data_path:dat|mux2to1:IM_MUX1a|f[11]~11                                                                ; 3       ;
; cpu1:main_processor|data_path:dat|alu:ALU0|adder32:add0|adder16:stage0|adder4:stage2|fulladd:stage1|Cout~0                 ; 3       ;
; cpu1:main_processor|data_path:dat|mux4to1:IM_MUX2a|Mux21~0                                                                 ; 3       ;
; cpu1:main_processor|data_path:dat|mux4to1:IM_MUX2a|Mux22~0                                                                 ; 3       ;
; cpu1:main_processor|data_path:dat|alu:ALU0|adder32:add0|adder16:stage0|adder4:stage2|fulladd:stage0|Cout~0                 ; 3       ;
; cpu1:main_processor|data_path:dat|mux4to1:DATA_MUX0|Mux23~6                                                                ; 3       ;
; cpu1:main_processor|data_path:dat|mux4to1:DATA_MUX0|Mux25~9                                                                ; 3       ;
; cpu1:main_processor|data_path:dat|mux2to1:IM_MUX1a|f[7]~7                                                                  ; 3       ;
; cpu1:main_processor|data_path:dat|alu:ALU0|adder32:add0|adder16:stage0|adder4:stage1|fulladd:stage1|Cout~0                 ; 3       ;
; cpu1:main_processor|data_path:dat|alu:ALU0|adder32:sub0|adder16:stage0|adder4:stage1|fulladd:stage1|Cout~0                 ; 3       ;
; cpu1:main_processor|data_path:dat|mux2to1:IM_MUX1a|f[6]~6                                                                  ; 3       ;
; cpu1:main_processor|data_path:dat|alu:ALU0|adder32:sub0|adder16:stage0|adder4:stage0|fulladd:stage2|Cout~0                 ; 3       ;
; cpu1:main_processor|data_path:dat|register32:Reg_B|Q[31]                                                                   ; 3       ;
; cpu1:main_processor|data_path:dat|register32:Reg_B|Q[24]                                                                   ; 3       ;
; cpu1:main_processor|data_path:dat|register32:Reg_B|Q[22]                                                                   ; 3       ;
; cpu1:main_processor|data_path:dat|register32:Reg_B|Q[20]                                                                   ; 3       ;
; cpu1:main_processor|data_path:dat|register32:Reg_B|Q[18]                                                                   ; 3       ;
; cpu1:main_processor|data_path:dat|register32:Reg_B|Q[15]                                                                   ; 3       ;
; cpu1:main_processor|data_path:dat|register32:Reg_B|Q[14]                                                                   ; 3       ;
; cpu1:main_processor|data_path:dat|register32:Reg_B|Q[13]                                                                   ; 3       ;
; cpu1:main_processor|data_path:dat|register32:Reg_B|Q[12]                                                                   ; 3       ;
; cpu1:main_processor|data_path:dat|register32:Reg_B|Q[11]                                                                   ; 3       ;
; cpu1:main_processor|data_path:dat|register32:Reg_B|Q[10]                                                                   ; 3       ;
; cpu1:main_processor|data_path:dat|register32:Reg_B|Q[9]                                                                    ; 3       ;
; cpu1:main_processor|data_path:dat|register32:Reg_B|Q[8]                                                                    ; 3       ;
; cpu1:main_processor|data_path:dat|register32:Reg_B|Q[7]                                                                    ; 3       ;
; cpu1:main_processor|data_path:dat|register32:Reg_B|Q[6]                                                                    ; 3       ;
; cpu1:main_processor|data_path:dat|register32:Reg_B|Q[5]                                                                    ; 3       ;
; cpu1:main_processor|data_path:dat|register32:Reg_B|Q[4]                                                                    ; 3       ;
; cpu1:main_processor|data_path:dat|register32:Reg_B|Q[3]                                                                    ; 3       ;
; cpu1:main_processor|data_path:dat|register32:Reg_B|Q[2]                                                                    ; 3       ;
; cpu1:main_processor|data_path:dat|register32:Reg_B|Q[1]                                                                    ; 3       ;
; cpu1:main_processor|data_path:dat|register32:Reg_B|Q[0]                                                                    ; 3       ;
; cpu1:main_processor|data_path:dat|register32:Reg_A|Q[28]                                                                   ; 3       ;
; cpu1:main_processor|data_path:dat|register32:Reg_A|Q[26]                                                                   ; 3       ;
; cpu1:main_processor|data_path:dat|register32:Reg_A|Q[25]                                                                   ; 3       ;
; cpu1:main_processor|data_path:dat|register32:Reg_A|Q[24]                                                                   ; 3       ;
; cpu1:main_processor|data_path:dat|register32:Reg_A|Q[23]                                                                   ; 3       ;
; cpu1:main_processor|data_path:dat|register32:Reg_A|Q[22]                                                                   ; 3       ;
; cpu1:main_processor|data_path:dat|register32:Reg_A|Q[21]                                                                   ; 3       ;
; cpu1:main_processor|data_path:dat|register32:Reg_A|Q[20]                                                                   ; 3       ;
; cpu1:main_processor|data_path:dat|register32:Reg_A|Q[19]                                                                   ; 3       ;
; cpu1:main_processor|data_path:dat|register32:Reg_A|Q[17]                                                                   ; 3       ;
; cpu1:main_processor|data_path:dat|register32:Reg_A|Q[16]                                                                   ; 3       ;
; cpu1:main_processor|data_path:dat|alu:ALU0|adder32:sub0|adder16:stage1|adder4:stage3|fulladd:stage2|s~3                    ; 2       ;
; cpu1:main_processor|data_path:dat|alu:ALU0|adder32:sub0|adder16:stage1|adder4:stage2|fulladd:stage3|Cout~5                 ; 2       ;
; cpu1:main_processor|data_path:dat|alu:ALU0|adder32:sub0|adder16:stage1|adder4:stage1|fulladd:stage3|Cout~5                 ; 2       ;
; cpu1:main_processor|data_path:dat|alu:ALU0|adder32:sub0|adder16:stage1|adder4:stage0|fulladd:stage2|Cout~9                 ; 2       ;
; cpu1:main_processor|data_path:dat|mux4to1:DATA_MUX0|Mux19~12                                                               ; 2       ;
; cpu1:main_processor|data_path:dat|mux4to1:DATA_MUX0|Mux20~13                                                               ; 2       ;
; cpu1:main_processor|data_path:dat|mux4to1:DATA_MUX0|Mux21~12                                                               ; 2       ;
; cpu1:main_processor|data_path:dat|mux4to1:DATA_MUX0|Mux22~13                                                               ; 2       ;
; cpu1:main_processor|data_path:dat|mux4to1:DATA_MUX0|Mux25~13                                                               ; 2       ;
; cpu1:main_processor|reset_circuit:reset|present_clk.clk1                                                                   ; 2       ;
; cpu1:main_processor|data_path:dat|data_mem:Data_Mem0|DATAMEM~41                                                            ; 2       ;
; cpu1:main_processor|control_new:control_unit|process_2~0                                                                   ; 2       ;
; cpu1:main_processor|control_new:control_unit|wen~1                                                                         ; 2       ;
; cpu1:main_processor|reset_circuit:reset|enable_PD~0                                                                        ; 2       ;
; cpu1:main_processor|reset_circuit:reset|present_clk.clk3                                                                   ; 2       ;
; cpu1:main_processor|reset_circuit:reset|present_clk~6                                                                      ; 2       ;
; cpu1:main_processor|control_new:control_unit|wen~0                                                                         ; 2       ;
; cpu1:main_processor|data_path:dat|mux2to1:A_Mux0|f[31]~33                                                                  ; 2       ;
; cpu1:main_processor|data_path:dat|mux2to1:A_Mux0|f[30]~32                                                                  ; 2       ;
; cpu1:main_processor|data_path:dat|mux2to1:A_Mux0|f[29]~31                                                                  ; 2       ;
; cpu1:main_processor|data_path:dat|mux2to1:A_Mux0|f[28]~30                                                                  ; 2       ;
; cpu1:main_processor|data_path:dat|mux2to1:A_Mux0|f[27]~29                                                                  ; 2       ;
; cpu1:main_processor|data_path:dat|mux2to1:A_Mux0|f[26]~28                                                                  ; 2       ;
; cpu1:main_processor|data_path:dat|mux2to1:A_Mux0|f[25]~27                                                                  ; 2       ;
; cpu1:main_processor|data_path:dat|mux2to1:A_Mux0|f[24]~26                                                                  ; 2       ;
; cpu1:main_processor|data_path:dat|mux2to1:A_Mux0|f[23]~25                                                                  ; 2       ;
; cpu1:main_processor|data_path:dat|mux2to1:A_Mux0|f[22]~24                                                                  ; 2       ;
; cpu1:main_processor|data_path:dat|mux2to1:A_Mux0|f[21]~23                                                                  ; 2       ;
; cpu1:main_processor|data_path:dat|mux2to1:A_Mux0|f[20]~22                                                                  ; 2       ;
; cpu1:main_processor|data_path:dat|mux2to1:A_Mux0|f[19]~21                                                                  ; 2       ;
; cpu1:main_processor|data_path:dat|mux2to1:A_Mux0|f[18]~20                                                                  ; 2       ;
; cpu1:main_processor|data_path:dat|mux2to1:A_Mux0|f[17]~19                                                                  ; 2       ;
; cpu1:main_processor|data_path:dat|mux2to1:A_Mux0|f[16]~18                                                                  ; 2       ;
; cpu1:main_processor|data_path:dat|mux2to1:A_Mux0|f[15]~17                                                                  ; 2       ;
; cpu1:main_processor|data_path:dat|mux2to1:A_Mux0|f[14]~16                                                                  ; 2       ;
; cpu1:main_processor|data_path:dat|mux2to1:A_Mux0|f[13]~15                                                                  ; 2       ;
; cpu1:main_processor|data_path:dat|mux2to1:A_Mux0|f[12]~14                                                                  ; 2       ;
; cpu1:main_processor|data_path:dat|mux2to1:A_Mux0|f[11]~13                                                                  ; 2       ;
; cpu1:main_processor|data_path:dat|mux2to1:A_Mux0|f[10]~12                                                                  ; 2       ;
; cpu1:main_processor|data_path:dat|mux2to1:A_Mux0|f[9]~11                                                                   ; 2       ;
; cpu1:main_processor|data_path:dat|mux2to1:A_Mux0|f[8]~10                                                                   ; 2       ;
; cpu1:main_processor|data_path:dat|mux2to1:A_Mux0|f[7]~9                                                                    ; 2       ;
; cpu1:main_processor|data_path:dat|mux2to1:A_Mux0|f[6]~8                                                                    ; 2       ;
; cpu1:main_processor|data_path:dat|mux2to1:A_Mux0|f[5]~7                                                                    ; 2       ;
; cpu1:main_processor|data_path:dat|mux2to1:A_Mux0|f[4]~6                                                                    ; 2       ;
; cpu1:main_processor|data_path:dat|mux2to1:A_Mux0|f[3]~5                                                                    ; 2       ;
; cpu1:main_processor|data_path:dat|mux2to1:A_Mux0|f[2]~4                                                                    ; 2       ;
; cpu1:main_processor|data_path:dat|mux2to1:A_Mux0|f[1]~3                                                                    ; 2       ;
; cpu1:main_processor|control_new:control_unit|ALU_op~0                                                                      ; 2       ;
; cpu1:main_processor|control_new:control_unit|clr_A~0                                                                       ; 2       ;
; cpu1:main_processor|data_path:dat|mux2to1:A_Mux0|f[0]~1                                                                    ; 2       ;
; cpu1:main_processor|data_path:dat|mux4to1:DATA_MUX0|Mux0~3                                                                 ; 2       ;
; cpu1:main_processor|data_path:dat|mux4to1:DATA_MUX0|Mux0~2                                                                 ; 2       ;
; cpu1:main_processor|data_path:dat|mux4to1:DATA_MUX0|Mux0~1                                                                 ; 2       ;
; cpu1:main_processor|data_path:dat|alu:ALU0|Mux0~1                                                                          ; 2       ;
; cpu1:main_processor|data_path:dat|alu:ALU0|adder32:sub0|adder16:stage1|adder4:stage3|fulladd:stage3|s~0                    ; 2       ;
; cpu1:main_processor|data_path:dat|mux4to1:DATA_MUX0|Mux1~5                                                                 ; 2       ;
; cpu1:main_processor|data_path:dat|alu:ALU0|adder32:sub0|adder16:stage1|adder4:stage3|fulladd:stage2|s~2                    ; 2       ;
; cpu1:main_processor|data_path:dat|alu:ALU0|adder32:add0|adder16:stage1|adder4:stage3|fulladd:stage0|Cout~0                 ; 2       ;
; cpu1:main_processor|data_path:dat|mux4to1:DATA_MUX0|Mux2~7                                                                 ; 2       ;
; cpu1:main_processor|data_path:dat|alu:ALU0|adder32:add0|adder16:stage1|adder4:stage2|fulladd:stage3|Cout~0                 ; 2       ;
; cpu1:main_processor|data_path:dat|mux4to1:DATA_MUX0|Mux3~8                                                                 ; 2       ;
; cpu1:main_processor|data_path:dat|alu:ALU0|adder32:sub0|adder16:stage1|adder4:stage2|fulladd:stage3|Cout~4                 ; 2       ;
; cpu1:main_processor|data_path:dat|alu:ALU0|adder32:add0|adder16:stage1|adder4:stage2|fulladd:stage2|Cout~0                 ; 2       ;
; cpu1:main_processor|data_path:dat|mux4to1:DATA_MUX0|Mux4~7                                                                 ; 2       ;
; cpu1:main_processor|data_path:dat|mux4to1:DATA_MUX0|Mux5~5                                                                 ; 2       ;
; cpu1:main_processor|data_path:dat|mux4to1:DATA_MUX0|Mux6~6                                                                 ; 2       ;
; cpu1:main_processor|data_path:dat|alu:ALU0|adder32:sub0|adder16:stage1|adder4:stage2|fulladd:stage0|Cout~0                 ; 2       ;
; cpu1:main_processor|data_path:dat|alu:ALU0|adder32:add0|adder16:stage1|adder4:stage2|fulladd:stage0|Cout~0                 ; 2       ;
; cpu1:main_processor|data_path:dat|mux4to1:IM_MUX2a|Mux6~0                                                                  ; 2       ;
; cpu1:main_processor|data_path:dat|mux4to1:DATA_MUX0|Mux7~3                                                                 ; 2       ;
; cpu1:main_processor|data_path:dat|alu:ALU0|adder32:sub0|adder16:stage1|adder4:stage1|fulladd:stage3|Cout~4                 ; 2       ;
; cpu1:main_processor|data_path:dat|alu:ALU0|adder32:add0|adder16:stage1|adder4:stage1|fulladd:stage3|Cout~1                 ; 2       ;
; cpu1:main_processor|data_path:dat|mux4to1:DATA_MUX0|Mux8~6                                                                 ; 2       ;
; cpu1:main_processor|data_path:dat|alu:ALU0|adder32:sub0|adder16:stage1|adder4:stage1|fulladd:stage3|s~0                    ; 2       ;
; cpu1:main_processor|data_path:dat|mux4to1:DATA_MUX0|Mux9~6                                                                 ; 2       ;
; cpu1:main_processor|data_path:dat|mux4to1:DATA_MUX0|Mux9~0                                                                 ; 2       ;
; cpu1:main_processor|data_path:dat|mux4to1:DATA_MUX0|Mux10~13                                                               ; 2       ;
; cpu1:main_processor|data_path:dat|mux4to1:DATA_MUX0|Mux10~5                                                                ; 2       ;
; cpu1:main_processor|data_path:dat|alu:ALU0|adder32:add0|adder16:stage1|adder4:stage1|fulladd:stage0|Cout~0                 ; 2       ;
; cpu1:main_processor|data_path:dat|alu:ALU0|adder32:sub0|adder16:stage1|adder4:stage1|fulladd:stage0|Cout~0                 ; 2       ;
; cpu1:main_processor|data_path:dat|mux4to1:DATA_MUX0|Mux11~3                                                                ; 2       ;
; cpu1:main_processor|data_path:dat|alu:ALU0|adder32:sub0|adder16:stage1|adder4:stage0|fulladd:stage3|Cout~0                 ; 2       ;
; cpu1:main_processor|data_path:dat|alu:ALU0|adder32:add0|adder16:stage1|adder4:stage0|fulladd:stage3|Cout~3                 ; 2       ;
; cpu1:main_processor|data_path:dat|mux4to1:DATA_MUX0|Mux12~5                                                                ; 2       ;
; cpu1:main_processor|data_path:dat|alu:ALU0|adder32:sub0|adder16:stage1|adder4:stage0|fulladd:stage2|Cout~8                 ; 2       ;
; cpu1:main_processor|data_path:dat|mux4to1:DATA_MUX0|Mux13~5                                                                ; 2       ;
; cpu1:main_processor|data_path:dat|alu:ALU0|adder32:add0|adder16:stage1|adder4:stage0|fulladd:stage1|Cout~0                 ; 2       ;
; cpu1:main_processor|data_path:dat|mux4to1:DATA_MUX0|Mux14~3                                                                ; 2       ;
; cpu1:main_processor|data_path:dat|mux4to1:DATA_MUX0|Mux15~7                                                                ; 2       ;
; cpu1:main_processor|data_path:dat|alu:ALU0|adder32:sub0|adder16:stage0|adder4:stage3|fulladd:stage3|Cout~0                 ; 2       ;
; cpu1:main_processor|data_path:dat|mux4to1:IM_MUX2a|Mux15~0                                                                 ; 2       ;
; cpu1:main_processor|data_path:dat|mux4to1:DATA_MUX0|Mux16~6                                                                ; 2       ;
; cpu1:main_processor|data_path:dat|alu:ALU0|adder32:sub0|adder16:stage0|adder4:stage3|fulladd:stage2|Cout~0                 ; 2       ;
; cpu1:main_processor|data_path:dat|mux4to1:DATA_MUX0|Mux16~2                                                                ; 2       ;
; cpu1:main_processor|data_path:dat|alu:ALU0|adder32:add0|adder16:stage0|adder4:stage3|fulladd:stage1|Cout~0                 ; 2       ;
; cpu1:main_processor|data_path:dat|alu:ALU0|adder32:sub0|adder16:stage0|adder4:stage3|fulladd:stage1|Cout~2                 ; 2       ;
; cpu1:main_processor|data_path:dat|alu:ALU0|adder32:sub0|adder16:stage0|adder4:stage3|fulladd:stage1|Cout~0                 ; 2       ;
; cpu1:main_processor|data_path:dat|mux4to1:DATA_MUX0|Mux18~2                                                                ; 2       ;
; cpu1:main_processor|data_path:dat|alu:ALU0|adder32:add0|adder16:stage0|adder4:stage3|fulladd:stage0|Cout~0                 ; 2       ;
; cpu1:main_processor|data_path:dat|mux4to1:DATA_MUX0|Mux19~6                                                                ; 2       ;
; cpu1:main_processor|data_path:dat|alu:ALU0|adder32:sub0|adder16:stage0|adder4:stage2|fulladd:stage2|Cout~0                 ; 2       ;
; cpu1:main_processor|data_path:dat|mux4to1:DATA_MUX0|Mux20~4                                                                ; 2       ;
; cpu1:main_processor|data_path:dat|mux4to1:DATA_MUX0|Mux21~6                                                                ; 2       ;
; cpu1:main_processor|data_path:dat|alu:ALU0|adder32:sub0|adder16:stage0|adder4:stage2|fulladd:stage1|Cout~0                 ; 2       ;
; cpu1:main_processor|data_path:dat|mux2to1:IM_MUX1a|f[10]~10                                                                ; 2       ;
; cpu1:main_processor|data_path:dat|alu:ALU0|adder32:sub0|adder16:stage0|adder4:stage2|fulladd:stage0|Cout~0                 ; 2       ;
; cpu1:main_processor|data_path:dat|mux4to1:DATA_MUX0|Mux22~4                                                                ; 2       ;
; cpu1:main_processor|data_path:dat|mux4to1:DATA_MUX0|Mux23~5                                                                ; 2       ;
; cpu1:main_processor|data_path:dat|alu:ALU0|adder32:sub0|adder16:stage0|adder4:stage1|fulladd:stage3|Cout~2                 ; 2       ;
; cpu1:main_processor|data_path:dat|alu:ALU0|adder32:sub0|adder16:stage0|adder4:stage1|fulladd:stage3|Cout~0                 ; 2       ;
; cpu1:main_processor|data_path:dat|alu:ALU0|adder32:add0|adder16:stage0|adder4:stage1|fulladd:stage3|Cout~0                 ; 2       ;
; cpu1:main_processor|data_path:dat|mux4to1:DATA_MUX0|Mux24~2                                                                ; 2       ;
; cpu1:main_processor|data_path:dat|alu:ALU0|adder32:add0|adder16:stage0|adder4:stage1|fulladd:stage2|Cout~0                 ; 2       ;
; cpu1:main_processor|data_path:dat|mux4to1:DATA_MUX0|Mux25~6                                                                ; 2       ;
; cpu1:main_processor|data_path:dat|alu:ALU0|adder32:add0|adder16:stage0|adder4:stage1|fulladd:stage0|Cout~0                 ; 2       ;
; cpu1:main_processor|data_path:dat|alu:ALU0|adder32:sub0|adder16:stage0|adder4:stage1|fulladd:stage0|Cout~2                 ; 2       ;
; cpu1:main_processor|data_path:dat|alu:ALU0|adder32:sub0|adder16:stage0|adder4:stage1|fulladd:stage0|Cout~0                 ; 2       ;
; cpu1:main_processor|data_path:dat|mux4to1:DATA_MUX0|Mux27~5                                                                ; 2       ;
; cpu1:main_processor|data_path:dat|alu:ALU0|adder32:add0|adder16:stage0|adder4:stage0|fulladd:stage3|Cout~0                 ; 2       ;
; cpu1:main_processor|data_path:dat|alu:ALU0|adder32:add0|adder16:stage0|adder4:stage0|fulladd:stage2|Cout~0                 ; 2       ;
; cpu1:main_processor|data_path:dat|mux4to1:DATA_MUX0|Mux28~14                                                               ; 2       ;
; cpu1:main_processor|data_path:dat|mux2to1:IM_MUX1a|f[4]~4                                                                  ; 2       ;
; cpu1:main_processor|data_path:dat|alu:ALU0|adder32:add0|adder16:stage0|adder4:stage0|fulladd:stage1|Cout~0                 ; 2       ;
; cpu1:main_processor|data_path:dat|mux4to1:DATA_MUX0|Mux29~14                                                               ; 2       ;
; cpu1:main_processor|data_path:dat|alu:ALU0|adder32:sub0|adder16:stage0|adder4:stage0|fulladd:stage1|Cout~0                 ; 2       ;
; cpu1:main_processor|data_path:dat|mux4to1:DATA_MUX0|Mux30~6                                                                ; 2       ;
; cpu1:main_processor|data_path:dat|alu:ALU0|adder32:sub0|adder16:stage0|adder4:stage0|fulladd:stage0|Cout~0                 ; 2       ;
; cpu1:main_processor|data_path:dat|alu:ALU0|adder32:add0|adder16:stage0|adder4:stage0|fulladd:stage0|Cout~0                 ; 2       ;
; cpu1:main_processor|data_path:dat|alu:ALU0|Mux31~4                                                                         ; 2       ;
; cpu1:main_processor|data_path:dat|mux2to1:IM_MUX1a|f[1]~1                                                                  ; 2       ;
; cpu1:main_processor|data_path:dat|alu:ALU0|Mux31~0                                                                         ; 2       ;
; cpu1:main_processor|data_path:dat|mux4to1:DATA_MUX0|Mux31~0                                                                ; 2       ;
; system_memory:main_memory|altsyncram:altsyncram_component|altsyncram_04d1:auto_generated|q_a[15]                           ; 2       ;
; system_memory:main_memory|altsyncram:altsyncram_component|altsyncram_04d1:auto_generated|q_a[16]                           ; 2       ;
; system_memory:main_memory|altsyncram:altsyncram_component|altsyncram_04d1:auto_generated|q_a[17]                           ; 2       ;
; system_memory:main_memory|altsyncram:altsyncram_component|altsyncram_04d1:auto_generated|q_a[18]                           ; 2       ;
; system_memory:main_memory|altsyncram:altsyncram_component|altsyncram_04d1:auto_generated|q_a[19]                           ; 2       ;
; system_memory:main_memory|altsyncram:altsyncram_component|altsyncram_04d1:auto_generated|q_a[20]                           ; 2       ;
; system_memory:main_memory|altsyncram:altsyncram_component|altsyncram_04d1:auto_generated|q_a[21]                           ; 2       ;
; system_memory:main_memory|altsyncram:altsyncram_component|altsyncram_04d1:auto_generated|q_a[22]                           ; 2       ;
; system_memory:main_memory|altsyncram:altsyncram_component|altsyncram_04d1:auto_generated|q_a[23]                           ; 2       ;
; system_memory:main_memory|altsyncram:altsyncram_component|altsyncram_04d1:auto_generated|q_a[24]                           ; 2       ;
; system_memory:main_memory|altsyncram:altsyncram_component|altsyncram_04d1:auto_generated|q_a[25]                           ; 2       ;
; system_memory:main_memory|altsyncram:altsyncram_component|altsyncram_04d1:auto_generated|q_a[26]                           ; 2       ;
; system_memory:main_memory|altsyncram:altsyncram_component|altsyncram_04d1:auto_generated|q_a[27]                           ; 2       ;
; system_memory:main_memory|altsyncram:altsyncram_component|altsyncram_04d1:auto_generated|q_a[28]                           ; 2       ;
; system_memory:main_memory|altsyncram:altsyncram_component|altsyncram_04d1:auto_generated|q_a[29]                           ; 2       ;
; system_memory:main_memory|altsyncram:altsyncram_component|altsyncram_04d1:auto_generated|q_a[30]                           ; 2       ;
; system_memory:main_memory|altsyncram:altsyncram_component|altsyncram_04d1:auto_generated|q_a[31]                           ; 2       ;
; system_memory:main_memory|altsyncram:altsyncram_component|altsyncram_04d1:auto_generated|q_a[14]                           ; 2       ;
; system_memory:main_memory|altsyncram:altsyncram_component|altsyncram_04d1:auto_generated|q_a[1]                            ; 2       ;
; system_memory:main_memory|altsyncram:altsyncram_component|altsyncram_04d1:auto_generated|q_a[2]                            ; 2       ;
; system_memory:main_memory|altsyncram:altsyncram_component|altsyncram_04d1:auto_generated|q_a[3]                            ; 2       ;
; system_memory:main_memory|altsyncram:altsyncram_component|altsyncram_04d1:auto_generated|q_a[4]                            ; 2       ;
; system_memory:main_memory|altsyncram:altsyncram_component|altsyncram_04d1:auto_generated|q_a[5]                            ; 2       ;
; system_memory:main_memory|altsyncram:altsyncram_component|altsyncram_04d1:auto_generated|q_a[6]                            ; 2       ;
; system_memory:main_memory|altsyncram:altsyncram_component|altsyncram_04d1:auto_generated|q_a[7]                            ; 2       ;
; system_memory:main_memory|altsyncram:altsyncram_component|altsyncram_04d1:auto_generated|q_a[8]                            ; 2       ;
; system_memory:main_memory|altsyncram:altsyncram_component|altsyncram_04d1:auto_generated|q_a[9]                            ; 2       ;
; system_memory:main_memory|altsyncram:altsyncram_component|altsyncram_04d1:auto_generated|q_a[10]                           ; 2       ;
; system_memory:main_memory|altsyncram:altsyncram_component|altsyncram_04d1:auto_generated|q_a[11]                           ; 2       ;
; system_memory:main_memory|altsyncram:altsyncram_component|altsyncram_04d1:auto_generated|q_a[12]                           ; 2       ;
; system_memory:main_memory|altsyncram:altsyncram_component|altsyncram_04d1:auto_generated|q_a[13]                           ; 2       ;
; system_memory:main_memory|altsyncram:altsyncram_component|altsyncram_04d1:auto_generated|q_a[0]                            ; 2       ;
; cpu1:main_processor|data_path:dat|pc:PC0|register32:reg0|Q[31]                                                             ; 2       ;
; cpu1:main_processor|data_path:dat|pc:PC0|register32:reg0|Q[30]                                                             ; 2       ;
; cpu1:main_processor|data_path:dat|pc:PC0|register32:reg0|Q[29]                                                             ; 2       ;
; cpu1:main_processor|data_path:dat|pc:PC0|register32:reg0|Q[28]                                                             ; 2       ;
; cpu1:main_processor|data_path:dat|pc:PC0|register32:reg0|Q[27]                                                             ; 2       ;
; cpu1:main_processor|data_path:dat|pc:PC0|register32:reg0|Q[26]                                                             ; 2       ;
; cpu1:main_processor|data_path:dat|pc:PC0|register32:reg0|Q[25]                                                             ; 2       ;
; cpu1:main_processor|data_path:dat|pc:PC0|register32:reg0|Q[24]                                                             ; 2       ;
; cpu1:main_processor|data_path:dat|pc:PC0|register32:reg0|Q[23]                                                             ; 2       ;
; cpu1:main_processor|data_path:dat|pc:PC0|register32:reg0|Q[22]                                                             ; 2       ;
; cpu1:main_processor|data_path:dat|pc:PC0|register32:reg0|Q[21]                                                             ; 2       ;
; cpu1:main_processor|data_path:dat|pc:PC0|register32:reg0|Q[20]                                                             ; 2       ;
; cpu1:main_processor|data_path:dat|pc:PC0|register32:reg0|Q[19]                                                             ; 2       ;
; cpu1:main_processor|data_path:dat|pc:PC0|register32:reg0|Q[18]                                                             ; 2       ;
; cpu1:main_processor|data_path:dat|pc:PC0|register32:reg0|Q[17]                                                             ; 2       ;
; cpu1:main_processor|data_path:dat|pc:PC0|register32:reg0|Q[16]                                                             ; 2       ;
; cpu1:main_processor|data_path:dat|pc:PC0|register32:reg0|Q[15]                                                             ; 2       ;
; cpu1:main_processor|data_path:dat|pc:PC0|register32:reg0|Q[14]                                                             ; 2       ;
; cpu1:main_processor|data_path:dat|pc:PC0|register32:reg0|Q[13]                                                             ; 2       ;
; cpu1:main_processor|data_path:dat|pc:PC0|register32:reg0|Q[12]                                                             ; 2       ;
; cpu1:main_processor|data_path:dat|pc:PC0|register32:reg0|Q[11]                                                             ; 2       ;
; cpu1:main_processor|data_path:dat|pc:PC0|register32:reg0|Q[10]                                                             ; 2       ;
; cpu1:main_processor|data_path:dat|pc:PC0|register32:reg0|Q[9]                                                              ; 2       ;
; cpu1:main_processor|data_path:dat|pc:PC0|register32:reg0|Q[8]                                                              ; 2       ;
; cpu1:main_processor|data_path:dat|pc:PC0|register32:reg0|Q[7]                                                              ; 2       ;
; cpu1:main_processor|data_path:dat|pc:PC0|register32:reg0|Q[6]                                                              ; 2       ;
; cpu1:main_processor|control_new:control_unit|ld_IR~0_wirecell                                                              ; 1       ;
; cpu1:main_processor|reset_circuit:reset|present_clk.clk0~0                                                                 ; 1       ;
; cpu1:main_processor|control_new:control_unit|present_state.state_0~0                                                       ; 1       ;
; cpu1:main_processor|control_new:control_unit|present_state.state_1~0                                                       ; 1       ;
; cpu1:main_processor|control_new:control_unit|T[1]~1                                                                        ; 1       ;
; cpu1:main_processor|control_new:control_unit|T[0]~0                                                                        ; 1       ;
; cpu1:main_processor|data_path:dat|mux4to1:DATA_MUX0|Mux27~8                                                                ; 1       ;
; cpu1:main_processor|data_path:dat|mux4to1:DATA_MUX0|Mux27~7                                                                ; 1       ;
; cpu1:main_processor|data_path:dat|mux4to1:DATA_MUX0|Mux24~10                                                               ; 1       ;
; cpu1:main_processor|data_path:dat|mux4to1:DATA_MUX0|Mux24~9                                                                ; 1       ;
; cpu1:main_processor|data_path:dat|mux4to1:DATA_MUX0|Mux23~8                                                                ; 1       ;
; cpu1:main_processor|data_path:dat|mux4to1:DATA_MUX0|Mux23~7                                                                ; 1       ;
; cpu1:main_processor|data_path:dat|mux4to1:DATA_MUX0|Mux18~10                                                               ; 1       ;
; cpu1:main_processor|data_path:dat|mux4to1:DATA_MUX0|Mux18~9                                                                ; 1       ;
; cpu1:main_processor|data_path:dat|mux4to1:DATA_MUX0|Mux17~20                                                               ; 1       ;
; cpu1:main_processor|data_path:dat|mux4to1:DATA_MUX0|Mux17~19                                                               ; 1       ;
; cpu1:main_processor|data_path:dat|mux4to1:DATA_MUX0|Mux14~6                                                                ; 1       ;
; cpu1:main_processor|data_path:dat|mux4to1:DATA_MUX0|Mux14~5                                                                ; 1       ;
; cpu1:main_processor|data_path:dat|mux4to1:DATA_MUX0|Mux13~8                                                                ; 1       ;
; cpu1:main_processor|data_path:dat|mux4to1:DATA_MUX0|Mux13~7                                                                ; 1       ;
; cpu1:main_processor|data_path:dat|mux4to1:DATA_MUX0|Mux11~6                                                                ; 1       ;
; cpu1:main_processor|data_path:dat|mux4to1:DATA_MUX0|Mux11~5                                                                ; 1       ;
; cpu1:main_processor|data_path:dat|mux4to1:DATA_MUX0|Mux9~9                                                                 ; 1       ;
; cpu1:main_processor|data_path:dat|mux4to1:DATA_MUX0|Mux9~8                                                                 ; 1       ;
; cpu1:main_processor|data_path:dat|mux4to1:DATA_MUX0|Mux7~6                                                                 ; 1       ;
; cpu1:main_processor|data_path:dat|mux4to1:DATA_MUX0|Mux7~5                                                                 ; 1       ;
; cpu1:main_processor|data_path:dat|mux4to1:DATA_MUX0|Mux17~18                                                               ; 1       ;
; cpu1:main_processor|data_path:dat|mux4to1:DATA_MUX0|Mux26~18                                                               ; 1       ;
; cpu1:main_processor|data_path:dat|mux4to1:DATA_MUX0|Mux28~23                                                               ; 1       ;
; cpu1:main_processor|data_path:dat|mux4to1:DATA_MUX0|Mux29~23                                                               ; 1       ;
; cpu1:main_processor|data_path:dat|alu:ALU0|result_s~10                                                                     ; 1       ;
; cpu1:main_processor|data_path:dat|alu:ALU0|adder32:sub0|adder16:stage1|adder4:stage2|fulladd:stage3|Cout~6                 ; 1       ;
; cpu1:main_processor|data_path:dat|mux4to1:DATA_MUX0|Mux3~10                                                                ; 1       ;
; cpu1:main_processor|data_path:dat|alu:ALU0|adder32:sub0|adder16:stage1|adder4:stage1|fulladd:stage3|Cout~6                 ; 1       ;
; cpu1:main_processor|data_path:dat|alu:ALU0|adder32:add0|adder16:stage1|adder4:stage0|fulladd:stage3|Cout~4                 ; 1       ;
; cpu1:main_processor|data_path:dat|alu:ALU0|adder32:sub0|adder16:stage1|adder4:stage0|fulladd:stage2|Cout~10                ; 1       ;
; cpu1:main_processor|data_path:dat|mux4to1:DATA_MUX0|Mux16~12                                                               ; 1       ;
; cpu1:main_processor|data_path:dat|mux4to1:DATA_MUX0|Mux17~17                                                               ; 1       ;
; cpu1:main_processor|data_path:dat|mux4to1:DATA_MUX0|Mux17~16                                                               ; 1       ;
; cpu1:main_processor|data_path:dat|mux4to1:DATA_MUX0|Mux18~8                                                                ; 1       ;
; cpu1:main_processor|data_path:dat|mux4to1:DATA_MUX0|Mux19~14                                                               ; 1       ;
; cpu1:main_processor|data_path:dat|mux4to1:DATA_MUX0|Mux19~13                                                               ; 1       ;
; cpu1:main_processor|data_path:dat|mux4to1:DATA_MUX0|Mux20~14                                                               ; 1       ;
; cpu1:main_processor|data_path:dat|mux4to1:DATA_MUX0|Mux21~14                                                               ; 1       ;
; cpu1:main_processor|data_path:dat|mux4to1:DATA_MUX0|Mux21~13                                                               ; 1       ;
; cpu1:main_processor|data_path:dat|mux4to1:DATA_MUX0|Mux22~14                                                               ; 1       ;
; cpu1:main_processor|data_path:dat|mux4to1:DATA_MUX0|Mux24~8                                                                ; 1       ;
; cpu1:main_processor|data_path:dat|mux4to1:DATA_MUX0|Mux25~15                                                               ; 1       ;
; cpu1:main_processor|data_path:dat|mux4to1:DATA_MUX0|Mux25~14                                                               ; 1       ;
; cpu1:main_processor|data_path:dat|mux4to1:DATA_MUX0|Mux26~17                                                               ; 1       ;
; cpu1:main_processor|data_path:dat|alu:ALU0|adder32:sub0|adder16:stage0|adder4:stage1|fulladd:stage0|s                      ; 1       ;
; cpu1:main_processor|data_path:dat|alu:ALU0|adder32:sub0|adder16:stage0|adder4:stage0|fulladd:stage3|Cout~2                 ; 1       ;
; cpu1:main_processor|data_path:dat|mux4to1:DATA_MUX0|Mux28~22                                                               ; 1       ;
; cpu1:main_processor|data_path:dat|mux4to1:DATA_MUX0|Mux28~21                                                               ; 1       ;
; cpu1:main_processor|data_path:dat|mux4to1:DATA_MUX0|Mux28~20                                                               ; 1       ;
; cpu1:main_processor|data_path:dat|mux4to1:DATA_MUX0|Mux29~22                                                               ; 1       ;
; cpu1:main_processor|data_path:dat|mux4to1:DATA_MUX0|Mux29~21                                                               ; 1       ;
; cpu1:main_processor|data_path:dat|mux4to1:DATA_MUX0|Mux29~20                                                               ; 1       ;
; cpu1:main_processor|data_path:dat|alu:ALU0|adder32:sub0|adder16:stage0|adder4:stage0|fulladd:stage1|s                      ; 1       ;
; cpu1:main_processor|data_path:dat|mux4to1:DATA_MUX0|Mux30~8                                                                ; 1       ;
; cpu1:main_processor|reset_circuit:reset|present_clk~9                                                                      ; 1       ;
; cpu1:main_processor|reset_circuit:reset|present_clk~8                                                                      ; 1       ;
; cpu1:main_processor|reset_circuit:reset|present_clk~7                                                                      ; 1       ;
; cpu1:main_processor|reset_circuit:reset|present_clk.clk2                                                                   ; 1       ;
; cpu1:main_processor|data_path:dat|mux2to1:Reg_Mux0|f[31]~31                                                                ; 1       ;
; cpu1:main_processor|data_path:dat|mux2to1:Reg_Mux0|f[30]~30                                                                ; 1       ;
; cpu1:main_processor|data_path:dat|mux2to1:Reg_Mux0|f[29]~29                                                                ; 1       ;
; cpu1:main_processor|data_path:dat|mux2to1:Reg_Mux0|f[28]~28                                                                ; 1       ;
; cpu1:main_processor|data_path:dat|mux2to1:Reg_Mux0|f[27]~27                                                                ; 1       ;
; cpu1:main_processor|data_path:dat|mux2to1:Reg_Mux0|f[26]~26                                                                ; 1       ;
; cpu1:main_processor|data_path:dat|mux2to1:Reg_Mux0|f[25]~25                                                                ; 1       ;
; cpu1:main_processor|data_path:dat|mux2to1:Reg_Mux0|f[24]~24                                                                ; 1       ;
; cpu1:main_processor|data_path:dat|mux2to1:Reg_Mux0|f[23]~23                                                                ; 1       ;
; cpu1:main_processor|data_path:dat|mux2to1:Reg_Mux0|f[22]~22                                                                ; 1       ;
; cpu1:main_processor|data_path:dat|mux2to1:Reg_Mux0|f[21]~21                                                                ; 1       ;
; cpu1:main_processor|data_path:dat|mux2to1:Reg_Mux0|f[20]~20                                                                ; 1       ;
; cpu1:main_processor|data_path:dat|mux2to1:Reg_Mux0|f[19]~19                                                                ; 1       ;
; cpu1:main_processor|data_path:dat|mux2to1:Reg_Mux0|f[18]~18                                                                ; 1       ;
; cpu1:main_processor|data_path:dat|mux2to1:Reg_Mux0|f[17]~17                                                                ; 1       ;
; cpu1:main_processor|data_path:dat|mux2to1:Reg_Mux0|f[16]~16                                                                ; 1       ;
; cpu1:main_processor|data_path:dat|mux2to1:Reg_Mux0|f[15]~15                                                                ; 1       ;
; cpu1:main_processor|data_path:dat|mux2to1:Reg_Mux0|f[14]~14                                                                ; 1       ;
; cpu1:main_processor|data_path:dat|mux2to1:Reg_Mux0|f[13]~13                                                                ; 1       ;
; cpu1:main_processor|data_path:dat|mux2to1:Reg_Mux0|f[12]~12                                                                ; 1       ;
; cpu1:main_processor|data_path:dat|mux2to1:Reg_Mux0|f[11]~11                                                                ; 1       ;
; cpu1:main_processor|data_path:dat|mux2to1:Reg_Mux0|f[10]~10                                                                ; 1       ;
; cpu1:main_processor|data_path:dat|mux2to1:Reg_Mux0|f[9]~9                                                                  ; 1       ;
; cpu1:main_processor|data_path:dat|mux2to1:Reg_Mux0|f[8]~8                                                                  ; 1       ;
; cpu1:main_processor|data_path:dat|mux2to1:Reg_Mux0|f[7]~7                                                                  ; 1       ;
; cpu1:main_processor|data_path:dat|mux2to1:Reg_Mux0|f[6]~6                                                                  ; 1       ;
; cpu1:main_processor|data_path:dat|mux2to1:Reg_Mux0|f[5]~5                                                                  ; 1       ;
; cpu1:main_processor|data_path:dat|mux2to1:Reg_Mux0|f[4]~4                                                                  ; 1       ;
; cpu1:main_processor|data_path:dat|mux2to1:Reg_Mux0|f[3]~3                                                                  ; 1       ;
; cpu1:main_processor|data_path:dat|mux2to1:Reg_Mux0|f[2]~2                                                                  ; 1       ;
; cpu1:main_processor|data_path:dat|mux2to1:Reg_Mux0|f[1]~1                                                                  ; 1       ;
; cpu1:main_processor|control_new:control_unit|wen~2                                                                         ; 1       ;
; cpu1:main_processor|data_path:dat|mux2to1:Reg_Mux0|f[0]~0                                                                  ; 1       ;
; cpu1:main_processor|control_new:control_unit|en~1                                                                          ; 1       ;
; cpu1:main_processor|control_new:control_unit|en~0                                                                          ; 1       ;
; cpu1:main_processor|control_new:control_unit|Mux22~0                                                                       ; 1       ;
; cpu1:main_processor|control_new:control_unit|Selector3~0                                                                   ; 1       ;
; cpu1:main_processor|data_path:dat|data_mem:Data_Mem0|data_out~31                                                           ; 1       ;
; cpu1:main_processor|data_path:dat|data_mem:Data_Mem0|data_out~30                                                           ; 1       ;
; cpu1:main_processor|data_path:dat|data_mem:Data_Mem0|data_out~29                                                           ; 1       ;
; cpu1:main_processor|data_path:dat|data_mem:Data_Mem0|data_out~28                                                           ; 1       ;
; cpu1:main_processor|data_path:dat|data_mem:Data_Mem0|data_out~27                                                           ; 1       ;
; cpu1:main_processor|data_path:dat|data_mem:Data_Mem0|data_out~26                                                           ; 1       ;
; cpu1:main_processor|data_path:dat|data_mem:Data_Mem0|data_out~25                                                           ; 1       ;
; cpu1:main_processor|data_path:dat|data_mem:Data_Mem0|data_out~24                                                           ; 1       ;
; cpu1:main_processor|data_path:dat|data_mem:Data_Mem0|data_out~23                                                           ; 1       ;
; cpu1:main_processor|data_path:dat|data_mem:Data_Mem0|data_out~22                                                           ; 1       ;
; cpu1:main_processor|data_path:dat|data_mem:Data_Mem0|data_out~21                                                           ; 1       ;
; cpu1:main_processor|data_path:dat|data_mem:Data_Mem0|data_out~20                                                           ; 1       ;
; cpu1:main_processor|data_path:dat|data_mem:Data_Mem0|data_out~19                                                           ; 1       ;
; cpu1:main_processor|data_path:dat|data_mem:Data_Mem0|data_out~18                                                           ; 1       ;
; cpu1:main_processor|data_path:dat|data_mem:Data_Mem0|data_out~17                                                           ; 1       ;
; cpu1:main_processor|data_path:dat|data_mem:Data_Mem0|data_out~16                                                           ; 1       ;
; cpu1:main_processor|data_path:dat|data_mem:Data_Mem0|data_out~15                                                           ; 1       ;
; cpu1:main_processor|data_path:dat|data_mem:Data_Mem0|data_out~14                                                           ; 1       ;
; cpu1:main_processor|data_path:dat|data_mem:Data_Mem0|data_out~13                                                           ; 1       ;
; cpu1:main_processor|data_path:dat|data_mem:Data_Mem0|data_out~12                                                           ; 1       ;
; cpu1:main_processor|data_path:dat|data_mem:Data_Mem0|data_out~11                                                           ; 1       ;
; cpu1:main_processor|data_path:dat|data_mem:Data_Mem0|data_out~10                                                           ; 1       ;
; cpu1:main_processor|data_path:dat|data_mem:Data_Mem0|data_out~9                                                            ; 1       ;
; cpu1:main_processor|data_path:dat|data_mem:Data_Mem0|data_out~8                                                            ; 1       ;
; cpu1:main_processor|data_path:dat|data_mem:Data_Mem0|data_out~7                                                            ; 1       ;
; cpu1:main_processor|data_path:dat|data_mem:Data_Mem0|data_out~6                                                            ; 1       ;
; cpu1:main_processor|data_path:dat|data_mem:Data_Mem0|data_out~5                                                            ; 1       ;
; cpu1:main_processor|data_path:dat|data_mem:Data_Mem0|data_out~4                                                            ; 1       ;
; cpu1:main_processor|data_path:dat|data_mem:Data_Mem0|data_out~3                                                            ; 1       ;
; cpu1:main_processor|data_path:dat|data_mem:Data_Mem0|data_out~2                                                            ; 1       ;
; cpu1:main_processor|data_path:dat|data_mem:Data_Mem0|data_out~1                                                            ; 1       ;
; cpu1:main_processor|control_new:control_unit|ALU_op~2                                                                      ; 1       ;
; cpu1:main_processor|control_new:control_unit|ALU_op~1                                                                      ; 1       ;
; cpu1:main_processor|control_new:control_unit|IM_MUX2~1                                                                     ; 1       ;
; cpu1:main_processor|control_new:control_unit|IM_MUX2~0                                                                     ; 1       ;
; cpu1:main_processor|control_new:control_unit|DATA_Mux~1                                                                    ; 1       ;
; cpu1:main_processor|control_new:control_unit|DATA_Mux~0                                                                    ; 1       ;
; cpu1:main_processor|data_path:dat|data_mem:Data_Mem0|data_out~0                                                            ; 1       ;
; cpu1:main_processor|control_new:control_unit|Mux1~0                                                                        ; 1       ;
; cpu1:main_processor|control_new:control_unit|ld_B~0                                                                        ; 1       ;
; cpu1:main_processor|control_new:control_unit|clr_B~1                                                                       ; 1       ;
; cpu1:main_processor|control_new:control_unit|clr_B~0                                                                       ; 1       ;
; cpu1:main_processor|data_path:dat|mux4to1:DATA_MUX0|Mux0~6                                                                 ; 1       ;
; cpu1:main_processor|control_new:control_unit|ld_A~2                                                                        ; 1       ;
; cpu1:main_processor|control_new:control_unit|ld_A~1                                                                        ; 1       ;
; cpu1:main_processor|control_new:control_unit|Mux3~0                                                                        ; 1       ;
; cpu1:main_processor|control_new:control_unit|ld_A~0                                                                        ; 1       ;
; cpu1:main_processor|control_new:control_unit|clr_A~1                                                                       ; 1       ;
; cpu1:main_processor|data_path:dat|mux2to1:A_Mux0|f[0]~0                                                                    ; 1       ;
; cpu1:main_processor|control_new:control_unit|T[2]                                                                          ; 1       ;
; cpu1:main_processor|control_new:control_unit|T[1]                                                                          ; 1       ;
; cpu1:main_processor|control_new:control_unit|T[0]                                                                          ; 1       ;
; cpu1:main_processor|data_path:dat|mux4to1:DATA_MUX0|Mux0~4                                                                 ; 1       ;
; cpu1:main_processor|data_path:dat|data_mem:Data_Mem0|data_out[31]                                                          ; 1       ;
; cpu1:main_processor|data_path:dat|mux4to1:DATA_MUX0|Mux0~0                                                                 ; 1       ;
; cpu1:main_processor|data_path:dat|alu:ALU0|adder32:sub0|adder16:stage1|adder4:stage3|fulladd:stage3|s                      ; 1       ;
; cpu1:main_processor|data_path:dat|alu:ALU0|adder32:sub0|adder16:stage1|adder4:stage3|fulladd:stage1|Cout~0                 ; 1       ;
; cpu1:main_processor|data_path:dat|alu:ALU0|Mux0~0                                                                          ; 1       ;
; cpu1:main_processor|data_path:dat|alu:ALU0|result_s~7                                                                      ; 1       ;
; cpu1:main_processor|data_path:dat|alu:ALU0|adder32:add0|adder16:stage1|adder4:stage3|fulladd:stage3|s                      ; 1       ;
; cpu1:main_processor|data_path:dat|alu:ALU0|adder32:add0|adder16:stage1|adder4:stage3|fulladd:stage1|Cout~0                 ; 1       ;
; cpu1:main_processor|data_path:dat|mux4to1:DATA_MUX0|Mux1~4                                                                 ; 1       ;
; cpu1:main_processor|data_path:dat|mux4to1:DATA_MUX0|Mux1~3                                                                 ; 1       ;
; cpu1:main_processor|data_path:dat|alu:ALU0|adder32:sub0|adder16:stage1|adder4:stage3|fulladd:stage2|s                      ; 1       ;
; cpu1:main_processor|data_path:dat|mux4to1:DATA_MUX0|Mux1~2                                                                 ; 1       ;
; cpu1:main_processor|data_path:dat|mux4to1:DATA_MUX0|Mux1~1                                                                 ; 1       ;
; cpu1:main_processor|data_path:dat|mux4to1:DATA_MUX0|Mux1~0                                                                 ; 1       ;
; cpu1:main_processor|data_path:dat|alu:ALU0|adder32:add0|adder16:stage1|adder4:stage3|fulladd:stage2|s                      ; 1       ;
; cpu1:main_processor|data_path:dat|data_mem:Data_Mem0|data_out[30]                                                          ; 1       ;
; cpu1:main_processor|data_path:dat|mux4to1:DATA_MUX0|Mux2~6                                                                 ; 1       ;
; cpu1:main_processor|data_path:dat|mux4to1:DATA_MUX0|Mux2~5                                                                 ; 1       ;
; cpu1:main_processor|data_path:dat|alu:ALU0|adder32:sub0|adder16:stage1|adder4:stage3|fulladd:stage1|s                      ; 1       ;
; cpu1:main_processor|data_path:dat|mux4to1:DATA_MUX0|Mux2~4                                                                 ; 1       ;
; cpu1:main_processor|data_path:dat|data_mem:Data_Mem0|data_out[29]                                                          ; 1       ;
; cpu1:main_processor|data_path:dat|mux4to1:DATA_MUX0|Mux2~3                                                                 ; 1       ;
; cpu1:main_processor|data_path:dat|mux4to1:DATA_MUX0|Mux2~2                                                                 ; 1       ;
; cpu1:main_processor|data_path:dat|mux4to1:DATA_MUX0|Mux2~1                                                                 ; 1       ;
; cpu1:main_processor|data_path:dat|mux4to1:DATA_MUX0|Mux2~0                                                                 ; 1       ;
; cpu1:main_processor|data_path:dat|mux4to1:DATA_MUX0|Mux3~7                                                                 ; 1       ;
; cpu1:main_processor|data_path:dat|mux4to1:DATA_MUX0|Mux3~6                                                                 ; 1       ;
; cpu1:main_processor|data_path:dat|alu:ALU0|adder32:sub0|adder16:stage1|adder4:stage3|fulladd:stage0|s                      ; 1       ;
; cpu1:main_processor|data_path:dat|mux4to1:DATA_MUX0|Mux3~5                                                                 ; 1       ;
; cpu1:main_processor|data_path:dat|mux4to1:DATA_MUX0|Mux3~4                                                                 ; 1       ;
; cpu1:main_processor|data_path:dat|mux4to1:DATA_MUX0|Mux3~3                                                                 ; 1       ;
; cpu1:main_processor|data_path:dat|mux4to1:DATA_MUX0|Mux3~2                                                                 ; 1       ;
; cpu1:main_processor|data_path:dat|data_mem:Data_Mem0|data_out[28]                                                          ; 1       ;
; cpu1:main_processor|data_path:dat|mux4to1:DATA_MUX0|Mux4~6                                                                 ; 1       ;
; cpu1:main_processor|data_path:dat|mux4to1:DATA_MUX0|Mux4~5                                                                 ; 1       ;
; cpu1:main_processor|data_path:dat|alu:ALU0|adder32:sub0|adder16:stage1|adder4:stage2|fulladd:stage3|s                      ; 1       ;
; cpu1:main_processor|data_path:dat|alu:ALU0|adder32:sub0|adder16:stage1|adder4:stage2|fulladd:stage3|s~0                    ; 1       ;
; cpu1:main_processor|data_path:dat|mux4to1:DATA_MUX0|Mux4~4                                                                 ; 1       ;
; cpu1:main_processor|data_path:dat|data_mem:Data_Mem0|data_out[27]                                                          ; 1       ;
; cpu1:main_processor|data_path:dat|mux4to1:DATA_MUX0|Mux4~3                                                                 ; 1       ;
; cpu1:main_processor|data_path:dat|mux4to1:DATA_MUX0|Mux4~2                                                                 ; 1       ;
; cpu1:main_processor|data_path:dat|mux4to1:DATA_MUX0|Mux4~1                                                                 ; 1       ;
; cpu1:main_processor|data_path:dat|mux4to1:DATA_MUX0|Mux4~0                                                                 ; 1       ;
; cpu1:main_processor|data_path:dat|mux4to1:DATA_MUX0|Mux5~4                                                                 ; 1       ;
; cpu1:main_processor|data_path:dat|mux4to1:DATA_MUX0|Mux5~3                                                                 ; 1       ;
; cpu1:main_processor|data_path:dat|alu:ALU0|adder32:sub0|adder16:stage1|adder4:stage2|fulladd:stage2|s                      ; 1       ;
; cpu1:main_processor|data_path:dat|mux4to1:DATA_MUX0|Mux5~2                                                                 ; 1       ;
; cpu1:main_processor|data_path:dat|mux4to1:DATA_MUX0|Mux5~1                                                                 ; 1       ;
; cpu1:main_processor|data_path:dat|mux4to1:DATA_MUX0|Mux5~0                                                                 ; 1       ;
; cpu1:main_processor|data_path:dat|data_mem:Data_Mem0|data_out[26]                                                          ; 1       ;
; cpu1:main_processor|data_path:dat|mux4to1:DATA_MUX0|Mux6~5                                                                 ; 1       ;
; cpu1:main_processor|data_path:dat|mux4to1:DATA_MUX0|Mux6~4                                                                 ; 1       ;
; cpu1:main_processor|data_path:dat|mux4to1:DATA_MUX0|Mux6~3                                                                 ; 1       ;
; cpu1:main_processor|data_path:dat|mux4to1:DATA_MUX0|Mux6~2                                                                 ; 1       ;
; cpu1:main_processor|data_path:dat|data_mem:Data_Mem0|data_out[25]                                                          ; 1       ;
; cpu1:main_processor|data_path:dat|mux4to1:DATA_MUX0|Mux6~1                                                                 ; 1       ;
; cpu1:main_processor|data_path:dat|mux4to1:DATA_MUX0|Mux6~0                                                                 ; 1       ;
; cpu1:main_processor|data_path:dat|alu:ALU0|result_s~6                                                                      ; 1       ;
; cpu1:main_processor|data_path:dat|alu:ALU0|adder32:add0|adder16:stage1|adder4:stage2|fulladd:stage1|s                      ; 1       ;
; cpu1:main_processor|data_path:dat|mux4to1:DATA_MUX0|Mux7~2                                                                 ; 1       ;
; cpu1:main_processor|data_path:dat|mux4to1:DATA_MUX0|Mux7~1                                                                 ; 1       ;
; cpu1:main_processor|data_path:dat|alu:ALU0|adder32:sub0|adder16:stage1|adder4:stage2|fulladd:stage0|s                      ; 1       ;
; cpu1:main_processor|data_path:dat|mux4to1:DATA_MUX0|Mux7~0                                                                 ; 1       ;
; cpu1:main_processor|data_path:dat|alu:ALU0|adder32:add0|adder16:stage1|adder4:stage1|fulladd:stage3|Cout~0                 ; 1       ;
; cpu1:main_processor|data_path:dat|data_mem:Data_Mem0|data_out[24]                                                          ; 1       ;
; cpu1:main_processor|data_path:dat|mux4to1:DATA_MUX0|Mux8~5                                                                 ; 1       ;
; cpu1:main_processor|data_path:dat|mux4to1:DATA_MUX0|Mux8~4                                                                 ; 1       ;
; cpu1:main_processor|data_path:dat|alu:ALU0|adder32:sub0|adder16:stage1|adder4:stage1|fulladd:stage3|s                      ; 1       ;
; cpu1:main_processor|data_path:dat|mux4to1:DATA_MUX0|Mux8~3                                                                 ; 1       ;
; cpu1:main_processor|data_path:dat|data_mem:Data_Mem0|data_out[23]                                                          ; 1       ;
; cpu1:main_processor|data_path:dat|mux4to1:DATA_MUX0|Mux8~2                                                                 ; 1       ;
; cpu1:main_processor|data_path:dat|mux4to1:DATA_MUX0|Mux8~1                                                                 ; 1       ;
; cpu1:main_processor|data_path:dat|alu:ALU0|adder32:add0|adder16:stage1|adder4:stage1|fulladd:stage3|s                      ; 1       ;
; cpu1:main_processor|data_path:dat|mux4to1:IM_MUX2a|Mux8~0                                                                  ; 1       ;
; cpu1:main_processor|data_path:dat|mux4to1:DATA_MUX0|Mux9~5                                                                 ; 1       ;
; cpu1:main_processor|data_path:dat|mux4to1:DATA_MUX0|Mux9~4                                                                 ; 1       ;
; cpu1:main_processor|data_path:dat|mux4to1:DATA_MUX0|Mux9~3                                                                 ; 1       ;
; cpu1:main_processor|data_path:dat|mux4to1:DATA_MUX0|Mux9~2                                                                 ; 1       ;
; cpu1:main_processor|data_path:dat|mux4to1:DATA_MUX0|Mux9~1                                                                 ; 1       ;
; cpu1:main_processor|data_path:dat|data_mem:Data_Mem0|data_out[22]                                                          ; 1       ;
; cpu1:main_processor|data_path:dat|mux4to1:DATA_MUX0|Mux10~12                                                               ; 1       ;
; cpu1:main_processor|data_path:dat|mux4to1:DATA_MUX0|Mux10~11                                                               ; 1       ;
; cpu1:main_processor|data_path:dat|mux4to1:DATA_MUX0|Mux10~10                                                               ; 1       ;
; cpu1:main_processor|data_path:dat|mux4to1:DATA_MUX0|Mux10~9                                                                ; 1       ;
; cpu1:main_processor|data_path:dat|mux4to1:DATA_MUX0|Mux10~8                                                                ; 1       ;
; cpu1:main_processor|data_path:dat|mux4to1:DATA_MUX0|Mux10~7                                                                ; 1       ;
; cpu1:main_processor|data_path:dat|mux4to1:DATA_MUX0|Mux10~6                                                                ; 1       ;
; cpu1:main_processor|data_path:dat|mux4to1:DATA_MUX0|Mux10~4                                                                ; 1       ;
; cpu1:main_processor|data_path:dat|mux4to1:DATA_MUX0|Mux10~3                                                                ; 1       ;
; cpu1:main_processor|data_path:dat|mux4to1:DATA_MUX0|Mux10~2                                                                ; 1       ;
; cpu1:main_processor|data_path:dat|mux4to1:DATA_MUX0|Mux10~1                                                                ; 1       ;
; cpu1:main_processor|data_path:dat|mux4to1:DATA_MUX0|Mux10~0                                                                ; 1       ;
; cpu1:main_processor|data_path:dat|data_mem:Data_Mem0|data_out[21]                                                          ; 1       ;
; cpu1:main_processor|data_path:dat|mux4to1:DATA_MUX0|Mux11~2                                                                ; 1       ;
; cpu1:main_processor|data_path:dat|mux4to1:DATA_MUX0|Mux11~1                                                                ; 1       ;
; cpu1:main_processor|data_path:dat|alu:ALU0|adder32:sub0|adder16:stage1|adder4:stage1|fulladd:stage0|s                      ; 1       ;
; cpu1:main_processor|data_path:dat|mux4to1:DATA_MUX0|Mux11~0                                                                ; 1       ;
; cpu1:main_processor|data_path:dat|alu:ALU0|adder32:add0|adder16:stage1|adder4:stage0|fulladd:stage3|Cout~2                 ; 1       ;
; cpu1:main_processor|data_path:dat|data_mem:Data_Mem0|data_out[20]                                                          ; 1       ;
; cpu1:main_processor|data_path:dat|mux4to1:DATA_MUX0|Mux12~4                                                                ; 1       ;
; cpu1:main_processor|data_path:dat|mux4to1:DATA_MUX0|Mux12~3                                                                ; 1       ;
; cpu1:main_processor|data_path:dat|alu:ALU0|adder32:sub0|adder16:stage1|adder4:stage0|fulladd:stage3|s                      ; 1       ;
; cpu1:main_processor|data_path:dat|mux4to1:DATA_MUX0|Mux12~2                                                                ; 1       ;
; cpu1:main_processor|data_path:dat|data_mem:Data_Mem0|data_out[19]                                                          ; 1       ;
; cpu1:main_processor|data_path:dat|mux4to1:DATA_MUX0|Mux12~1                                                                ; 1       ;
; cpu1:main_processor|data_path:dat|mux4to1:DATA_MUX0|Mux12~0                                                                ; 1       ;
; cpu1:main_processor|data_path:dat|alu:ALU0|adder32:add0|adder16:stage1|adder4:stage0|fulladd:stage3|s                      ; 1       ;
; cpu1:main_processor|data_path:dat|alu:ALU0|adder32:add0|adder16:stage1|adder4:stage0|fulladd:stage2|Cout~0                 ; 1       ;
; cpu1:main_processor|data_path:dat|mux4to1:DATA_MUX0|Mux13~4                                                                ; 1       ;
; cpu1:main_processor|data_path:dat|mux4to1:DATA_MUX0|Mux13~3                                                                ; 1       ;
; cpu1:main_processor|data_path:dat|mux4to1:DATA_MUX0|Mux13~2                                                                ; 1       ;
; cpu1:main_processor|data_path:dat|mux4to1:DATA_MUX0|Mux13~1                                                                ; 1       ;
; cpu1:main_processor|data_path:dat|mux4to1:DATA_MUX0|Mux13~0                                                                ; 1       ;
; cpu1:main_processor|data_path:dat|data_mem:Data_Mem0|data_out[18]                                                          ; 1       ;
; cpu1:main_processor|data_path:dat|mux4to1:DATA_MUX0|Mux14~2                                                                ; 1       ;
; cpu1:main_processor|data_path:dat|mux4to1:DATA_MUX0|Mux14~1                                                                ; 1       ;
; cpu1:main_processor|data_path:dat|alu:ALU0|adder32:sub0|adder16:stage1|adder4:stage0|fulladd:stage1|s                      ; 1       ;
; cpu1:main_processor|data_path:dat|mux4to1:DATA_MUX0|Mux14~0                                                                ; 1       ;
; cpu1:main_processor|data_path:dat|data_mem:Data_Mem0|data_out[17]                                                          ; 1       ;
; cpu1:main_processor|data_path:dat|mux4to1:DATA_MUX0|Mux15~6                                                                ; 1       ;
; cpu1:main_processor|data_path:dat|mux4to1:DATA_MUX0|Mux15~5                                                                ; 1       ;
; cpu1:main_processor|data_path:dat|alu:ALU0|adder32:sub0|adder16:stage1|adder4:stage0|fulladd:stage0|s                      ; 1       ;
; cpu1:main_processor|data_path:dat|mux4to1:DATA_MUX0|Mux15~4                                                                ; 1       ;
; cpu1:main_processor|data_path:dat|mux4to1:DATA_MUX0|Mux15~3                                                                ; 1       ;
; cpu1:main_processor|data_path:dat|mux4to1:DATA_MUX0|Mux15~2                                                                ; 1       ;
; cpu1:main_processor|data_path:dat|mux4to1:DATA_MUX0|Mux15~1                                                                ; 1       ;
; cpu1:main_processor|data_path:dat|mux4to1:DATA_MUX0|Mux15~0                                                                ; 1       ;
; cpu1:main_processor|data_path:dat|data_mem:Data_Mem0|data_out[16]                                                          ; 1       ;
; cpu1:main_processor|data_path:dat|mux4to1:DATA_MUX0|Mux16~10                                                               ; 1       ;
; cpu1:main_processor|data_path:dat|mux4to1:DATA_MUX0|Mux16~9                                                                ; 1       ;
; cpu1:main_processor|data_path:dat|mux4to1:DATA_MUX0|Mux16~8                                                                ; 1       ;
; cpu1:main_processor|data_path:dat|mux4to1:DATA_MUX0|Mux16~7                                                                ; 1       ;
; cpu1:main_processor|data_path:dat|mux4to1:DATA_MUX0|Mux16~5                                                                ; 1       ;
; cpu1:main_processor|data_path:dat|mux4to1:DATA_MUX0|Mux16~4                                                                ; 1       ;
; cpu1:main_processor|data_path:dat|mux4to1:DATA_MUX0|Mux16~3                                                                ; 1       ;
; cpu1:main_processor|data_path:dat|data_mem:Data_Mem0|data_out[15]                                                          ; 1       ;
; cpu1:main_processor|data_path:dat|mux4to1:DATA_MUX0|Mux17~14                                                               ; 1       ;
; cpu1:main_processor|data_path:dat|mux4to1:DATA_MUX0|Mux17~13                                                               ; 1       ;
; cpu1:main_processor|data_path:dat|mux4to1:DATA_MUX0|Mux17~12                                                               ; 1       ;
; cpu1:main_processor|data_path:dat|alu:ALU0|adder32:sub0|adder16:stage0|adder4:stage3|fulladd:stage1|Cout~1                 ; 1       ;
; cpu1:main_processor|data_path:dat|data_mem:Data_Mem0|data_out[14]                                                          ; 1       ;
; cpu1:main_processor|data_path:dat|mux4to1:DATA_MUX0|Mux18~6                                                                ; 1       ;
; cpu1:main_processor|data_path:dat|mux4to1:DATA_MUX0|Mux18~5                                                                ; 1       ;
; cpu1:main_processor|data_path:dat|mux4to1:DATA_MUX0|Mux18~4                                                                ; 1       ;
; cpu1:main_processor|data_path:dat|mux4to1:DATA_MUX0|Mux18~3                                                                ; 1       ;
; cpu1:main_processor|data_path:dat|data_mem:Data_Mem0|data_out[13]                                                          ; 1       ;
; cpu1:main_processor|data_path:dat|mux4to1:DATA_MUX0|Mux19~10                                                               ; 1       ;
; cpu1:main_processor|data_path:dat|mux4to1:DATA_MUX0|Mux19~9                                                                ; 1       ;
; cpu1:main_processor|data_path:dat|mux4to1:DATA_MUX0|Mux19~8                                                                ; 1       ;
; cpu1:main_processor|data_path:dat|mux4to1:DATA_MUX0|Mux19~7                                                                ; 1       ;
; cpu1:main_processor|data_path:dat|data_mem:Data_Mem0|data_out[12]                                                          ; 1       ;
; cpu1:main_processor|data_path:dat|mux4to1:DATA_MUX0|Mux20~11                                                               ; 1       ;
; cpu1:main_processor|data_path:dat|mux4to1:DATA_MUX0|Mux20~10                                                               ; 1       ;
; cpu1:main_processor|data_path:dat|mux4to1:DATA_MUX0|Mux20~9                                                                ; 1       ;
; cpu1:main_processor|data_path:dat|mux4to1:DATA_MUX0|Mux20~8                                                                ; 1       ;
; cpu1:main_processor|data_path:dat|mux4to1:DATA_MUX0|Mux20~7                                                                ; 1       ;
; cpu1:main_processor|data_path:dat|mux4to1:DATA_MUX0|Mux20~6                                                                ; 1       ;
; cpu1:main_processor|data_path:dat|mux4to1:DATA_MUX0|Mux20~5                                                                ; 1       ;
; cpu1:main_processor|data_path:dat|data_mem:Data_Mem0|data_out[11]                                                          ; 1       ;
; cpu1:main_processor|data_path:dat|mux4to1:DATA_MUX0|Mux21~10                                                               ; 1       ;
; cpu1:main_processor|data_path:dat|mux4to1:DATA_MUX0|Mux21~9                                                                ; 1       ;
; cpu1:main_processor|data_path:dat|mux4to1:DATA_MUX0|Mux21~8                                                                ; 1       ;
; cpu1:main_processor|data_path:dat|mux4to1:DATA_MUX0|Mux21~7                                                                ; 1       ;
; cpu1:main_processor|data_path:dat|data_mem:Data_Mem0|data_out[10]                                                          ; 1       ;
; cpu1:main_processor|data_path:dat|mux4to1:DATA_MUX0|Mux22~11                                                               ; 1       ;
; cpu1:main_processor|data_path:dat|mux4to1:DATA_MUX0|Mux22~10                                                               ; 1       ;
; cpu1:main_processor|data_path:dat|mux4to1:DATA_MUX0|Mux22~9                                                                ; 1       ;
; cpu1:main_processor|data_path:dat|mux4to1:DATA_MUX0|Mux22~8                                                                ; 1       ;
; cpu1:main_processor|data_path:dat|mux4to1:DATA_MUX0|Mux22~7                                                                ; 1       ;
; cpu1:main_processor|data_path:dat|mux4to1:DATA_MUX0|Mux22~6                                                                ; 1       ;
; cpu1:main_processor|data_path:dat|mux4to1:DATA_MUX0|Mux22~5                                                                ; 1       ;
; cpu1:main_processor|data_path:dat|data_mem:Data_Mem0|data_out[9]                                                           ; 1       ;
; cpu1:main_processor|data_path:dat|mux4to1:DATA_MUX0|Mux23~4                                                                ; 1       ;
; cpu1:main_processor|data_path:dat|mux4to1:DATA_MUX0|Mux23~3                                                                ; 1       ;
; cpu1:main_processor|data_path:dat|alu:ALU0|adder32:sub0|adder16:stage0|adder4:stage2|fulladd:stage0|s                      ; 1       ;
; cpu1:main_processor|data_path:dat|alu:ALU0|adder32:sub0|adder16:stage0|adder4:stage1|fulladd:stage3|Cout~1                 ; 1       ;
; cpu1:main_processor|data_path:dat|mux4to1:DATA_MUX0|Mux23~2                                                                ; 1       ;
; cpu1:main_processor|data_path:dat|data_mem:Data_Mem0|data_out[8]                                                           ; 1       ;
; cpu1:main_processor|data_path:dat|mux4to1:DATA_MUX0|Mux24~6                                                                ; 1       ;
; cpu1:main_processor|data_path:dat|mux4to1:DATA_MUX0|Mux24~5                                                                ; 1       ;
; cpu1:main_processor|data_path:dat|mux4to1:DATA_MUX0|Mux24~4                                                                ; 1       ;
; cpu1:main_processor|data_path:dat|mux4to1:DATA_MUX0|Mux24~3                                                                ; 1       ;
; cpu1:main_processor|data_path:dat|data_mem:Data_Mem0|data_out[7]                                                           ; 1       ;
; cpu1:main_processor|data_path:dat|mux4to1:DATA_MUX0|Mux25~11                                                               ; 1       ;
; cpu1:main_processor|data_path:dat|mux4to1:DATA_MUX0|Mux25~10                                                               ; 1       ;
; cpu1:main_processor|data_path:dat|mux4to1:DATA_MUX0|Mux25~8                                                                ; 1       ;
; cpu1:main_processor|data_path:dat|mux4to1:DATA_MUX0|Mux25~7                                                                ; 1       ;
; cpu1:main_processor|data_path:dat|data_mem:Data_Mem0|data_out[6]                                                           ; 1       ;
; cpu1:main_processor|data_path:dat|mux4to1:DATA_MUX0|Mux26~15                                                               ; 1       ;
; cpu1:main_processor|data_path:dat|mux4to1:DATA_MUX0|Mux26~14                                                               ; 1       ;
; cpu1:main_processor|data_path:dat|mux4to1:DATA_MUX0|Mux26~13                                                               ; 1       ;
; cpu1:main_processor|data_path:dat|mux4to1:DATA_MUX0|Mux26~12                                                               ; 1       ;
; cpu1:main_processor|data_path:dat|mux4to1:DATA_MUX0|Mux26~11                                                               ; 1       ;
; cpu1:main_processor|data_path:dat|mux4to1:DATA_MUX0|Mux26~10                                                               ; 1       ;
; cpu1:main_processor|data_path:dat|alu:ALU0|adder32:sub0|adder16:stage0|adder4:stage1|fulladd:stage0|Cout~1                 ; 1       ;
; cpu1:main_processor|data_path:dat|data_mem:Data_Mem0|data_out[5]                                                           ; 1       ;
; cpu1:main_processor|data_path:dat|mux4to1:DATA_MUX0|Mux27~4                                                                ; 1       ;
; cpu1:main_processor|data_path:dat|mux4to1:DATA_MUX0|Mux27~3                                                                ; 1       ;
; cpu1:main_processor|data_path:dat|mux4to1:DATA_MUX0|Mux27~2                                                                ; 1       ;
; cpu1:main_processor|data_path:dat|data_mem:Data_Mem0|data_out[4]                                                           ; 1       ;
; cpu1:main_processor|data_path:dat|mux4to1:DATA_MUX0|Mux28~18                                                               ; 1       ;
; cpu1:main_processor|data_path:dat|mux4to1:DATA_MUX0|Mux28~17                                                               ; 1       ;
; cpu1:main_processor|data_path:dat|mux4to1:DATA_MUX0|Mux28~16                                                               ; 1       ;
; cpu1:main_processor|data_path:dat|mux4to1:DATA_MUX0|Mux28~15                                                               ; 1       ;
; cpu1:main_processor|data_path:dat|data_mem:Data_Mem0|data_out[3]                                                           ; 1       ;
; cpu1:main_processor|data_path:dat|mux4to1:DATA_MUX0|Mux29~18                                                               ; 1       ;
; cpu1:main_processor|data_path:dat|mux4to1:DATA_MUX0|Mux29~17                                                               ; 1       ;
; cpu1:main_processor|data_path:dat|mux4to1:DATA_MUX0|Mux29~16                                                               ; 1       ;
; cpu1:main_processor|data_path:dat|mux4to1:DATA_MUX0|Mux29~15                                                               ; 1       ;
; cpu1:main_processor|data_path:dat|data_mem:Data_Mem0|data_out[2]                                                           ; 1       ;
; cpu1:main_processor|data_path:dat|mux4to1:DATA_MUX0|Mux30~5                                                                ; 1       ;
; cpu1:main_processor|data_path:dat|mux4to1:DATA_MUX0|Mux30~4                                                                ; 1       ;
; cpu1:main_processor|data_path:dat|mux4to1:DATA_MUX0|Mux30~3                                                                ; 1       ;
; cpu1:main_processor|data_path:dat|mux4to1:DATA_MUX0|Mux30~2                                                                ; 1       ;
; cpu1:main_processor|data_path:dat|data_mem:Data_Mem0|data_out[1]                                                           ; 1       ;
; cpu1:main_processor|data_path:dat|alu:ALU0|Mux31~3                                                                         ; 1       ;
; cpu1:main_processor|data_path:dat|alu:ALU0|Mux31~2                                                                         ; 1       ;
; cpu1:main_processor|data_path:dat|alu:ALU0|Mux31~1                                                                         ; 1       ;
; cpu1:main_processor|data_path:dat|data_mem:Data_Mem0|data_out[0]                                                           ; 1       ;
; cpu1:main_processor|data_path:dat|register32:IR|Q[23]                                                                      ; 1       ;
; cpu1:main_processor|data_path:dat|register32:IR|Q[22]                                                                      ; 1       ;
; cpu1:main_processor|data_path:dat|register32:IR|Q[21]                                                                      ; 1       ;
; cpu1:main_processor|data_path:dat|register32:IR|Q[20]                                                                      ; 1       ;
; cpu1:main_processor|data_path:dat|register32:IR|Q[19]                                                                      ; 1       ;
; cpu1:main_processor|data_path:dat|register32:IR|Q[18]                                                                      ; 1       ;
; cpu1:main_processor|data_path:dat|register32:IR|Q[17]                                                                      ; 1       ;
; cpu1:main_processor|data_path:dat|register32:IR|Q[16]                                                                      ; 1       ;
; cpu1:main_processor|data_path:dat|data_mem:Data_Mem0|altsyncram:DATAMEM_rtl_0|altsyncram_hie1:auto_generated|ram_block1a1  ; 1       ;
; cpu1:main_processor|data_path:dat|data_mem:Data_Mem0|altsyncram:DATAMEM_rtl_0|altsyncram_hie1:auto_generated|ram_block1a2  ; 1       ;
; cpu1:main_processor|data_path:dat|data_mem:Data_Mem0|altsyncram:DATAMEM_rtl_0|altsyncram_hie1:auto_generated|ram_block1a3  ; 1       ;
; cpu1:main_processor|data_path:dat|data_mem:Data_Mem0|altsyncram:DATAMEM_rtl_0|altsyncram_hie1:auto_generated|ram_block1a4  ; 1       ;
; cpu1:main_processor|data_path:dat|data_mem:Data_Mem0|altsyncram:DATAMEM_rtl_0|altsyncram_hie1:auto_generated|ram_block1a5  ; 1       ;
; cpu1:main_processor|data_path:dat|data_mem:Data_Mem0|altsyncram:DATAMEM_rtl_0|altsyncram_hie1:auto_generated|ram_block1a6  ; 1       ;
; cpu1:main_processor|data_path:dat|data_mem:Data_Mem0|altsyncram:DATAMEM_rtl_0|altsyncram_hie1:auto_generated|ram_block1a7  ; 1       ;
; cpu1:main_processor|data_path:dat|data_mem:Data_Mem0|altsyncram:DATAMEM_rtl_0|altsyncram_hie1:auto_generated|ram_block1a8  ; 1       ;
; cpu1:main_processor|data_path:dat|data_mem:Data_Mem0|altsyncram:DATAMEM_rtl_0|altsyncram_hie1:auto_generated|ram_block1a9  ; 1       ;
; cpu1:main_processor|data_path:dat|data_mem:Data_Mem0|altsyncram:DATAMEM_rtl_0|altsyncram_hie1:auto_generated|ram_block1a10 ; 1       ;
; cpu1:main_processor|data_path:dat|data_mem:Data_Mem0|altsyncram:DATAMEM_rtl_0|altsyncram_hie1:auto_generated|ram_block1a11 ; 1       ;
; cpu1:main_processor|data_path:dat|data_mem:Data_Mem0|altsyncram:DATAMEM_rtl_0|altsyncram_hie1:auto_generated|ram_block1a12 ; 1       ;
; cpu1:main_processor|data_path:dat|data_mem:Data_Mem0|altsyncram:DATAMEM_rtl_0|altsyncram_hie1:auto_generated|ram_block1a13 ; 1       ;
; cpu1:main_processor|data_path:dat|data_mem:Data_Mem0|altsyncram:DATAMEM_rtl_0|altsyncram_hie1:auto_generated|ram_block1a14 ; 1       ;
; cpu1:main_processor|data_path:dat|data_mem:Data_Mem0|altsyncram:DATAMEM_rtl_0|altsyncram_hie1:auto_generated|ram_block1a15 ; 1       ;
; cpu1:main_processor|data_path:dat|data_mem:Data_Mem0|altsyncram:DATAMEM_rtl_0|altsyncram_hie1:auto_generated|ram_block1a16 ; 1       ;
; cpu1:main_processor|data_path:dat|data_mem:Data_Mem0|altsyncram:DATAMEM_rtl_0|altsyncram_hie1:auto_generated|ram_block1a17 ; 1       ;
; cpu1:main_processor|data_path:dat|data_mem:Data_Mem0|altsyncram:DATAMEM_rtl_0|altsyncram_hie1:auto_generated|ram_block1a18 ; 1       ;
; cpu1:main_processor|data_path:dat|data_mem:Data_Mem0|altsyncram:DATAMEM_rtl_0|altsyncram_hie1:auto_generated|ram_block1a19 ; 1       ;
; cpu1:main_processor|data_path:dat|data_mem:Data_Mem0|altsyncram:DATAMEM_rtl_0|altsyncram_hie1:auto_generated|ram_block1a20 ; 1       ;
; cpu1:main_processor|data_path:dat|data_mem:Data_Mem0|altsyncram:DATAMEM_rtl_0|altsyncram_hie1:auto_generated|ram_block1a21 ; 1       ;
; cpu1:main_processor|data_path:dat|data_mem:Data_Mem0|altsyncram:DATAMEM_rtl_0|altsyncram_hie1:auto_generated|ram_block1a22 ; 1       ;
; cpu1:main_processor|data_path:dat|data_mem:Data_Mem0|altsyncram:DATAMEM_rtl_0|altsyncram_hie1:auto_generated|ram_block1a23 ; 1       ;
; cpu1:main_processor|data_path:dat|data_mem:Data_Mem0|altsyncram:DATAMEM_rtl_0|altsyncram_hie1:auto_generated|ram_block1a24 ; 1       ;
; cpu1:main_processor|data_path:dat|data_mem:Data_Mem0|altsyncram:DATAMEM_rtl_0|altsyncram_hie1:auto_generated|ram_block1a25 ; 1       ;
; cpu1:main_processor|data_path:dat|data_mem:Data_Mem0|altsyncram:DATAMEM_rtl_0|altsyncram_hie1:auto_generated|ram_block1a26 ; 1       ;
; cpu1:main_processor|data_path:dat|data_mem:Data_Mem0|altsyncram:DATAMEM_rtl_0|altsyncram_hie1:auto_generated|ram_block1a27 ; 1       ;
; cpu1:main_processor|data_path:dat|data_mem:Data_Mem0|altsyncram:DATAMEM_rtl_0|altsyncram_hie1:auto_generated|ram_block1a28 ; 1       ;
; cpu1:main_processor|data_path:dat|data_mem:Data_Mem0|altsyncram:DATAMEM_rtl_0|altsyncram_hie1:auto_generated|ram_block1a29 ; 1       ;
; cpu1:main_processor|data_path:dat|data_mem:Data_Mem0|altsyncram:DATAMEM_rtl_0|altsyncram_hie1:auto_generated|ram_block1a30 ; 1       ;
; cpu1:main_processor|data_path:dat|data_mem:Data_Mem0|altsyncram:DATAMEM_rtl_0|altsyncram_hie1:auto_generated|ram_block1a31 ; 1       ;
; cpu1:main_processor|data_path:dat|data_mem:Data_Mem0|altsyncram:DATAMEM_rtl_0|altsyncram_hie1:auto_generated|ram_block1a0  ; 1       ;
; cpu1:main_processor|data_path:dat|pc:PC0|register32:reg0|Q[31]~94                                                          ; 1       ;
; cpu1:main_processor|data_path:dat|pc:PC0|register32:reg0|Q[30]~93                                                          ; 1       ;
; cpu1:main_processor|data_path:dat|pc:PC0|register32:reg0|Q[30]~92                                                          ; 1       ;
; cpu1:main_processor|data_path:dat|pc:PC0|register32:reg0|Q[29]~91                                                          ; 1       ;
; cpu1:main_processor|data_path:dat|pc:PC0|register32:reg0|Q[29]~90                                                          ; 1       ;
; cpu1:main_processor|data_path:dat|pc:PC0|register32:reg0|Q[28]~89                                                          ; 1       ;
; cpu1:main_processor|data_path:dat|pc:PC0|register32:reg0|Q[28]~88                                                          ; 1       ;
; cpu1:main_processor|data_path:dat|pc:PC0|register32:reg0|Q[27]~87                                                          ; 1       ;
; cpu1:main_processor|data_path:dat|pc:PC0|register32:reg0|Q[27]~86                                                          ; 1       ;
; cpu1:main_processor|data_path:dat|pc:PC0|register32:reg0|Q[26]~85                                                          ; 1       ;
; cpu1:main_processor|data_path:dat|pc:PC0|register32:reg0|Q[26]~84                                                          ; 1       ;
; cpu1:main_processor|data_path:dat|pc:PC0|register32:reg0|Q[25]~83                                                          ; 1       ;
; cpu1:main_processor|data_path:dat|pc:PC0|register32:reg0|Q[25]~82                                                          ; 1       ;
; cpu1:main_processor|data_path:dat|pc:PC0|register32:reg0|Q[24]~81                                                          ; 1       ;
; cpu1:main_processor|data_path:dat|pc:PC0|register32:reg0|Q[24]~80                                                          ; 1       ;
; cpu1:main_processor|data_path:dat|pc:PC0|register32:reg0|Q[23]~79                                                          ; 1       ;
; cpu1:main_processor|data_path:dat|pc:PC0|register32:reg0|Q[23]~78                                                          ; 1       ;
; cpu1:main_processor|data_path:dat|pc:PC0|register32:reg0|Q[22]~77                                                          ; 1       ;
; cpu1:main_processor|data_path:dat|pc:PC0|register32:reg0|Q[22]~76                                                          ; 1       ;
; cpu1:main_processor|data_path:dat|pc:PC0|register32:reg0|Q[21]~75                                                          ; 1       ;
; cpu1:main_processor|data_path:dat|pc:PC0|register32:reg0|Q[21]~74                                                          ; 1       ;
; cpu1:main_processor|data_path:dat|pc:PC0|register32:reg0|Q[20]~73                                                          ; 1       ;
; cpu1:main_processor|data_path:dat|pc:PC0|register32:reg0|Q[20]~72                                                          ; 1       ;
; cpu1:main_processor|data_path:dat|pc:PC0|register32:reg0|Q[19]~71                                                          ; 1       ;
; cpu1:main_processor|data_path:dat|pc:PC0|register32:reg0|Q[19]~70                                                          ; 1       ;
; cpu1:main_processor|data_path:dat|pc:PC0|register32:reg0|Q[18]~69                                                          ; 1       ;
; cpu1:main_processor|data_path:dat|pc:PC0|register32:reg0|Q[18]~68                                                          ; 1       ;
; cpu1:main_processor|data_path:dat|pc:PC0|register32:reg0|Q[17]~67                                                          ; 1       ;
; cpu1:main_processor|data_path:dat|pc:PC0|register32:reg0|Q[17]~66                                                          ; 1       ;
; cpu1:main_processor|data_path:dat|pc:PC0|register32:reg0|Q[16]~65                                                          ; 1       ;
; cpu1:main_processor|data_path:dat|pc:PC0|register32:reg0|Q[16]~64                                                          ; 1       ;
; cpu1:main_processor|data_path:dat|pc:PC0|register32:reg0|Q[15]~63                                                          ; 1       ;
; cpu1:main_processor|data_path:dat|pc:PC0|register32:reg0|Q[15]~62                                                          ; 1       ;
; cpu1:main_processor|data_path:dat|pc:PC0|register32:reg0|Q[14]~61                                                          ; 1       ;
; cpu1:main_processor|data_path:dat|pc:PC0|register32:reg0|Q[14]~60                                                          ; 1       ;
; cpu1:main_processor|data_path:dat|pc:PC0|register32:reg0|Q[13]~59                                                          ; 1       ;
; cpu1:main_processor|data_path:dat|pc:PC0|register32:reg0|Q[13]~58                                                          ; 1       ;
; cpu1:main_processor|data_path:dat|pc:PC0|register32:reg0|Q[12]~57                                                          ; 1       ;
; cpu1:main_processor|data_path:dat|pc:PC0|register32:reg0|Q[12]~56                                                          ; 1       ;
; cpu1:main_processor|data_path:dat|pc:PC0|register32:reg0|Q[11]~55                                                          ; 1       ;
; cpu1:main_processor|data_path:dat|pc:PC0|register32:reg0|Q[11]~54                                                          ; 1       ;
; cpu1:main_processor|data_path:dat|pc:PC0|register32:reg0|Q[10]~53                                                          ; 1       ;
; cpu1:main_processor|data_path:dat|pc:PC0|register32:reg0|Q[10]~52                                                          ; 1       ;
; cpu1:main_processor|data_path:dat|pc:PC0|register32:reg0|Q[9]~51                                                           ; 1       ;
; cpu1:main_processor|data_path:dat|pc:PC0|register32:reg0|Q[9]~50                                                           ; 1       ;
; cpu1:main_processor|data_path:dat|pc:PC0|register32:reg0|Q[8]~49                                                           ; 1       ;
; cpu1:main_processor|data_path:dat|pc:PC0|register32:reg0|Q[8]~48                                                           ; 1       ;
; cpu1:main_processor|data_path:dat|pc:PC0|register32:reg0|Q[7]~47                                                           ; 1       ;
; cpu1:main_processor|data_path:dat|pc:PC0|register32:reg0|Q[7]~46                                                           ; 1       ;
; cpu1:main_processor|data_path:dat|pc:PC0|register32:reg0|Q[6]~45                                                           ; 1       ;
; cpu1:main_processor|data_path:dat|pc:PC0|register32:reg0|Q[6]~44                                                           ; 1       ;
; cpu1:main_processor|data_path:dat|pc:PC0|register32:reg0|Q[5]~43                                                           ; 1       ;
; cpu1:main_processor|data_path:dat|pc:PC0|register32:reg0|Q[5]~42                                                           ; 1       ;
; cpu1:main_processor|data_path:dat|pc:PC0|register32:reg0|Q[4]~41                                                           ; 1       ;
; cpu1:main_processor|data_path:dat|pc:PC0|register32:reg0|Q[4]~40                                                           ; 1       ;
; cpu1:main_processor|data_path:dat|pc:PC0|register32:reg0|Q[3]~39                                                           ; 1       ;
; cpu1:main_processor|data_path:dat|pc:PC0|register32:reg0|Q[3]~38                                                           ; 1       ;
; cpu1:main_processor|data_path:dat|pc:PC0|register32:reg0|Q[2]~37                                                           ; 1       ;
; cpu1:main_processor|data_path:dat|pc:PC0|register32:reg0|Q[2]~36                                                           ; 1       ;
; cpu1:main_processor|data_path:dat|pc:PC0|register32:reg0|Q[1]~35                                                           ; 1       ;
; cpu1:main_processor|data_path:dat|pc:PC0|register32:reg0|Q[1]~34                                                           ; 1       ;
; cpu1:main_processor|data_path:dat|pc:PC0|register32:reg0|Q[0]~33                                                           ; 1       ;
; cpu1:main_processor|data_path:dat|pc:PC0|register32:reg0|Q[0]~32                                                           ; 1       ;
+----------------------------------------------------------------------------------------------------------------------------+---------+


+------------------------------------------------------------------------------------------------------------------------------------------------------------------------------------------------------------------------------------------------------------------------------------------------------------------------------------------------------------------------------------------------------------------------------------------------------------------------------------------------------------------------------------------------------------------------------------------------+
; Fitter RAM Summary                                                                                                                                                                                                                                                                                                                                                                                                                                                                                                                                                                             ;
+-------------------------------------------------------------------------------------------------------------------------+------+------------------+--------------+--------------+--------------+--------------+--------------+------------------------+-------------------------+------------------------+-------------------------+------+-----------------------------+-----------------------------+-----------------------------+-----------------------------+---------------------+------+-------------------+----------------+----------------------+-----------------+-----------------+
; Name                                                                                                                    ; Type ; Mode             ; Clock Mode   ; Port A Depth ; Port A Width ; Port B Depth ; Port B Width ; Port A Input Registers ; Port A Output Registers ; Port B Input Registers ; Port B Output Registers ; Size ; Implementation Port A Depth ; Implementation Port A Width ; Implementation Port B Depth ; Implementation Port B Width ; Implementation Bits ; M9Ks ; MIF               ; Location       ; Mixed Width RDW Mode ; Port A RDW Mode ; Port B RDW Mode ;
+-------------------------------------------------------------------------------------------------------------------------+------+------------------+--------------+--------------+--------------+--------------+--------------+------------------------+-------------------------+------------------------+-------------------------+------+-----------------------------+-----------------------------+-----------------------------+-----------------------------+---------------------+------+-------------------+----------------+----------------------+-----------------+-----------------+
; cpu1:main_processor|data_path:dat|data_mem:Data_Mem0|altsyncram:DATAMEM_rtl_0|altsyncram_hie1:auto_generated|ALTSYNCRAM ; AUTO ; Simple Dual Port ; Dual Clocks  ; 256          ; 32           ; 256          ; 32           ; yes                    ; no                      ; yes                    ; no                      ; 8192 ; 256                         ; 32                          ; 256                         ; 32                          ; 8192                ; 1    ; None              ; M9K_X64_Y38_N0 ; Don't care           ; Old data        ; Old data        ;
; system_memory:main_memory|altsyncram:altsyncram_component|altsyncram_04d1:auto_generated|ALTSYNCRAM                     ; AUTO ; Single Port      ; Single Clock ; 64           ; 32           ; --           ; --           ; yes                    ; yes                     ; --                     ; --                      ; 2048 ; 64                          ; 32                          ; --                          ; --                          ; 2048                ; 1    ; system_memory.mif ; M9K_X64_Y36_N0 ; Don't care           ; Old data        ; Old data        ;
+-------------------------------------------------------------------------------------------------------------------------+------+------------------+--------------+--------------+--------------+--------------+--------------+------------------------+-------------------------+------------------------+-------------------------+------+-----------------------------+-----------------------------+-----------------------------+-----------------------------+---------------------+------+-------------------+----------------+----------------------+-----------------+-----------------+
Note: Fitter may spread logical memories into multiple blocks to improve timing. The actual required RAM blocks can be found in the Fitter Resource Usage section.


RAM content values are presented in the following format: (Binary) (Octal) (Decimal) (Hexadecimal) 
+------------------------------------------------------------------------------------------------------------------------------------------------------------------------------------------------------------------------------------------------------------------+
; |CPU_TEST_Sim|system_memory:main_memory|altsyncram:altsyncram_component|altsyncram_04d1:auto_generated|ALTSYNCRAM                                                                                                                                                ;
+------------------------------------------------------------------------------------------------------------------------------------------------------------------------------------------------------------------------------------------------------------------+
;   Addr   ;              +0              ;              +1              ;              +2              ;              +3              ;              +4              ;              +5              ;              +6              ;              +7              ;
+----------+------------------------------+------------------------------+------------------------------+------------------------------+------------------------------+------------------------------+------------------------------+------------------------------+
;0;(01000000000000001010101010101010) (-2147358396) (1073785514) (4000AAAA)    ;(00000000000000000000000000000000) (0) (0) (00)   ;(00000000000000000000000000000000) (0) (0) (00)   ;(00000000000000000000000000000000) (0) (0) (00)   ;(00000000000000000000000000000000) (0) (0) (00)   ;(00000000000000000000000000000000) (0) (0) (00)   ;(00000000000000000000000000000000) (0) (0) (00)   ;(00000000000000000000000000000000) (0) (0) (00)   ;
;8;(00000000000000000000000000000000) (0) (0) (00)    ;(00000000000000000000000000000000) (0) (0) (00)   ;(00000000000000000000000000000000) (0) (0) (00)   ;(00000000000000000000000000000000) (0) (0) (00)   ;(00000000000000000000000000000000) (0) (0) (00)   ;(00000000000000000000000000000000) (0) (0) (00)   ;(00000000000000000000000000000000) (0) (0) (00)   ;(00000000000000000000000000000000) (0) (0) (00)   ;
;16;(00000000000000000000000000000000) (0) (0) (00)    ;(00000000000000000000000000000000) (0) (0) (00)   ;(00000000000000000000000000000000) (0) (0) (00)   ;(00000000000000000000000000000000) (0) (0) (00)   ;(00000000000000000000000000000000) (0) (0) (00)   ;(00000000000000000000000000000000) (0) (0) (00)   ;(00000000000000000000000000000000) (0) (0) (00)   ;(00000000000000000000000000000000) (0) (0) (00)   ;
;24;(00000000000000000000000000000000) (0) (0) (00)    ;(00000000000000000000000000000000) (0) (0) (00)   ;(00000000000000000000000000000000) (0) (0) (00)   ;(00000000000000000000000000000000) (0) (0) (00)   ;(00000000000000000000000000000000) (0) (0) (00)   ;(00000000000000000000000000000000) (0) (0) (00)   ;(00000000000000000000000000000000) (0) (0) (00)   ;(00000000000000000000000000000000) (0) (0) (00)   ;
;32;(00000000000000000000000000000000) (0) (0) (00)    ;(00000000000000000000000000000000) (0) (0) (00)   ;(00000000000000000000000000000000) (0) (0) (00)   ;(00000000000000000000000000000000) (0) (0) (00)   ;(00000000000000000000000000000000) (0) (0) (00)   ;(00000000000000000000000000000000) (0) (0) (00)   ;(00000000000000000000000000000000) (0) (0) (00)   ;(00000000000000000000000000000000) (0) (0) (00)   ;
;40;(00000000000000000000000000000000) (0) (0) (00)    ;(00000000000000000000000000000000) (0) (0) (00)   ;(00000000000000000000000000000000) (0) (0) (00)   ;(00000000000000000000000000000000) (0) (0) (00)   ;(00000000000000000000000000000000) (0) (0) (00)   ;(00000000000000000000000000000000) (0) (0) (00)   ;(00000000000000000000000000000000) (0) (0) (00)   ;(00000000000000000000000000000000) (0) (0) (00)   ;
;48;(00000000000000000000000000000000) (0) (0) (00)    ;(00000000000000000000000000000000) (0) (0) (00)   ;(00000000000000000000000000000000) (0) (0) (00)   ;(00000000000000000000000000000000) (0) (0) (00)   ;(00000000000000000000000000000000) (0) (0) (00)   ;(00000000000000000000000000000000) (0) (0) (00)   ;(00000000000000000000000000000000) (0) (0) (00)   ;(00000000000000000000000000000000) (0) (0) (00)   ;
;56;(00000000000000000000000000000000) (0) (0) (00)    ;(00000000000000000000000000000000) (0) (0) (00)   ;(00000000000000000000000000000000) (0) (0) (00)   ;(00000000000000000000000000000000) (0) (0) (00)   ;(00000000000000000000000000000000) (0) (0) (00)   ;(00000000000000000000000000000000) (0) (0) (00)   ;(00000000000000000000000000000000) (0) (0) (00)   ;(00000000000000000000000000000000) (0) (0) (00)   ;


+---------------------------------------------------------+
; Other Routing Usage Summary                             ;
+-----------------------------+---------------------------+
; Other Routing Resource Type ; Usage                     ;
+-----------------------------+---------------------------+
; Block interconnects         ; 1,451 / 342,891 ( < 1 % ) ;
; C16 interconnects           ; 330 / 10,120 ( 3 % )      ;
; C4 interconnects            ; 1,319 / 209,544 ( < 1 % ) ;
; Direct links                ; 119 / 342,891 ( < 1 % )   ;
; Global clocks               ; 3 / 20 ( 15 % )           ;
; Local interconnects         ; 410 / 119,088 ( < 1 % )   ;
; R24 interconnects           ; 291 / 9,963 ( 3 % )       ;
; R4 interconnects            ; 1,448 / 289,782 ( < 1 % ) ;
+-----------------------------+---------------------------+


+----------------------------------------------------------------------------+
; LAB Logic Elements                                                         ;
+---------------------------------------------+------------------------------+
; Number of Logic Elements  (Average = 13.38) ; Number of LABs  (Total = 48) ;
+---------------------------------------------+------------------------------+
; 1                                           ; 2                            ;
; 2                                           ; 4                            ;
; 3                                           ; 1                            ;
; 4                                           ; 0                            ;
; 5                                           ; 0                            ;
; 6                                           ; 0                            ;
; 7                                           ; 0                            ;
; 8                                           ; 1                            ;
; 9                                           ; 0                            ;
; 10                                          ; 1                            ;
; 11                                          ; 1                            ;
; 12                                          ; 0                            ;
; 13                                          ; 1                            ;
; 14                                          ; 0                            ;
; 15                                          ; 5                            ;
; 16                                          ; 32                           ;
+---------------------------------------------+------------------------------+


+-------------------------------------------------------------------+
; LAB-wide Signals                                                  ;
+------------------------------------+------------------------------+
; LAB-wide Signals  (Average = 1.90) ; Number of LABs  (Total = 48) ;
+------------------------------------+------------------------------+
; 1 Async. clear                     ; 13                           ;
; 1 Clock                            ; 29                           ;
; 1 Clock enable                     ; 15                           ;
; 1 Sync. load                       ; 2                            ;
; 2 Async. clears                    ; 10                           ;
; 2 Clock enables                    ; 15                           ;
; 2 Clocks                           ; 7                            ;
+------------------------------------+------------------------------+


+-----------------------------------------------------------------------------+
; LAB Signals Sourced                                                         ;
+----------------------------------------------+------------------------------+
; Number of Signals Sourced  (Average = 17.00) ; Number of LABs  (Total = 48) ;
+----------------------------------------------+------------------------------+
; 0                                            ; 0                            ;
; 1                                            ; 1                            ;
; 2                                            ; 3                            ;
; 3                                            ; 1                            ;
; 4                                            ; 1                            ;
; 5                                            ; 0                            ;
; 6                                            ; 1                            ;
; 7                                            ; 0                            ;
; 8                                            ; 0                            ;
; 9                                            ; 0                            ;
; 10                                           ; 1                            ;
; 11                                           ; 1                            ;
; 12                                           ; 0                            ;
; 13                                           ; 1                            ;
; 14                                           ; 0                            ;
; 15                                           ; 4                            ;
; 16                                           ; 4                            ;
; 17                                           ; 4                            ;
; 18                                           ; 10                           ;
; 19                                           ; 4                            ;
; 20                                           ; 2                            ;
; 21                                           ; 1                            ;
; 22                                           ; 1                            ;
; 23                                           ; 2                            ;
; 24                                           ; 0                            ;
; 25                                           ; 0                            ;
; 26                                           ; 0                            ;
; 27                                           ; 0                            ;
; 28                                           ; 1                            ;
; 29                                           ; 0                            ;
; 30                                           ; 1                            ;
; 31                                           ; 1                            ;
; 32                                           ; 3                            ;
+----------------------------------------------+------------------------------+


+--------------------------------------------------------------------------------+
; LAB Signals Sourced Out                                                        ;
+-------------------------------------------------+------------------------------+
; Number of Signals Sourced Out  (Average = 9.94) ; Number of LABs  (Total = 48) ;
+-------------------------------------------------+------------------------------+
; 0                                               ; 0                            ;
; 1                                               ; 3                            ;
; 2                                               ; 4                            ;
; 3                                               ; 1                            ;
; 4                                               ; 3                            ;
; 5                                               ; 2                            ;
; 6                                               ; 1                            ;
; 7                                               ; 1                            ;
; 8                                               ; 5                            ;
; 9                                               ; 5                            ;
; 10                                              ; 1                            ;
; 11                                              ; 7                            ;
; 12                                              ; 2                            ;
; 13                                              ; 1                            ;
; 14                                              ; 1                            ;
; 15                                              ; 1                            ;
; 16                                              ; 5                            ;
; 17                                              ; 0                            ;
; 18                                              ; 1                            ;
; 19                                              ; 0                            ;
; 20                                              ; 1                            ;
; 21                                              ; 0                            ;
; 22                                              ; 0                            ;
; 23                                              ; 2                            ;
; 24                                              ; 0                            ;
; 25                                              ; 0                            ;
; 26                                              ; 1                            ;
+-------------------------------------------------+------------------------------+


+-----------------------------------------------------------------------------+
; LAB Distinct Inputs                                                         ;
+----------------------------------------------+------------------------------+
; Number of Distinct Inputs  (Average = 21.35) ; Number of LABs  (Total = 48) ;
+----------------------------------------------+------------------------------+
; 0                                            ; 0                            ;
; 1                                            ; 0                            ;
; 2                                            ; 0                            ;
; 3                                            ; 0                            ;
; 4                                            ; 2                            ;
; 5                                            ; 1                            ;
; 6                                            ; 4                            ;
; 7                                            ; 1                            ;
; 8                                            ; 0                            ;
; 9                                            ; 0                            ;
; 10                                           ; 0                            ;
; 11                                           ; 0                            ;
; 12                                           ; 0                            ;
; 13                                           ; 1                            ;
; 14                                           ; 1                            ;
; 15                                           ; 2                            ;
; 16                                           ; 0                            ;
; 17                                           ; 1                            ;
; 18                                           ; 0                            ;
; 19                                           ; 2                            ;
; 20                                           ; 1                            ;
; 21                                           ; 1                            ;
; 22                                           ; 1                            ;
; 23                                           ; 3                            ;
; 24                                           ; 2                            ;
; 25                                           ; 3                            ;
; 26                                           ; 3                            ;
; 27                                           ; 4                            ;
; 28                                           ; 2                            ;
; 29                                           ; 2                            ;
; 30                                           ; 4                            ;
; 31                                           ; 1                            ;
; 32                                           ; 2                            ;
; 33                                           ; 3                            ;
+----------------------------------------------+------------------------------+


+------------------------------------------+
; I/O Rules Summary                        ;
+----------------------------------+-------+
; I/O Rules Statistic              ; Total ;
+----------------------------------+-------+
; Total I/O Rules                  ; 30    ;
; Number of I/O Rules Passed       ; 9     ;
; Number of I/O Rules Failed       ; 0     ;
; Number of I/O Rules Unchecked    ; 0     ;
; Number of I/O Rules Inapplicable ; 21    ;
+----------------------------------+-------+


+-----------------------------------------------------------------------------------------------------------------------------------------------------------------------------------------------------------------------------------------------------------------------------------------------------+
; I/O Rules Details                                                                                                                                                                                                                                                                                   ;
+--------------+-----------+-----------------------------------+------------------------------------------------------------------------------------------------------+----------+--------------------------------------------------------------------------+---------------------+-------------------+
; Status       ; ID        ; Category                          ; Rule Description                                                                                     ; Severity ; Information                                                              ; Area                ; Extra Information ;
+--------------+-----------+-----------------------------------+------------------------------------------------------------------------------------------------------+----------+--------------------------------------------------------------------------+---------------------+-------------------+
; Inapplicable ; IO_000001 ; Capacity Checks                   ; Number of pins in an I/O bank should not exceed the number of locations available.                   ; Critical ; No Location assignments found.                                           ; I/O                 ;                   ;
; Inapplicable ; IO_000002 ; Capacity Checks                   ; Number of clocks in an I/O bank should not exceed the number of clocks available.                    ; Critical ; No Global Signal assignments found.                                      ; I/O                 ;                   ;
; Inapplicable ; IO_000003 ; Capacity Checks                   ; Number of pins in a Vrefgroup should not exceed the number of locations available.                   ; Critical ; No Location assignments found.                                           ; I/O                 ;                   ;
; Inapplicable ; IO_000004 ; Voltage Compatibility Checks      ; The I/O bank should support the requested VCCIO.                                                     ; Critical ; No IOBANK_VCCIO assignments found.                                       ; I/O                 ;                   ;
; Inapplicable ; IO_000005 ; Voltage Compatibility Checks      ; The I/O bank should not have competing VREF values.                                                  ; Critical ; No VREF I/O Standard assignments found.                                  ; I/O                 ;                   ;
; Pass         ; IO_000006 ; Voltage Compatibility Checks      ; The I/O bank should not have competing VCCIO values.                                                 ; Critical ; 0 such failures found.                                                   ; I/O                 ;                   ;
; Inapplicable ; IO_000007 ; Valid Location Checks             ; Checks for unavailable locations.                                                                    ; Critical ; No Location assignments found.                                           ; I/O                 ;                   ;
; Inapplicable ; IO_000008 ; Valid Location Checks             ; Checks for reserved locations.                                                                       ; Critical ; No reserved LogicLock region found.                                      ; I/O                 ;                   ;
; Pass         ; IO_000009 ; I/O Properties Checks for One I/O ; The location should support the requested I/O standard.                                              ; Critical ; 0 such failures found.                                                   ; I/O                 ;                   ;
; Pass         ; IO_000010 ; I/O Properties Checks for One I/O ; The location should support the requested I/O direction.                                             ; Critical ; 0 such failures found.                                                   ; I/O                 ;                   ;
; Inapplicable ; IO_000011 ; I/O Properties Checks for One I/O ; The location should support the requested Current Strength.                                          ; Critical ; No Current Strength assignments found.                                   ; I/O                 ;                   ;
; Pass         ; IO_000012 ; I/O Properties Checks for One I/O ; The location should support the requested On Chip Termination value.                                 ; Critical ; 0 such failures found.                                                   ; I/O                 ;                   ;
; Inapplicable ; IO_000013 ; I/O Properties Checks for One I/O ; The location should support the requested Bus Hold value.                                            ; Critical ; No Enable Bus-Hold Circuitry assignments found.                          ; I/O                 ;                   ;
; Inapplicable ; IO_000014 ; I/O Properties Checks for One I/O ; The location should support the requested Weak Pull Up value.                                        ; Critical ; No Weak Pull-Up Resistor assignments found.                              ; I/O                 ;                   ;
; Pass         ; IO_000015 ; I/O Properties Checks for One I/O ; The location should support the requested PCI Clamp Diode.                                           ; Critical ; 0 such failures found.                                                   ; I/O                 ;                   ;
; Inapplicable ; IO_000018 ; I/O Properties Checks for One I/O ; The I/O standard should support the requested Current Strength.                                      ; Critical ; No Current Strength assignments found.                                   ; I/O                 ;                   ;
; Pass         ; IO_000019 ; I/O Properties Checks for One I/O ; The I/O standard should support the requested On Chip Termination value.                             ; Critical ; 0 such failures found.                                                   ; I/O                 ;                   ;
; Pass         ; IO_000020 ; I/O Properties Checks for One I/O ; The I/O standard should support the requested PCI Clamp Diode.                                       ; Critical ; 0 such failures found.                                                   ; I/O                 ;                   ;
; Inapplicable ; IO_000021 ; I/O Properties Checks for One I/O ; The I/O standard should support the requested Weak Pull Up value.                                    ; Critical ; No Weak Pull-Up Resistor assignments found.                              ; I/O                 ;                   ;
; Inapplicable ; IO_000022 ; I/O Properties Checks for One I/O ; The I/O standard should support the requested Bus Hold value.                                        ; Critical ; No Enable Bus-Hold Circuitry assignments found.                          ; I/O                 ;                   ;
; Inapplicable ; IO_000023 ; I/O Properties Checks for One I/O ; The I/O standard should support the Open Drain value.                                                ; Critical ; No open drain assignments found.                                         ; I/O                 ;                   ;
; Pass         ; IO_000024 ; I/O Properties Checks for One I/O ; The I/O direction should support the On Chip Termination value.                                      ; Critical ; 0 such failures found.                                                   ; I/O                 ;                   ;
; Inapplicable ; IO_000026 ; I/O Properties Checks for One I/O ; On Chip Termination and Current Strength should not be used at the same time.                        ; Critical ; No Current Strength assignments found.                                   ; I/O                 ;                   ;
; Inapplicable ; IO_000027 ; I/O Properties Checks for One I/O ; Weak Pull Up and Bus Hold should not be used at the same time.                                       ; Critical ; No Enable Bus-Hold Circuitry or Weak Pull-Up Resistor assignments found. ; I/O                 ;                   ;
; Inapplicable ; IO_000045 ; I/O Properties Checks for One I/O ; The I/O standard should support the requested Slew Rate value.                                       ; Critical ; No Slew Rate assignments found.                                          ; I/O                 ;                   ;
; Inapplicable ; IO_000046 ; I/O Properties Checks for One I/O ; The location should support the requested Slew Rate value.                                           ; Critical ; No Slew Rate assignments found.                                          ; I/O                 ;                   ;
; Inapplicable ; IO_000047 ; I/O Properties Checks for One I/O ; On Chip Termination and Slew Rate should not be used at the same time.                               ; Critical ; No Slew Rate assignments found.                                          ; I/O                 ;                   ;
; Pass         ; IO_000033 ; Electromigration Checks           ; Current density for consecutive I/Os should not exceed 240mA for row I/Os and 240mA for column I/Os. ; Critical ; 0 such failures found.                                                   ; I/O                 ;                   ;
; Inapplicable ; IO_000034 ; SI Related Distance Checks        ; Single-ended outputs should be 5 LAB row(s) away from a differential I/O.                            ; High     ; No Differential I/O Standard assignments found.                          ; I/O                 ;                   ;
; Inapplicable ; IO_000042 ; SI Related SSO Limit Checks       ; No more than 20 outputs are allowed in a VREF group when VREF is being read from.                    ; High     ; No VREF I/O Standard assignments found.                                  ; I/O                 ;                   ;
; ----         ; ----      ; Disclaimer                        ; OCT rules are checked but not reported.                                                              ; None     ; ----                                                                     ; On Chip Termination ;                   ;
+--------------+-----------+-----------------------------------+------------------------------------------------------------------------------------------------------+----------+--------------------------------------------------------------------------+---------------------+-------------------+


+--------------------------------------------------------------------------------------------------------------------------------------------------------------------------------------------------------------------------------------------------------------------------------------------------------------------------------------------------------------------------------------------------------------------------------------------------------------------------+
; I/O Rules Matrix                                                                                                                                                                                                                                                                                                                                                                                                                                                         ;
+--------------------+--------------+--------------+--------------+--------------+--------------+-----------+--------------+--------------+-----------+-----------+--------------+--------------+--------------+--------------+--------------+--------------+--------------+--------------+--------------+--------------+--------------+--------------+--------------+--------------+--------------+--------------+--------------+-----------+--------------+--------------+
; Pin/Rules          ; IO_000001    ; IO_000002    ; IO_000003    ; IO_000004    ; IO_000005    ; IO_000006 ; IO_000007    ; IO_000008    ; IO_000009 ; IO_000010 ; IO_000011    ; IO_000012    ; IO_000013    ; IO_000014    ; IO_000015    ; IO_000018    ; IO_000019    ; IO_000020    ; IO_000021    ; IO_000022    ; IO_000023    ; IO_000024    ; IO_000026    ; IO_000027    ; IO_000045    ; IO_000046    ; IO_000047    ; IO_000033 ; IO_000034    ; IO_000042    ;
+--------------------+--------------+--------------+--------------+--------------+--------------+-----------+--------------+--------------+-----------+-----------+--------------+--------------+--------------+--------------+--------------+--------------+--------------+--------------+--------------+--------------+--------------+--------------+--------------+--------------+--------------+--------------+--------------+-----------+--------------+--------------+
; Total Pass         ; 0            ; 0            ; 0            ; 0            ; 0            ; 209       ; 0            ; 0            ; 209       ; 209       ; 0            ; 206          ; 0            ; 0            ; 3            ; 0            ; 206          ; 3            ; 0            ; 0            ; 0            ; 206          ; 0            ; 0            ; 0            ; 0            ; 0            ; 209       ; 0            ; 0            ;
; Total Unchecked    ; 0            ; 0            ; 0            ; 0            ; 0            ; 0         ; 0            ; 0            ; 0         ; 0         ; 0            ; 0            ; 0            ; 0            ; 0            ; 0            ; 0            ; 0            ; 0            ; 0            ; 0            ; 0            ; 0            ; 0            ; 0            ; 0            ; 0            ; 0         ; 0            ; 0            ;
; Total Inapplicable ; 209          ; 209          ; 209          ; 209          ; 209          ; 0         ; 209          ; 209          ; 0         ; 0         ; 209          ; 3            ; 209          ; 209          ; 206          ; 209          ; 3            ; 206          ; 209          ; 209          ; 209          ; 3            ; 209          ; 209          ; 209          ; 209          ; 209          ; 0         ; 209          ; 209          ;
; Total Fail         ; 0            ; 0            ; 0            ; 0            ; 0            ; 0         ; 0            ; 0            ; 0         ; 0         ; 0            ; 0            ; 0            ; 0            ; 0            ; 0            ; 0            ; 0            ; 0            ; 0            ; 0            ; 0            ; 0            ; 0            ; 0            ; 0            ; 0            ; 0         ; 0            ; 0            ;
; outA[0]            ; Inapplicable ; Inapplicable ; Inapplicable ; Inapplicable ; Inapplicable ; Pass      ; Inapplicable ; Inapplicable ; Pass      ; Pass      ; Inapplicable ; Pass         ; Inapplicable ; Inapplicable ; Inapplicable ; Inapplicable ; Pass         ; Inapplicable ; Inapplicable ; Inapplicable ; Inapplicable ; Pass         ; Inapplicable ; Inapplicable ; Inapplicable ; Inapplicable ; Inapplicable ; Pass      ; Inapplicable ; Inapplicable ;
; outA[1]            ; Inapplicable ; Inapplicable ; Inapplicable ; Inapplicable ; Inapplicable ; Pass      ; Inapplicable ; Inapplicable ; Pass      ; Pass      ; Inapplicable ; Pass         ; Inapplicable ; Inapplicable ; Inapplicable ; Inapplicable ; Pass         ; Inapplicable ; Inapplicable ; Inapplicable ; Inapplicable ; Pass         ; Inapplicable ; Inapplicable ; Inapplicable ; Inapplicable ; Inapplicable ; Pass      ; Inapplicable ; Inapplicable ;
; outA[2]            ; Inapplicable ; Inapplicable ; Inapplicable ; Inapplicable ; Inapplicable ; Pass      ; Inapplicable ; Inapplicable ; Pass      ; Pass      ; Inapplicable ; Pass         ; Inapplicable ; Inapplicable ; Inapplicable ; Inapplicable ; Pass         ; Inapplicable ; Inapplicable ; Inapplicable ; Inapplicable ; Pass         ; Inapplicable ; Inapplicable ; Inapplicable ; Inapplicable ; Inapplicable ; Pass      ; Inapplicable ; Inapplicable ;
; outA[3]            ; Inapplicable ; Inapplicable ; Inapplicable ; Inapplicable ; Inapplicable ; Pass      ; Inapplicable ; Inapplicable ; Pass      ; Pass      ; Inapplicable ; Pass         ; Inapplicable ; Inapplicable ; Inapplicable ; Inapplicable ; Pass         ; Inapplicable ; Inapplicable ; Inapplicable ; Inapplicable ; Pass         ; Inapplicable ; Inapplicable ; Inapplicable ; Inapplicable ; Inapplicable ; Pass      ; Inapplicable ; Inapplicable ;
; outA[4]            ; Inapplicable ; Inapplicable ; Inapplicable ; Inapplicable ; Inapplicable ; Pass      ; Inapplicable ; Inapplicable ; Pass      ; Pass      ; Inapplicable ; Pass         ; Inapplicable ; Inapplicable ; Inapplicable ; Inapplicable ; Pass         ; Inapplicable ; Inapplicable ; Inapplicable ; Inapplicable ; Pass         ; Inapplicable ; Inapplicable ; Inapplicable ; Inapplicable ; Inapplicable ; Pass      ; Inapplicable ; Inapplicable ;
; outA[5]            ; Inapplicable ; Inapplicable ; Inapplicable ; Inapplicable ; Inapplicable ; Pass      ; Inapplicable ; Inapplicable ; Pass      ; Pass      ; Inapplicable ; Pass         ; Inapplicable ; Inapplicable ; Inapplicable ; Inapplicable ; Pass         ; Inapplicable ; Inapplicable ; Inapplicable ; Inapplicable ; Pass         ; Inapplicable ; Inapplicable ; Inapplicable ; Inapplicable ; Inapplicable ; Pass      ; Inapplicable ; Inapplicable ;
; outA[6]            ; Inapplicable ; Inapplicable ; Inapplicable ; Inapplicable ; Inapplicable ; Pass      ; Inapplicable ; Inapplicable ; Pass      ; Pass      ; Inapplicable ; Pass         ; Inapplicable ; Inapplicable ; Inapplicable ; Inapplicable ; Pass         ; Inapplicable ; Inapplicable ; Inapplicable ; Inapplicable ; Pass         ; Inapplicable ; Inapplicable ; Inapplicable ; Inapplicable ; Inapplicable ; Pass      ; Inapplicable ; Inapplicable ;
; outA[7]            ; Inapplicable ; Inapplicable ; Inapplicable ; Inapplicable ; Inapplicable ; Pass      ; Inapplicable ; Inapplicable ; Pass      ; Pass      ; Inapplicable ; Pass         ; Inapplicable ; Inapplicable ; Inapplicable ; Inapplicable ; Pass         ; Inapplicable ; Inapplicable ; Inapplicable ; Inapplicable ; Pass         ; Inapplicable ; Inapplicable ; Inapplicable ; Inapplicable ; Inapplicable ; Pass      ; Inapplicable ; Inapplicable ;
; outA[8]            ; Inapplicable ; Inapplicable ; Inapplicable ; Inapplicable ; Inapplicable ; Pass      ; Inapplicable ; Inapplicable ; Pass      ; Pass      ; Inapplicable ; Pass         ; Inapplicable ; Inapplicable ; Inapplicable ; Inapplicable ; Pass         ; Inapplicable ; Inapplicable ; Inapplicable ; Inapplicable ; Pass         ; Inapplicable ; Inapplicable ; Inapplicable ; Inapplicable ; Inapplicable ; Pass      ; Inapplicable ; Inapplicable ;
; outA[9]            ; Inapplicable ; Inapplicable ; Inapplicable ; Inapplicable ; Inapplicable ; Pass      ; Inapplicable ; Inapplicable ; Pass      ; Pass      ; Inapplicable ; Pass         ; Inapplicable ; Inapplicable ; Inapplicable ; Inapplicable ; Pass         ; Inapplicable ; Inapplicable ; Inapplicable ; Inapplicable ; Pass         ; Inapplicable ; Inapplicable ; Inapplicable ; Inapplicable ; Inapplicable ; Pass      ; Inapplicable ; Inapplicable ;
; outA[10]           ; Inapplicable ; Inapplicable ; Inapplicable ; Inapplicable ; Inapplicable ; Pass      ; Inapplicable ; Inapplicable ; Pass      ; Pass      ; Inapplicable ; Pass         ; Inapplicable ; Inapplicable ; Inapplicable ; Inapplicable ; Pass         ; Inapplicable ; Inapplicable ; Inapplicable ; Inapplicable ; Pass         ; Inapplicable ; Inapplicable ; Inapplicable ; Inapplicable ; Inapplicable ; Pass      ; Inapplicable ; Inapplicable ;
; outA[11]           ; Inapplicable ; Inapplicable ; Inapplicable ; Inapplicable ; Inapplicable ; Pass      ; Inapplicable ; Inapplicable ; Pass      ; Pass      ; Inapplicable ; Pass         ; Inapplicable ; Inapplicable ; Inapplicable ; Inapplicable ; Pass         ; Inapplicable ; Inapplicable ; Inapplicable ; Inapplicable ; Pass         ; Inapplicable ; Inapplicable ; Inapplicable ; Inapplicable ; Inapplicable ; Pass      ; Inapplicable ; Inapplicable ;
; outA[12]           ; Inapplicable ; Inapplicable ; Inapplicable ; Inapplicable ; Inapplicable ; Pass      ; Inapplicable ; Inapplicable ; Pass      ; Pass      ; Inapplicable ; Pass         ; Inapplicable ; Inapplicable ; Inapplicable ; Inapplicable ; Pass         ; Inapplicable ; Inapplicable ; Inapplicable ; Inapplicable ; Pass         ; Inapplicable ; Inapplicable ; Inapplicable ; Inapplicable ; Inapplicable ; Pass      ; Inapplicable ; Inapplicable ;
; outA[13]           ; Inapplicable ; Inapplicable ; Inapplicable ; Inapplicable ; Inapplicable ; Pass      ; Inapplicable ; Inapplicable ; Pass      ; Pass      ; Inapplicable ; Pass         ; Inapplicable ; Inapplicable ; Inapplicable ; Inapplicable ; Pass         ; Inapplicable ; Inapplicable ; Inapplicable ; Inapplicable ; Pass         ; Inapplicable ; Inapplicable ; Inapplicable ; Inapplicable ; Inapplicable ; Pass      ; Inapplicable ; Inapplicable ;
; outA[14]           ; Inapplicable ; Inapplicable ; Inapplicable ; Inapplicable ; Inapplicable ; Pass      ; Inapplicable ; Inapplicable ; Pass      ; Pass      ; Inapplicable ; Pass         ; Inapplicable ; Inapplicable ; Inapplicable ; Inapplicable ; Pass         ; Inapplicable ; Inapplicable ; Inapplicable ; Inapplicable ; Pass         ; Inapplicable ; Inapplicable ; Inapplicable ; Inapplicable ; Inapplicable ; Pass      ; Inapplicable ; Inapplicable ;
; outA[15]           ; Inapplicable ; Inapplicable ; Inapplicable ; Inapplicable ; Inapplicable ; Pass      ; Inapplicable ; Inapplicable ; Pass      ; Pass      ; Inapplicable ; Pass         ; Inapplicable ; Inapplicable ; Inapplicable ; Inapplicable ; Pass         ; Inapplicable ; Inapplicable ; Inapplicable ; Inapplicable ; Pass         ; Inapplicable ; Inapplicable ; Inapplicable ; Inapplicable ; Inapplicable ; Pass      ; Inapplicable ; Inapplicable ;
; outA[16]           ; Inapplicable ; Inapplicable ; Inapplicable ; Inapplicable ; Inapplicable ; Pass      ; Inapplicable ; Inapplicable ; Pass      ; Pass      ; Inapplicable ; Pass         ; Inapplicable ; Inapplicable ; Inapplicable ; Inapplicable ; Pass         ; Inapplicable ; Inapplicable ; Inapplicable ; Inapplicable ; Pass         ; Inapplicable ; Inapplicable ; Inapplicable ; Inapplicable ; Inapplicable ; Pass      ; Inapplicable ; Inapplicable ;
; outA[17]           ; Inapplicable ; Inapplicable ; Inapplicable ; Inapplicable ; Inapplicable ; Pass      ; Inapplicable ; Inapplicable ; Pass      ; Pass      ; Inapplicable ; Pass         ; Inapplicable ; Inapplicable ; Inapplicable ; Inapplicable ; Pass         ; Inapplicable ; Inapplicable ; Inapplicable ; Inapplicable ; Pass         ; Inapplicable ; Inapplicable ; Inapplicable ; Inapplicable ; Inapplicable ; Pass      ; Inapplicable ; Inapplicable ;
; outA[18]           ; Inapplicable ; Inapplicable ; Inapplicable ; Inapplicable ; Inapplicable ; Pass      ; Inapplicable ; Inapplicable ; Pass      ; Pass      ; Inapplicable ; Pass         ; Inapplicable ; Inapplicable ; Inapplicable ; Inapplicable ; Pass         ; Inapplicable ; Inapplicable ; Inapplicable ; Inapplicable ; Pass         ; Inapplicable ; Inapplicable ; Inapplicable ; Inapplicable ; Inapplicable ; Pass      ; Inapplicable ; Inapplicable ;
; outA[19]           ; Inapplicable ; Inapplicable ; Inapplicable ; Inapplicable ; Inapplicable ; Pass      ; Inapplicable ; Inapplicable ; Pass      ; Pass      ; Inapplicable ; Pass         ; Inapplicable ; Inapplicable ; Inapplicable ; Inapplicable ; Pass         ; Inapplicable ; Inapplicable ; Inapplicable ; Inapplicable ; Pass         ; Inapplicable ; Inapplicable ; Inapplicable ; Inapplicable ; Inapplicable ; Pass      ; Inapplicable ; Inapplicable ;
; outA[20]           ; Inapplicable ; Inapplicable ; Inapplicable ; Inapplicable ; Inapplicable ; Pass      ; Inapplicable ; Inapplicable ; Pass      ; Pass      ; Inapplicable ; Pass         ; Inapplicable ; Inapplicable ; Inapplicable ; Inapplicable ; Pass         ; Inapplicable ; Inapplicable ; Inapplicable ; Inapplicable ; Pass         ; Inapplicable ; Inapplicable ; Inapplicable ; Inapplicable ; Inapplicable ; Pass      ; Inapplicable ; Inapplicable ;
; outA[21]           ; Inapplicable ; Inapplicable ; Inapplicable ; Inapplicable ; Inapplicable ; Pass      ; Inapplicable ; Inapplicable ; Pass      ; Pass      ; Inapplicable ; Pass         ; Inapplicable ; Inapplicable ; Inapplicable ; Inapplicable ; Pass         ; Inapplicable ; Inapplicable ; Inapplicable ; Inapplicable ; Pass         ; Inapplicable ; Inapplicable ; Inapplicable ; Inapplicable ; Inapplicable ; Pass      ; Inapplicable ; Inapplicable ;
; outA[22]           ; Inapplicable ; Inapplicable ; Inapplicable ; Inapplicable ; Inapplicable ; Pass      ; Inapplicable ; Inapplicable ; Pass      ; Pass      ; Inapplicable ; Pass         ; Inapplicable ; Inapplicable ; Inapplicable ; Inapplicable ; Pass         ; Inapplicable ; Inapplicable ; Inapplicable ; Inapplicable ; Pass         ; Inapplicable ; Inapplicable ; Inapplicable ; Inapplicable ; Inapplicable ; Pass      ; Inapplicable ; Inapplicable ;
; outA[23]           ; Inapplicable ; Inapplicable ; Inapplicable ; Inapplicable ; Inapplicable ; Pass      ; Inapplicable ; Inapplicable ; Pass      ; Pass      ; Inapplicable ; Pass         ; Inapplicable ; Inapplicable ; Inapplicable ; Inapplicable ; Pass         ; Inapplicable ; Inapplicable ; Inapplicable ; Inapplicable ; Pass         ; Inapplicable ; Inapplicable ; Inapplicable ; Inapplicable ; Inapplicable ; Pass      ; Inapplicable ; Inapplicable ;
; outA[24]           ; Inapplicable ; Inapplicable ; Inapplicable ; Inapplicable ; Inapplicable ; Pass      ; Inapplicable ; Inapplicable ; Pass      ; Pass      ; Inapplicable ; Pass         ; Inapplicable ; Inapplicable ; Inapplicable ; Inapplicable ; Pass         ; Inapplicable ; Inapplicable ; Inapplicable ; Inapplicable ; Pass         ; Inapplicable ; Inapplicable ; Inapplicable ; Inapplicable ; Inapplicable ; Pass      ; Inapplicable ; Inapplicable ;
; outA[25]           ; Inapplicable ; Inapplicable ; Inapplicable ; Inapplicable ; Inapplicable ; Pass      ; Inapplicable ; Inapplicable ; Pass      ; Pass      ; Inapplicable ; Pass         ; Inapplicable ; Inapplicable ; Inapplicable ; Inapplicable ; Pass         ; Inapplicable ; Inapplicable ; Inapplicable ; Inapplicable ; Pass         ; Inapplicable ; Inapplicable ; Inapplicable ; Inapplicable ; Inapplicable ; Pass      ; Inapplicable ; Inapplicable ;
; outA[26]           ; Inapplicable ; Inapplicable ; Inapplicable ; Inapplicable ; Inapplicable ; Pass      ; Inapplicable ; Inapplicable ; Pass      ; Pass      ; Inapplicable ; Pass         ; Inapplicable ; Inapplicable ; Inapplicable ; Inapplicable ; Pass         ; Inapplicable ; Inapplicable ; Inapplicable ; Inapplicable ; Pass         ; Inapplicable ; Inapplicable ; Inapplicable ; Inapplicable ; Inapplicable ; Pass      ; Inapplicable ; Inapplicable ;
; outA[27]           ; Inapplicable ; Inapplicable ; Inapplicable ; Inapplicable ; Inapplicable ; Pass      ; Inapplicable ; Inapplicable ; Pass      ; Pass      ; Inapplicable ; Pass         ; Inapplicable ; Inapplicable ; Inapplicable ; Inapplicable ; Pass         ; Inapplicable ; Inapplicable ; Inapplicable ; Inapplicable ; Pass         ; Inapplicable ; Inapplicable ; Inapplicable ; Inapplicable ; Inapplicable ; Pass      ; Inapplicable ; Inapplicable ;
; outA[28]           ; Inapplicable ; Inapplicable ; Inapplicable ; Inapplicable ; Inapplicable ; Pass      ; Inapplicable ; Inapplicable ; Pass      ; Pass      ; Inapplicable ; Pass         ; Inapplicable ; Inapplicable ; Inapplicable ; Inapplicable ; Pass         ; Inapplicable ; Inapplicable ; Inapplicable ; Inapplicable ; Pass         ; Inapplicable ; Inapplicable ; Inapplicable ; Inapplicable ; Inapplicable ; Pass      ; Inapplicable ; Inapplicable ;
; outA[29]           ; Inapplicable ; Inapplicable ; Inapplicable ; Inapplicable ; Inapplicable ; Pass      ; Inapplicable ; Inapplicable ; Pass      ; Pass      ; Inapplicable ; Pass         ; Inapplicable ; Inapplicable ; Inapplicable ; Inapplicable ; Pass         ; Inapplicable ; Inapplicable ; Inapplicable ; Inapplicable ; Pass         ; Inapplicable ; Inapplicable ; Inapplicable ; Inapplicable ; Inapplicable ; Pass      ; Inapplicable ; Inapplicable ;
; outA[30]           ; Inapplicable ; Inapplicable ; Inapplicable ; Inapplicable ; Inapplicable ; Pass      ; Inapplicable ; Inapplicable ; Pass      ; Pass      ; Inapplicable ; Pass         ; Inapplicable ; Inapplicable ; Inapplicable ; Inapplicable ; Pass         ; Inapplicable ; Inapplicable ; Inapplicable ; Inapplicable ; Pass         ; Inapplicable ; Inapplicable ; Inapplicable ; Inapplicable ; Inapplicable ; Pass      ; Inapplicable ; Inapplicable ;
; outA[31]           ; Inapplicable ; Inapplicable ; Inapplicable ; Inapplicable ; Inapplicable ; Pass      ; Inapplicable ; Inapplicable ; Pass      ; Pass      ; Inapplicable ; Pass         ; Inapplicable ; Inapplicable ; Inapplicable ; Inapplicable ; Pass         ; Inapplicable ; Inapplicable ; Inapplicable ; Inapplicable ; Pass         ; Inapplicable ; Inapplicable ; Inapplicable ; Inapplicable ; Inapplicable ; Pass      ; Inapplicable ; Inapplicable ;
; outB[0]            ; Inapplicable ; Inapplicable ; Inapplicable ; Inapplicable ; Inapplicable ; Pass      ; Inapplicable ; Inapplicable ; Pass      ; Pass      ; Inapplicable ; Pass         ; Inapplicable ; Inapplicable ; Inapplicable ; Inapplicable ; Pass         ; Inapplicable ; Inapplicable ; Inapplicable ; Inapplicable ; Pass         ; Inapplicable ; Inapplicable ; Inapplicable ; Inapplicable ; Inapplicable ; Pass      ; Inapplicable ; Inapplicable ;
; outB[1]            ; Inapplicable ; Inapplicable ; Inapplicable ; Inapplicable ; Inapplicable ; Pass      ; Inapplicable ; Inapplicable ; Pass      ; Pass      ; Inapplicable ; Pass         ; Inapplicable ; Inapplicable ; Inapplicable ; Inapplicable ; Pass         ; Inapplicable ; Inapplicable ; Inapplicable ; Inapplicable ; Pass         ; Inapplicable ; Inapplicable ; Inapplicable ; Inapplicable ; Inapplicable ; Pass      ; Inapplicable ; Inapplicable ;
; outB[2]            ; Inapplicable ; Inapplicable ; Inapplicable ; Inapplicable ; Inapplicable ; Pass      ; Inapplicable ; Inapplicable ; Pass      ; Pass      ; Inapplicable ; Pass         ; Inapplicable ; Inapplicable ; Inapplicable ; Inapplicable ; Pass         ; Inapplicable ; Inapplicable ; Inapplicable ; Inapplicable ; Pass         ; Inapplicable ; Inapplicable ; Inapplicable ; Inapplicable ; Inapplicable ; Pass      ; Inapplicable ; Inapplicable ;
; outB[3]            ; Inapplicable ; Inapplicable ; Inapplicable ; Inapplicable ; Inapplicable ; Pass      ; Inapplicable ; Inapplicable ; Pass      ; Pass      ; Inapplicable ; Pass         ; Inapplicable ; Inapplicable ; Inapplicable ; Inapplicable ; Pass         ; Inapplicable ; Inapplicable ; Inapplicable ; Inapplicable ; Pass         ; Inapplicable ; Inapplicable ; Inapplicable ; Inapplicable ; Inapplicable ; Pass      ; Inapplicable ; Inapplicable ;
; outB[4]            ; Inapplicable ; Inapplicable ; Inapplicable ; Inapplicable ; Inapplicable ; Pass      ; Inapplicable ; Inapplicable ; Pass      ; Pass      ; Inapplicable ; Pass         ; Inapplicable ; Inapplicable ; Inapplicable ; Inapplicable ; Pass         ; Inapplicable ; Inapplicable ; Inapplicable ; Inapplicable ; Pass         ; Inapplicable ; Inapplicable ; Inapplicable ; Inapplicable ; Inapplicable ; Pass      ; Inapplicable ; Inapplicable ;
; outB[5]            ; Inapplicable ; Inapplicable ; Inapplicable ; Inapplicable ; Inapplicable ; Pass      ; Inapplicable ; Inapplicable ; Pass      ; Pass      ; Inapplicable ; Pass         ; Inapplicable ; Inapplicable ; Inapplicable ; Inapplicable ; Pass         ; Inapplicable ; Inapplicable ; Inapplicable ; Inapplicable ; Pass         ; Inapplicable ; Inapplicable ; Inapplicable ; Inapplicable ; Inapplicable ; Pass      ; Inapplicable ; Inapplicable ;
; outB[6]            ; Inapplicable ; Inapplicable ; Inapplicable ; Inapplicable ; Inapplicable ; Pass      ; Inapplicable ; Inapplicable ; Pass      ; Pass      ; Inapplicable ; Pass         ; Inapplicable ; Inapplicable ; Inapplicable ; Inapplicable ; Pass         ; Inapplicable ; Inapplicable ; Inapplicable ; Inapplicable ; Pass         ; Inapplicable ; Inapplicable ; Inapplicable ; Inapplicable ; Inapplicable ; Pass      ; Inapplicable ; Inapplicable ;
; outB[7]            ; Inapplicable ; Inapplicable ; Inapplicable ; Inapplicable ; Inapplicable ; Pass      ; Inapplicable ; Inapplicable ; Pass      ; Pass      ; Inapplicable ; Pass         ; Inapplicable ; Inapplicable ; Inapplicable ; Inapplicable ; Pass         ; Inapplicable ; Inapplicable ; Inapplicable ; Inapplicable ; Pass         ; Inapplicable ; Inapplicable ; Inapplicable ; Inapplicable ; Inapplicable ; Pass      ; Inapplicable ; Inapplicable ;
; outB[8]            ; Inapplicable ; Inapplicable ; Inapplicable ; Inapplicable ; Inapplicable ; Pass      ; Inapplicable ; Inapplicable ; Pass      ; Pass      ; Inapplicable ; Pass         ; Inapplicable ; Inapplicable ; Inapplicable ; Inapplicable ; Pass         ; Inapplicable ; Inapplicable ; Inapplicable ; Inapplicable ; Pass         ; Inapplicable ; Inapplicable ; Inapplicable ; Inapplicable ; Inapplicable ; Pass      ; Inapplicable ; Inapplicable ;
; outB[9]            ; Inapplicable ; Inapplicable ; Inapplicable ; Inapplicable ; Inapplicable ; Pass      ; Inapplicable ; Inapplicable ; Pass      ; Pass      ; Inapplicable ; Pass         ; Inapplicable ; Inapplicable ; Inapplicable ; Inapplicable ; Pass         ; Inapplicable ; Inapplicable ; Inapplicable ; Inapplicable ; Pass         ; Inapplicable ; Inapplicable ; Inapplicable ; Inapplicable ; Inapplicable ; Pass      ; Inapplicable ; Inapplicable ;
; outB[10]           ; Inapplicable ; Inapplicable ; Inapplicable ; Inapplicable ; Inapplicable ; Pass      ; Inapplicable ; Inapplicable ; Pass      ; Pass      ; Inapplicable ; Pass         ; Inapplicable ; Inapplicable ; Inapplicable ; Inapplicable ; Pass         ; Inapplicable ; Inapplicable ; Inapplicable ; Inapplicable ; Pass         ; Inapplicable ; Inapplicable ; Inapplicable ; Inapplicable ; Inapplicable ; Pass      ; Inapplicable ; Inapplicable ;
; outB[11]           ; Inapplicable ; Inapplicable ; Inapplicable ; Inapplicable ; Inapplicable ; Pass      ; Inapplicable ; Inapplicable ; Pass      ; Pass      ; Inapplicable ; Pass         ; Inapplicable ; Inapplicable ; Inapplicable ; Inapplicable ; Pass         ; Inapplicable ; Inapplicable ; Inapplicable ; Inapplicable ; Pass         ; Inapplicable ; Inapplicable ; Inapplicable ; Inapplicable ; Inapplicable ; Pass      ; Inapplicable ; Inapplicable ;
; outB[12]           ; Inapplicable ; Inapplicable ; Inapplicable ; Inapplicable ; Inapplicable ; Pass      ; Inapplicable ; Inapplicable ; Pass      ; Pass      ; Inapplicable ; Pass         ; Inapplicable ; Inapplicable ; Inapplicable ; Inapplicable ; Pass         ; Inapplicable ; Inapplicable ; Inapplicable ; Inapplicable ; Pass         ; Inapplicable ; Inapplicable ; Inapplicable ; Inapplicable ; Inapplicable ; Pass      ; Inapplicable ; Inapplicable ;
; outB[13]           ; Inapplicable ; Inapplicable ; Inapplicable ; Inapplicable ; Inapplicable ; Pass      ; Inapplicable ; Inapplicable ; Pass      ; Pass      ; Inapplicable ; Pass         ; Inapplicable ; Inapplicable ; Inapplicable ; Inapplicable ; Pass         ; Inapplicable ; Inapplicable ; Inapplicable ; Inapplicable ; Pass         ; Inapplicable ; Inapplicable ; Inapplicable ; Inapplicable ; Inapplicable ; Pass      ; Inapplicable ; Inapplicable ;
; outB[14]           ; Inapplicable ; Inapplicable ; Inapplicable ; Inapplicable ; Inapplicable ; Pass      ; Inapplicable ; Inapplicable ; Pass      ; Pass      ; Inapplicable ; Pass         ; Inapplicable ; Inapplicable ; Inapplicable ; Inapplicable ; Pass         ; Inapplicable ; Inapplicable ; Inapplicable ; Inapplicable ; Pass         ; Inapplicable ; Inapplicable ; Inapplicable ; Inapplicable ; Inapplicable ; Pass      ; Inapplicable ; Inapplicable ;
; outB[15]           ; Inapplicable ; Inapplicable ; Inapplicable ; Inapplicable ; Inapplicable ; Pass      ; Inapplicable ; Inapplicable ; Pass      ; Pass      ; Inapplicable ; Pass         ; Inapplicable ; Inapplicable ; Inapplicable ; Inapplicable ; Pass         ; Inapplicable ; Inapplicable ; Inapplicable ; Inapplicable ; Pass         ; Inapplicable ; Inapplicable ; Inapplicable ; Inapplicable ; Inapplicable ; Pass      ; Inapplicable ; Inapplicable ;
; outB[16]           ; Inapplicable ; Inapplicable ; Inapplicable ; Inapplicable ; Inapplicable ; Pass      ; Inapplicable ; Inapplicable ; Pass      ; Pass      ; Inapplicable ; Pass         ; Inapplicable ; Inapplicable ; Inapplicable ; Inapplicable ; Pass         ; Inapplicable ; Inapplicable ; Inapplicable ; Inapplicable ; Pass         ; Inapplicable ; Inapplicable ; Inapplicable ; Inapplicable ; Inapplicable ; Pass      ; Inapplicable ; Inapplicable ;
; outB[17]           ; Inapplicable ; Inapplicable ; Inapplicable ; Inapplicable ; Inapplicable ; Pass      ; Inapplicable ; Inapplicable ; Pass      ; Pass      ; Inapplicable ; Pass         ; Inapplicable ; Inapplicable ; Inapplicable ; Inapplicable ; Pass         ; Inapplicable ; Inapplicable ; Inapplicable ; Inapplicable ; Pass         ; Inapplicable ; Inapplicable ; Inapplicable ; Inapplicable ; Inapplicable ; Pass      ; Inapplicable ; Inapplicable ;
; outB[18]           ; Inapplicable ; Inapplicable ; Inapplicable ; Inapplicable ; Inapplicable ; Pass      ; Inapplicable ; Inapplicable ; Pass      ; Pass      ; Inapplicable ; Pass         ; Inapplicable ; Inapplicable ; Inapplicable ; Inapplicable ; Pass         ; Inapplicable ; Inapplicable ; Inapplicable ; Inapplicable ; Pass         ; Inapplicable ; Inapplicable ; Inapplicable ; Inapplicable ; Inapplicable ; Pass      ; Inapplicable ; Inapplicable ;
; outB[19]           ; Inapplicable ; Inapplicable ; Inapplicable ; Inapplicable ; Inapplicable ; Pass      ; Inapplicable ; Inapplicable ; Pass      ; Pass      ; Inapplicable ; Pass         ; Inapplicable ; Inapplicable ; Inapplicable ; Inapplicable ; Pass         ; Inapplicable ; Inapplicable ; Inapplicable ; Inapplicable ; Pass         ; Inapplicable ; Inapplicable ; Inapplicable ; Inapplicable ; Inapplicable ; Pass      ; Inapplicable ; Inapplicable ;
; outB[20]           ; Inapplicable ; Inapplicable ; Inapplicable ; Inapplicable ; Inapplicable ; Pass      ; Inapplicable ; Inapplicable ; Pass      ; Pass      ; Inapplicable ; Pass         ; Inapplicable ; Inapplicable ; Inapplicable ; Inapplicable ; Pass         ; Inapplicable ; Inapplicable ; Inapplicable ; Inapplicable ; Pass         ; Inapplicable ; Inapplicable ; Inapplicable ; Inapplicable ; Inapplicable ; Pass      ; Inapplicable ; Inapplicable ;
; outB[21]           ; Inapplicable ; Inapplicable ; Inapplicable ; Inapplicable ; Inapplicable ; Pass      ; Inapplicable ; Inapplicable ; Pass      ; Pass      ; Inapplicable ; Pass         ; Inapplicable ; Inapplicable ; Inapplicable ; Inapplicable ; Pass         ; Inapplicable ; Inapplicable ; Inapplicable ; Inapplicable ; Pass         ; Inapplicable ; Inapplicable ; Inapplicable ; Inapplicable ; Inapplicable ; Pass      ; Inapplicable ; Inapplicable ;
; outB[22]           ; Inapplicable ; Inapplicable ; Inapplicable ; Inapplicable ; Inapplicable ; Pass      ; Inapplicable ; Inapplicable ; Pass      ; Pass      ; Inapplicable ; Pass         ; Inapplicable ; Inapplicable ; Inapplicable ; Inapplicable ; Pass         ; Inapplicable ; Inapplicable ; Inapplicable ; Inapplicable ; Pass         ; Inapplicable ; Inapplicable ; Inapplicable ; Inapplicable ; Inapplicable ; Pass      ; Inapplicable ; Inapplicable ;
; outB[23]           ; Inapplicable ; Inapplicable ; Inapplicable ; Inapplicable ; Inapplicable ; Pass      ; Inapplicable ; Inapplicable ; Pass      ; Pass      ; Inapplicable ; Pass         ; Inapplicable ; Inapplicable ; Inapplicable ; Inapplicable ; Pass         ; Inapplicable ; Inapplicable ; Inapplicable ; Inapplicable ; Pass         ; Inapplicable ; Inapplicable ; Inapplicable ; Inapplicable ; Inapplicable ; Pass      ; Inapplicable ; Inapplicable ;
; outB[24]           ; Inapplicable ; Inapplicable ; Inapplicable ; Inapplicable ; Inapplicable ; Pass      ; Inapplicable ; Inapplicable ; Pass      ; Pass      ; Inapplicable ; Pass         ; Inapplicable ; Inapplicable ; Inapplicable ; Inapplicable ; Pass         ; Inapplicable ; Inapplicable ; Inapplicable ; Inapplicable ; Pass         ; Inapplicable ; Inapplicable ; Inapplicable ; Inapplicable ; Inapplicable ; Pass      ; Inapplicable ; Inapplicable ;
; outB[25]           ; Inapplicable ; Inapplicable ; Inapplicable ; Inapplicable ; Inapplicable ; Pass      ; Inapplicable ; Inapplicable ; Pass      ; Pass      ; Inapplicable ; Pass         ; Inapplicable ; Inapplicable ; Inapplicable ; Inapplicable ; Pass         ; Inapplicable ; Inapplicable ; Inapplicable ; Inapplicable ; Pass         ; Inapplicable ; Inapplicable ; Inapplicable ; Inapplicable ; Inapplicable ; Pass      ; Inapplicable ; Inapplicable ;
; outB[26]           ; Inapplicable ; Inapplicable ; Inapplicable ; Inapplicable ; Inapplicable ; Pass      ; Inapplicable ; Inapplicable ; Pass      ; Pass      ; Inapplicable ; Pass         ; Inapplicable ; Inapplicable ; Inapplicable ; Inapplicable ; Pass         ; Inapplicable ; Inapplicable ; Inapplicable ; Inapplicable ; Pass         ; Inapplicable ; Inapplicable ; Inapplicable ; Inapplicable ; Inapplicable ; Pass      ; Inapplicable ; Inapplicable ;
; outB[27]           ; Inapplicable ; Inapplicable ; Inapplicable ; Inapplicable ; Inapplicable ; Pass      ; Inapplicable ; Inapplicable ; Pass      ; Pass      ; Inapplicable ; Pass         ; Inapplicable ; Inapplicable ; Inapplicable ; Inapplicable ; Pass         ; Inapplicable ; Inapplicable ; Inapplicable ; Inapplicable ; Pass         ; Inapplicable ; Inapplicable ; Inapplicable ; Inapplicable ; Inapplicable ; Pass      ; Inapplicable ; Inapplicable ;
; outB[28]           ; Inapplicable ; Inapplicable ; Inapplicable ; Inapplicable ; Inapplicable ; Pass      ; Inapplicable ; Inapplicable ; Pass      ; Pass      ; Inapplicable ; Pass         ; Inapplicable ; Inapplicable ; Inapplicable ; Inapplicable ; Pass         ; Inapplicable ; Inapplicable ; Inapplicable ; Inapplicable ; Pass         ; Inapplicable ; Inapplicable ; Inapplicable ; Inapplicable ; Inapplicable ; Pass      ; Inapplicable ; Inapplicable ;
; outB[29]           ; Inapplicable ; Inapplicable ; Inapplicable ; Inapplicable ; Inapplicable ; Pass      ; Inapplicable ; Inapplicable ; Pass      ; Pass      ; Inapplicable ; Pass         ; Inapplicable ; Inapplicable ; Inapplicable ; Inapplicable ; Pass         ; Inapplicable ; Inapplicable ; Inapplicable ; Inapplicable ; Pass         ; Inapplicable ; Inapplicable ; Inapplicable ; Inapplicable ; Inapplicable ; Pass      ; Inapplicable ; Inapplicable ;
; outB[30]           ; Inapplicable ; Inapplicable ; Inapplicable ; Inapplicable ; Inapplicable ; Pass      ; Inapplicable ; Inapplicable ; Pass      ; Pass      ; Inapplicable ; Pass         ; Inapplicable ; Inapplicable ; Inapplicable ; Inapplicable ; Pass         ; Inapplicable ; Inapplicable ; Inapplicable ; Inapplicable ; Pass         ; Inapplicable ; Inapplicable ; Inapplicable ; Inapplicable ; Inapplicable ; Pass      ; Inapplicable ; Inapplicable ;
; outB[31]           ; Inapplicable ; Inapplicable ; Inapplicable ; Inapplicable ; Inapplicable ; Pass      ; Inapplicable ; Inapplicable ; Pass      ; Pass      ; Inapplicable ; Pass         ; Inapplicable ; Inapplicable ; Inapplicable ; Inapplicable ; Pass         ; Inapplicable ; Inapplicable ; Inapplicable ; Inapplicable ; Pass         ; Inapplicable ; Inapplicable ; Inapplicable ; Inapplicable ; Inapplicable ; Pass      ; Inapplicable ; Inapplicable ;
; outC               ; Inapplicable ; Inapplicable ; Inapplicable ; Inapplicable ; Inapplicable ; Pass      ; Inapplicable ; Inapplicable ; Pass      ; Pass      ; Inapplicable ; Pass         ; Inapplicable ; Inapplicable ; Inapplicable ; Inapplicable ; Pass         ; Inapplicable ; Inapplicable ; Inapplicable ; Inapplicable ; Pass         ; Inapplicable ; Inapplicable ; Inapplicable ; Inapplicable ; Inapplicable ; Pass      ; Inapplicable ; Inapplicable ;
; outZ               ; Inapplicable ; Inapplicable ; Inapplicable ; Inapplicable ; Inapplicable ; Pass      ; Inapplicable ; Inapplicable ; Pass      ; Pass      ; Inapplicable ; Pass         ; Inapplicable ; Inapplicable ; Inapplicable ; Inapplicable ; Pass         ; Inapplicable ; Inapplicable ; Inapplicable ; Inapplicable ; Pass         ; Inapplicable ; Inapplicable ; Inapplicable ; Inapplicable ; Inapplicable ; Pass      ; Inapplicable ; Inapplicable ;
; outIR[0]           ; Inapplicable ; Inapplicable ; Inapplicable ; Inapplicable ; Inapplicable ; Pass      ; Inapplicable ; Inapplicable ; Pass      ; Pass      ; Inapplicable ; Pass         ; Inapplicable ; Inapplicable ; Inapplicable ; Inapplicable ; Pass         ; Inapplicable ; Inapplicable ; Inapplicable ; Inapplicable ; Pass         ; Inapplicable ; Inapplicable ; Inapplicable ; Inapplicable ; Inapplicable ; Pass      ; Inapplicable ; Inapplicable ;
; outIR[1]           ; Inapplicable ; Inapplicable ; Inapplicable ; Inapplicable ; Inapplicable ; Pass      ; Inapplicable ; Inapplicable ; Pass      ; Pass      ; Inapplicable ; Pass         ; Inapplicable ; Inapplicable ; Inapplicable ; Inapplicable ; Pass         ; Inapplicable ; Inapplicable ; Inapplicable ; Inapplicable ; Pass         ; Inapplicable ; Inapplicable ; Inapplicable ; Inapplicable ; Inapplicable ; Pass      ; Inapplicable ; Inapplicable ;
; outIR[2]           ; Inapplicable ; Inapplicable ; Inapplicable ; Inapplicable ; Inapplicable ; Pass      ; Inapplicable ; Inapplicable ; Pass      ; Pass      ; Inapplicable ; Pass         ; Inapplicable ; Inapplicable ; Inapplicable ; Inapplicable ; Pass         ; Inapplicable ; Inapplicable ; Inapplicable ; Inapplicable ; Pass         ; Inapplicable ; Inapplicable ; Inapplicable ; Inapplicable ; Inapplicable ; Pass      ; Inapplicable ; Inapplicable ;
; outIR[3]           ; Inapplicable ; Inapplicable ; Inapplicable ; Inapplicable ; Inapplicable ; Pass      ; Inapplicable ; Inapplicable ; Pass      ; Pass      ; Inapplicable ; Pass         ; Inapplicable ; Inapplicable ; Inapplicable ; Inapplicable ; Pass         ; Inapplicable ; Inapplicable ; Inapplicable ; Inapplicable ; Pass         ; Inapplicable ; Inapplicable ; Inapplicable ; Inapplicable ; Inapplicable ; Pass      ; Inapplicable ; Inapplicable ;
; outIR[4]           ; Inapplicable ; Inapplicable ; Inapplicable ; Inapplicable ; Inapplicable ; Pass      ; Inapplicable ; Inapplicable ; Pass      ; Pass      ; Inapplicable ; Pass         ; Inapplicable ; Inapplicable ; Inapplicable ; Inapplicable ; Pass         ; Inapplicable ; Inapplicable ; Inapplicable ; Inapplicable ; Pass         ; Inapplicable ; Inapplicable ; Inapplicable ; Inapplicable ; Inapplicable ; Pass      ; Inapplicable ; Inapplicable ;
; outIR[5]           ; Inapplicable ; Inapplicable ; Inapplicable ; Inapplicable ; Inapplicable ; Pass      ; Inapplicable ; Inapplicable ; Pass      ; Pass      ; Inapplicable ; Pass         ; Inapplicable ; Inapplicable ; Inapplicable ; Inapplicable ; Pass         ; Inapplicable ; Inapplicable ; Inapplicable ; Inapplicable ; Pass         ; Inapplicable ; Inapplicable ; Inapplicable ; Inapplicable ; Inapplicable ; Pass      ; Inapplicable ; Inapplicable ;
; outIR[6]           ; Inapplicable ; Inapplicable ; Inapplicable ; Inapplicable ; Inapplicable ; Pass      ; Inapplicable ; Inapplicable ; Pass      ; Pass      ; Inapplicable ; Pass         ; Inapplicable ; Inapplicable ; Inapplicable ; Inapplicable ; Pass         ; Inapplicable ; Inapplicable ; Inapplicable ; Inapplicable ; Pass         ; Inapplicable ; Inapplicable ; Inapplicable ; Inapplicable ; Inapplicable ; Pass      ; Inapplicable ; Inapplicable ;
; outIR[7]           ; Inapplicable ; Inapplicable ; Inapplicable ; Inapplicable ; Inapplicable ; Pass      ; Inapplicable ; Inapplicable ; Pass      ; Pass      ; Inapplicable ; Pass         ; Inapplicable ; Inapplicable ; Inapplicable ; Inapplicable ; Pass         ; Inapplicable ; Inapplicable ; Inapplicable ; Inapplicable ; Pass         ; Inapplicable ; Inapplicable ; Inapplicable ; Inapplicable ; Inapplicable ; Pass      ; Inapplicable ; Inapplicable ;
; outIR[8]           ; Inapplicable ; Inapplicable ; Inapplicable ; Inapplicable ; Inapplicable ; Pass      ; Inapplicable ; Inapplicable ; Pass      ; Pass      ; Inapplicable ; Pass         ; Inapplicable ; Inapplicable ; Inapplicable ; Inapplicable ; Pass         ; Inapplicable ; Inapplicable ; Inapplicable ; Inapplicable ; Pass         ; Inapplicable ; Inapplicable ; Inapplicable ; Inapplicable ; Inapplicable ; Pass      ; Inapplicable ; Inapplicable ;
; outIR[9]           ; Inapplicable ; Inapplicable ; Inapplicable ; Inapplicable ; Inapplicable ; Pass      ; Inapplicable ; Inapplicable ; Pass      ; Pass      ; Inapplicable ; Pass         ; Inapplicable ; Inapplicable ; Inapplicable ; Inapplicable ; Pass         ; Inapplicable ; Inapplicable ; Inapplicable ; Inapplicable ; Pass         ; Inapplicable ; Inapplicable ; Inapplicable ; Inapplicable ; Inapplicable ; Pass      ; Inapplicable ; Inapplicable ;
; outIR[10]          ; Inapplicable ; Inapplicable ; Inapplicable ; Inapplicable ; Inapplicable ; Pass      ; Inapplicable ; Inapplicable ; Pass      ; Pass      ; Inapplicable ; Pass         ; Inapplicable ; Inapplicable ; Inapplicable ; Inapplicable ; Pass         ; Inapplicable ; Inapplicable ; Inapplicable ; Inapplicable ; Pass         ; Inapplicable ; Inapplicable ; Inapplicable ; Inapplicable ; Inapplicable ; Pass      ; Inapplicable ; Inapplicable ;
; outIR[11]          ; Inapplicable ; Inapplicable ; Inapplicable ; Inapplicable ; Inapplicable ; Pass      ; Inapplicable ; Inapplicable ; Pass      ; Pass      ; Inapplicable ; Pass         ; Inapplicable ; Inapplicable ; Inapplicable ; Inapplicable ; Pass         ; Inapplicable ; Inapplicable ; Inapplicable ; Inapplicable ; Pass         ; Inapplicable ; Inapplicable ; Inapplicable ; Inapplicable ; Inapplicable ; Pass      ; Inapplicable ; Inapplicable ;
; outIR[12]          ; Inapplicable ; Inapplicable ; Inapplicable ; Inapplicable ; Inapplicable ; Pass      ; Inapplicable ; Inapplicable ; Pass      ; Pass      ; Inapplicable ; Pass         ; Inapplicable ; Inapplicable ; Inapplicable ; Inapplicable ; Pass         ; Inapplicable ; Inapplicable ; Inapplicable ; Inapplicable ; Pass         ; Inapplicable ; Inapplicable ; Inapplicable ; Inapplicable ; Inapplicable ; Pass      ; Inapplicable ; Inapplicable ;
; outIR[13]          ; Inapplicable ; Inapplicable ; Inapplicable ; Inapplicable ; Inapplicable ; Pass      ; Inapplicable ; Inapplicable ; Pass      ; Pass      ; Inapplicable ; Pass         ; Inapplicable ; Inapplicable ; Inapplicable ; Inapplicable ; Pass         ; Inapplicable ; Inapplicable ; Inapplicable ; Inapplicable ; Pass         ; Inapplicable ; Inapplicable ; Inapplicable ; Inapplicable ; Inapplicable ; Pass      ; Inapplicable ; Inapplicable ;
; outIR[14]          ; Inapplicable ; Inapplicable ; Inapplicable ; Inapplicable ; Inapplicable ; Pass      ; Inapplicable ; Inapplicable ; Pass      ; Pass      ; Inapplicable ; Pass         ; Inapplicable ; Inapplicable ; Inapplicable ; Inapplicable ; Pass         ; Inapplicable ; Inapplicable ; Inapplicable ; Inapplicable ; Pass         ; Inapplicable ; Inapplicable ; Inapplicable ; Inapplicable ; Inapplicable ; Pass      ; Inapplicable ; Inapplicable ;
; outIR[15]          ; Inapplicable ; Inapplicable ; Inapplicable ; Inapplicable ; Inapplicable ; Pass      ; Inapplicable ; Inapplicable ; Pass      ; Pass      ; Inapplicable ; Pass         ; Inapplicable ; Inapplicable ; Inapplicable ; Inapplicable ; Pass         ; Inapplicable ; Inapplicable ; Inapplicable ; Inapplicable ; Pass         ; Inapplicable ; Inapplicable ; Inapplicable ; Inapplicable ; Inapplicable ; Pass      ; Inapplicable ; Inapplicable ;
; outIR[16]          ; Inapplicable ; Inapplicable ; Inapplicable ; Inapplicable ; Inapplicable ; Pass      ; Inapplicable ; Inapplicable ; Pass      ; Pass      ; Inapplicable ; Pass         ; Inapplicable ; Inapplicable ; Inapplicable ; Inapplicable ; Pass         ; Inapplicable ; Inapplicable ; Inapplicable ; Inapplicable ; Pass         ; Inapplicable ; Inapplicable ; Inapplicable ; Inapplicable ; Inapplicable ; Pass      ; Inapplicable ; Inapplicable ;
; outIR[17]          ; Inapplicable ; Inapplicable ; Inapplicable ; Inapplicable ; Inapplicable ; Pass      ; Inapplicable ; Inapplicable ; Pass      ; Pass      ; Inapplicable ; Pass         ; Inapplicable ; Inapplicable ; Inapplicable ; Inapplicable ; Pass         ; Inapplicable ; Inapplicable ; Inapplicable ; Inapplicable ; Pass         ; Inapplicable ; Inapplicable ; Inapplicable ; Inapplicable ; Inapplicable ; Pass      ; Inapplicable ; Inapplicable ;
; outIR[18]          ; Inapplicable ; Inapplicable ; Inapplicable ; Inapplicable ; Inapplicable ; Pass      ; Inapplicable ; Inapplicable ; Pass      ; Pass      ; Inapplicable ; Pass         ; Inapplicable ; Inapplicable ; Inapplicable ; Inapplicable ; Pass         ; Inapplicable ; Inapplicable ; Inapplicable ; Inapplicable ; Pass         ; Inapplicable ; Inapplicable ; Inapplicable ; Inapplicable ; Inapplicable ; Pass      ; Inapplicable ; Inapplicable ;
; outIR[19]          ; Inapplicable ; Inapplicable ; Inapplicable ; Inapplicable ; Inapplicable ; Pass      ; Inapplicable ; Inapplicable ; Pass      ; Pass      ; Inapplicable ; Pass         ; Inapplicable ; Inapplicable ; Inapplicable ; Inapplicable ; Pass         ; Inapplicable ; Inapplicable ; Inapplicable ; Inapplicable ; Pass         ; Inapplicable ; Inapplicable ; Inapplicable ; Inapplicable ; Inapplicable ; Pass      ; Inapplicable ; Inapplicable ;
; outIR[20]          ; Inapplicable ; Inapplicable ; Inapplicable ; Inapplicable ; Inapplicable ; Pass      ; Inapplicable ; Inapplicable ; Pass      ; Pass      ; Inapplicable ; Pass         ; Inapplicable ; Inapplicable ; Inapplicable ; Inapplicable ; Pass         ; Inapplicable ; Inapplicable ; Inapplicable ; Inapplicable ; Pass         ; Inapplicable ; Inapplicable ; Inapplicable ; Inapplicable ; Inapplicable ; Pass      ; Inapplicable ; Inapplicable ;
; outIR[21]          ; Inapplicable ; Inapplicable ; Inapplicable ; Inapplicable ; Inapplicable ; Pass      ; Inapplicable ; Inapplicable ; Pass      ; Pass      ; Inapplicable ; Pass         ; Inapplicable ; Inapplicable ; Inapplicable ; Inapplicable ; Pass         ; Inapplicable ; Inapplicable ; Inapplicable ; Inapplicable ; Pass         ; Inapplicable ; Inapplicable ; Inapplicable ; Inapplicable ; Inapplicable ; Pass      ; Inapplicable ; Inapplicable ;
; outIR[22]          ; Inapplicable ; Inapplicable ; Inapplicable ; Inapplicable ; Inapplicable ; Pass      ; Inapplicable ; Inapplicable ; Pass      ; Pass      ; Inapplicable ; Pass         ; Inapplicable ; Inapplicable ; Inapplicable ; Inapplicable ; Pass         ; Inapplicable ; Inapplicable ; Inapplicable ; Inapplicable ; Pass         ; Inapplicable ; Inapplicable ; Inapplicable ; Inapplicable ; Inapplicable ; Pass      ; Inapplicable ; Inapplicable ;
; outIR[23]          ; Inapplicable ; Inapplicable ; Inapplicable ; Inapplicable ; Inapplicable ; Pass      ; Inapplicable ; Inapplicable ; Pass      ; Pass      ; Inapplicable ; Pass         ; Inapplicable ; Inapplicable ; Inapplicable ; Inapplicable ; Pass         ; Inapplicable ; Inapplicable ; Inapplicable ; Inapplicable ; Pass         ; Inapplicable ; Inapplicable ; Inapplicable ; Inapplicable ; Inapplicable ; Pass      ; Inapplicable ; Inapplicable ;
; outIR[24]          ; Inapplicable ; Inapplicable ; Inapplicable ; Inapplicable ; Inapplicable ; Pass      ; Inapplicable ; Inapplicable ; Pass      ; Pass      ; Inapplicable ; Pass         ; Inapplicable ; Inapplicable ; Inapplicable ; Inapplicable ; Pass         ; Inapplicable ; Inapplicable ; Inapplicable ; Inapplicable ; Pass         ; Inapplicable ; Inapplicable ; Inapplicable ; Inapplicable ; Inapplicable ; Pass      ; Inapplicable ; Inapplicable ;
; outIR[25]          ; Inapplicable ; Inapplicable ; Inapplicable ; Inapplicable ; Inapplicable ; Pass      ; Inapplicable ; Inapplicable ; Pass      ; Pass      ; Inapplicable ; Pass         ; Inapplicable ; Inapplicable ; Inapplicable ; Inapplicable ; Pass         ; Inapplicable ; Inapplicable ; Inapplicable ; Inapplicable ; Pass         ; Inapplicable ; Inapplicable ; Inapplicable ; Inapplicable ; Inapplicable ; Pass      ; Inapplicable ; Inapplicable ;
; outIR[26]          ; Inapplicable ; Inapplicable ; Inapplicable ; Inapplicable ; Inapplicable ; Pass      ; Inapplicable ; Inapplicable ; Pass      ; Pass      ; Inapplicable ; Pass         ; Inapplicable ; Inapplicable ; Inapplicable ; Inapplicable ; Pass         ; Inapplicable ; Inapplicable ; Inapplicable ; Inapplicable ; Pass         ; Inapplicable ; Inapplicable ; Inapplicable ; Inapplicable ; Inapplicable ; Pass      ; Inapplicable ; Inapplicable ;
; outIR[27]          ; Inapplicable ; Inapplicable ; Inapplicable ; Inapplicable ; Inapplicable ; Pass      ; Inapplicable ; Inapplicable ; Pass      ; Pass      ; Inapplicable ; Pass         ; Inapplicable ; Inapplicable ; Inapplicable ; Inapplicable ; Pass         ; Inapplicable ; Inapplicable ; Inapplicable ; Inapplicable ; Pass         ; Inapplicable ; Inapplicable ; Inapplicable ; Inapplicable ; Inapplicable ; Pass      ; Inapplicable ; Inapplicable ;
; outIR[28]          ; Inapplicable ; Inapplicable ; Inapplicable ; Inapplicable ; Inapplicable ; Pass      ; Inapplicable ; Inapplicable ; Pass      ; Pass      ; Inapplicable ; Pass         ; Inapplicable ; Inapplicable ; Inapplicable ; Inapplicable ; Pass         ; Inapplicable ; Inapplicable ; Inapplicable ; Inapplicable ; Pass         ; Inapplicable ; Inapplicable ; Inapplicable ; Inapplicable ; Inapplicable ; Pass      ; Inapplicable ; Inapplicable ;
; outIR[29]          ; Inapplicable ; Inapplicable ; Inapplicable ; Inapplicable ; Inapplicable ; Pass      ; Inapplicable ; Inapplicable ; Pass      ; Pass      ; Inapplicable ; Pass         ; Inapplicable ; Inapplicable ; Inapplicable ; Inapplicable ; Pass         ; Inapplicable ; Inapplicable ; Inapplicable ; Inapplicable ; Pass         ; Inapplicable ; Inapplicable ; Inapplicable ; Inapplicable ; Inapplicable ; Pass      ; Inapplicable ; Inapplicable ;
; outIR[30]          ; Inapplicable ; Inapplicable ; Inapplicable ; Inapplicable ; Inapplicable ; Pass      ; Inapplicable ; Inapplicable ; Pass      ; Pass      ; Inapplicable ; Pass         ; Inapplicable ; Inapplicable ; Inapplicable ; Inapplicable ; Pass         ; Inapplicable ; Inapplicable ; Inapplicable ; Inapplicable ; Pass         ; Inapplicable ; Inapplicable ; Inapplicable ; Inapplicable ; Inapplicable ; Pass      ; Inapplicable ; Inapplicable ;
; outIR[31]          ; Inapplicable ; Inapplicable ; Inapplicable ; Inapplicable ; Inapplicable ; Pass      ; Inapplicable ; Inapplicable ; Pass      ; Pass      ; Inapplicable ; Pass         ; Inapplicable ; Inapplicable ; Inapplicable ; Inapplicable ; Pass         ; Inapplicable ; Inapplicable ; Inapplicable ; Inapplicable ; Pass         ; Inapplicable ; Inapplicable ; Inapplicable ; Inapplicable ; Inapplicable ; Pass      ; Inapplicable ; Inapplicable ;
; outPC[0]           ; Inapplicable ; Inapplicable ; Inapplicable ; Inapplicable ; Inapplicable ; Pass      ; Inapplicable ; Inapplicable ; Pass      ; Pass      ; Inapplicable ; Pass         ; Inapplicable ; Inapplicable ; Inapplicable ; Inapplicable ; Pass         ; Inapplicable ; Inapplicable ; Inapplicable ; Inapplicable ; Pass         ; Inapplicable ; Inapplicable ; Inapplicable ; Inapplicable ; Inapplicable ; Pass      ; Inapplicable ; Inapplicable ;
; outPC[1]           ; Inapplicable ; Inapplicable ; Inapplicable ; Inapplicable ; Inapplicable ; Pass      ; Inapplicable ; Inapplicable ; Pass      ; Pass      ; Inapplicable ; Pass         ; Inapplicable ; Inapplicable ; Inapplicable ; Inapplicable ; Pass         ; Inapplicable ; Inapplicable ; Inapplicable ; Inapplicable ; Pass         ; Inapplicable ; Inapplicable ; Inapplicable ; Inapplicable ; Inapplicable ; Pass      ; Inapplicable ; Inapplicable ;
; outPC[2]           ; Inapplicable ; Inapplicable ; Inapplicable ; Inapplicable ; Inapplicable ; Pass      ; Inapplicable ; Inapplicable ; Pass      ; Pass      ; Inapplicable ; Pass         ; Inapplicable ; Inapplicable ; Inapplicable ; Inapplicable ; Pass         ; Inapplicable ; Inapplicable ; Inapplicable ; Inapplicable ; Pass         ; Inapplicable ; Inapplicable ; Inapplicable ; Inapplicable ; Inapplicable ; Pass      ; Inapplicable ; Inapplicable ;
; outPC[3]           ; Inapplicable ; Inapplicable ; Inapplicable ; Inapplicable ; Inapplicable ; Pass      ; Inapplicable ; Inapplicable ; Pass      ; Pass      ; Inapplicable ; Pass         ; Inapplicable ; Inapplicable ; Inapplicable ; Inapplicable ; Pass         ; Inapplicable ; Inapplicable ; Inapplicable ; Inapplicable ; Pass         ; Inapplicable ; Inapplicable ; Inapplicable ; Inapplicable ; Inapplicable ; Pass      ; Inapplicable ; Inapplicable ;
; outPC[4]           ; Inapplicable ; Inapplicable ; Inapplicable ; Inapplicable ; Inapplicable ; Pass      ; Inapplicable ; Inapplicable ; Pass      ; Pass      ; Inapplicable ; Pass         ; Inapplicable ; Inapplicable ; Inapplicable ; Inapplicable ; Pass         ; Inapplicable ; Inapplicable ; Inapplicable ; Inapplicable ; Pass         ; Inapplicable ; Inapplicable ; Inapplicable ; Inapplicable ; Inapplicable ; Pass      ; Inapplicable ; Inapplicable ;
; outPC[5]           ; Inapplicable ; Inapplicable ; Inapplicable ; Inapplicable ; Inapplicable ; Pass      ; Inapplicable ; Inapplicable ; Pass      ; Pass      ; Inapplicable ; Pass         ; Inapplicable ; Inapplicable ; Inapplicable ; Inapplicable ; Pass         ; Inapplicable ; Inapplicable ; Inapplicable ; Inapplicable ; Pass         ; Inapplicable ; Inapplicable ; Inapplicable ; Inapplicable ; Inapplicable ; Pass      ; Inapplicable ; Inapplicable ;
; outPC[6]           ; Inapplicable ; Inapplicable ; Inapplicable ; Inapplicable ; Inapplicable ; Pass      ; Inapplicable ; Inapplicable ; Pass      ; Pass      ; Inapplicable ; Pass         ; Inapplicable ; Inapplicable ; Inapplicable ; Inapplicable ; Pass         ; Inapplicable ; Inapplicable ; Inapplicable ; Inapplicable ; Pass         ; Inapplicable ; Inapplicable ; Inapplicable ; Inapplicable ; Inapplicable ; Pass      ; Inapplicable ; Inapplicable ;
; outPC[7]           ; Inapplicable ; Inapplicable ; Inapplicable ; Inapplicable ; Inapplicable ; Pass      ; Inapplicable ; Inapplicable ; Pass      ; Pass      ; Inapplicable ; Pass         ; Inapplicable ; Inapplicable ; Inapplicable ; Inapplicable ; Pass         ; Inapplicable ; Inapplicable ; Inapplicable ; Inapplicable ; Pass         ; Inapplicable ; Inapplicable ; Inapplicable ; Inapplicable ; Inapplicable ; Pass      ; Inapplicable ; Inapplicable ;
; outPC[8]           ; Inapplicable ; Inapplicable ; Inapplicable ; Inapplicable ; Inapplicable ; Pass      ; Inapplicable ; Inapplicable ; Pass      ; Pass      ; Inapplicable ; Pass         ; Inapplicable ; Inapplicable ; Inapplicable ; Inapplicable ; Pass         ; Inapplicable ; Inapplicable ; Inapplicable ; Inapplicable ; Pass         ; Inapplicable ; Inapplicable ; Inapplicable ; Inapplicable ; Inapplicable ; Pass      ; Inapplicable ; Inapplicable ;
; outPC[9]           ; Inapplicable ; Inapplicable ; Inapplicable ; Inapplicable ; Inapplicable ; Pass      ; Inapplicable ; Inapplicable ; Pass      ; Pass      ; Inapplicable ; Pass         ; Inapplicable ; Inapplicable ; Inapplicable ; Inapplicable ; Pass         ; Inapplicable ; Inapplicable ; Inapplicable ; Inapplicable ; Pass         ; Inapplicable ; Inapplicable ; Inapplicable ; Inapplicable ; Inapplicable ; Pass      ; Inapplicable ; Inapplicable ;
; outPC[10]          ; Inapplicable ; Inapplicable ; Inapplicable ; Inapplicable ; Inapplicable ; Pass      ; Inapplicable ; Inapplicable ; Pass      ; Pass      ; Inapplicable ; Pass         ; Inapplicable ; Inapplicable ; Inapplicable ; Inapplicable ; Pass         ; Inapplicable ; Inapplicable ; Inapplicable ; Inapplicable ; Pass         ; Inapplicable ; Inapplicable ; Inapplicable ; Inapplicable ; Inapplicable ; Pass      ; Inapplicable ; Inapplicable ;
; outPC[11]          ; Inapplicable ; Inapplicable ; Inapplicable ; Inapplicable ; Inapplicable ; Pass      ; Inapplicable ; Inapplicable ; Pass      ; Pass      ; Inapplicable ; Pass         ; Inapplicable ; Inapplicable ; Inapplicable ; Inapplicable ; Pass         ; Inapplicable ; Inapplicable ; Inapplicable ; Inapplicable ; Pass         ; Inapplicable ; Inapplicable ; Inapplicable ; Inapplicable ; Inapplicable ; Pass      ; Inapplicable ; Inapplicable ;
; outPC[12]          ; Inapplicable ; Inapplicable ; Inapplicable ; Inapplicable ; Inapplicable ; Pass      ; Inapplicable ; Inapplicable ; Pass      ; Pass      ; Inapplicable ; Pass         ; Inapplicable ; Inapplicable ; Inapplicable ; Inapplicable ; Pass         ; Inapplicable ; Inapplicable ; Inapplicable ; Inapplicable ; Pass         ; Inapplicable ; Inapplicable ; Inapplicable ; Inapplicable ; Inapplicable ; Pass      ; Inapplicable ; Inapplicable ;
; outPC[13]          ; Inapplicable ; Inapplicable ; Inapplicable ; Inapplicable ; Inapplicable ; Pass      ; Inapplicable ; Inapplicable ; Pass      ; Pass      ; Inapplicable ; Pass         ; Inapplicable ; Inapplicable ; Inapplicable ; Inapplicable ; Pass         ; Inapplicable ; Inapplicable ; Inapplicable ; Inapplicable ; Pass         ; Inapplicable ; Inapplicable ; Inapplicable ; Inapplicable ; Inapplicable ; Pass      ; Inapplicable ; Inapplicable ;
; outPC[14]          ; Inapplicable ; Inapplicable ; Inapplicable ; Inapplicable ; Inapplicable ; Pass      ; Inapplicable ; Inapplicable ; Pass      ; Pass      ; Inapplicable ; Pass         ; Inapplicable ; Inapplicable ; Inapplicable ; Inapplicable ; Pass         ; Inapplicable ; Inapplicable ; Inapplicable ; Inapplicable ; Pass         ; Inapplicable ; Inapplicable ; Inapplicable ; Inapplicable ; Inapplicable ; Pass      ; Inapplicable ; Inapplicable ;
; outPC[15]          ; Inapplicable ; Inapplicable ; Inapplicable ; Inapplicable ; Inapplicable ; Pass      ; Inapplicable ; Inapplicable ; Pass      ; Pass      ; Inapplicable ; Pass         ; Inapplicable ; Inapplicable ; Inapplicable ; Inapplicable ; Pass         ; Inapplicable ; Inapplicable ; Inapplicable ; Inapplicable ; Pass         ; Inapplicable ; Inapplicable ; Inapplicable ; Inapplicable ; Inapplicable ; Pass      ; Inapplicable ; Inapplicable ;
; outPC[16]          ; Inapplicable ; Inapplicable ; Inapplicable ; Inapplicable ; Inapplicable ; Pass      ; Inapplicable ; Inapplicable ; Pass      ; Pass      ; Inapplicable ; Pass         ; Inapplicable ; Inapplicable ; Inapplicable ; Inapplicable ; Pass         ; Inapplicable ; Inapplicable ; Inapplicable ; Inapplicable ; Pass         ; Inapplicable ; Inapplicable ; Inapplicable ; Inapplicable ; Inapplicable ; Pass      ; Inapplicable ; Inapplicable ;
; outPC[17]          ; Inapplicable ; Inapplicable ; Inapplicable ; Inapplicable ; Inapplicable ; Pass      ; Inapplicable ; Inapplicable ; Pass      ; Pass      ; Inapplicable ; Pass         ; Inapplicable ; Inapplicable ; Inapplicable ; Inapplicable ; Pass         ; Inapplicable ; Inapplicable ; Inapplicable ; Inapplicable ; Pass         ; Inapplicable ; Inapplicable ; Inapplicable ; Inapplicable ; Inapplicable ; Pass      ; Inapplicable ; Inapplicable ;
; outPC[18]          ; Inapplicable ; Inapplicable ; Inapplicable ; Inapplicable ; Inapplicable ; Pass      ; Inapplicable ; Inapplicable ; Pass      ; Pass      ; Inapplicable ; Pass         ; Inapplicable ; Inapplicable ; Inapplicable ; Inapplicable ; Pass         ; Inapplicable ; Inapplicable ; Inapplicable ; Inapplicable ; Pass         ; Inapplicable ; Inapplicable ; Inapplicable ; Inapplicable ; Inapplicable ; Pass      ; Inapplicable ; Inapplicable ;
; outPC[19]          ; Inapplicable ; Inapplicable ; Inapplicable ; Inapplicable ; Inapplicable ; Pass      ; Inapplicable ; Inapplicable ; Pass      ; Pass      ; Inapplicable ; Pass         ; Inapplicable ; Inapplicable ; Inapplicable ; Inapplicable ; Pass         ; Inapplicable ; Inapplicable ; Inapplicable ; Inapplicable ; Pass         ; Inapplicable ; Inapplicable ; Inapplicable ; Inapplicable ; Inapplicable ; Pass      ; Inapplicable ; Inapplicable ;
; outPC[20]          ; Inapplicable ; Inapplicable ; Inapplicable ; Inapplicable ; Inapplicable ; Pass      ; Inapplicable ; Inapplicable ; Pass      ; Pass      ; Inapplicable ; Pass         ; Inapplicable ; Inapplicable ; Inapplicable ; Inapplicable ; Pass         ; Inapplicable ; Inapplicable ; Inapplicable ; Inapplicable ; Pass         ; Inapplicable ; Inapplicable ; Inapplicable ; Inapplicable ; Inapplicable ; Pass      ; Inapplicable ; Inapplicable ;
; outPC[21]          ; Inapplicable ; Inapplicable ; Inapplicable ; Inapplicable ; Inapplicable ; Pass      ; Inapplicable ; Inapplicable ; Pass      ; Pass      ; Inapplicable ; Pass         ; Inapplicable ; Inapplicable ; Inapplicable ; Inapplicable ; Pass         ; Inapplicable ; Inapplicable ; Inapplicable ; Inapplicable ; Pass         ; Inapplicable ; Inapplicable ; Inapplicable ; Inapplicable ; Inapplicable ; Pass      ; Inapplicable ; Inapplicable ;
; outPC[22]          ; Inapplicable ; Inapplicable ; Inapplicable ; Inapplicable ; Inapplicable ; Pass      ; Inapplicable ; Inapplicable ; Pass      ; Pass      ; Inapplicable ; Pass         ; Inapplicable ; Inapplicable ; Inapplicable ; Inapplicable ; Pass         ; Inapplicable ; Inapplicable ; Inapplicable ; Inapplicable ; Pass         ; Inapplicable ; Inapplicable ; Inapplicable ; Inapplicable ; Inapplicable ; Pass      ; Inapplicable ; Inapplicable ;
; outPC[23]          ; Inapplicable ; Inapplicable ; Inapplicable ; Inapplicable ; Inapplicable ; Pass      ; Inapplicable ; Inapplicable ; Pass      ; Pass      ; Inapplicable ; Pass         ; Inapplicable ; Inapplicable ; Inapplicable ; Inapplicable ; Pass         ; Inapplicable ; Inapplicable ; Inapplicable ; Inapplicable ; Pass         ; Inapplicable ; Inapplicable ; Inapplicable ; Inapplicable ; Inapplicable ; Pass      ; Inapplicable ; Inapplicable ;
; outPC[24]          ; Inapplicable ; Inapplicable ; Inapplicable ; Inapplicable ; Inapplicable ; Pass      ; Inapplicable ; Inapplicable ; Pass      ; Pass      ; Inapplicable ; Pass         ; Inapplicable ; Inapplicable ; Inapplicable ; Inapplicable ; Pass         ; Inapplicable ; Inapplicable ; Inapplicable ; Inapplicable ; Pass         ; Inapplicable ; Inapplicable ; Inapplicable ; Inapplicable ; Inapplicable ; Pass      ; Inapplicable ; Inapplicable ;
; outPC[25]          ; Inapplicable ; Inapplicable ; Inapplicable ; Inapplicable ; Inapplicable ; Pass      ; Inapplicable ; Inapplicable ; Pass      ; Pass      ; Inapplicable ; Pass         ; Inapplicable ; Inapplicable ; Inapplicable ; Inapplicable ; Pass         ; Inapplicable ; Inapplicable ; Inapplicable ; Inapplicable ; Pass         ; Inapplicable ; Inapplicable ; Inapplicable ; Inapplicable ; Inapplicable ; Pass      ; Inapplicable ; Inapplicable ;
; outPC[26]          ; Inapplicable ; Inapplicable ; Inapplicable ; Inapplicable ; Inapplicable ; Pass      ; Inapplicable ; Inapplicable ; Pass      ; Pass      ; Inapplicable ; Pass         ; Inapplicable ; Inapplicable ; Inapplicable ; Inapplicable ; Pass         ; Inapplicable ; Inapplicable ; Inapplicable ; Inapplicable ; Pass         ; Inapplicable ; Inapplicable ; Inapplicable ; Inapplicable ; Inapplicable ; Pass      ; Inapplicable ; Inapplicable ;
; outPC[27]          ; Inapplicable ; Inapplicable ; Inapplicable ; Inapplicable ; Inapplicable ; Pass      ; Inapplicable ; Inapplicable ; Pass      ; Pass      ; Inapplicable ; Pass         ; Inapplicable ; Inapplicable ; Inapplicable ; Inapplicable ; Pass         ; Inapplicable ; Inapplicable ; Inapplicable ; Inapplicable ; Pass         ; Inapplicable ; Inapplicable ; Inapplicable ; Inapplicable ; Inapplicable ; Pass      ; Inapplicable ; Inapplicable ;
; outPC[28]          ; Inapplicable ; Inapplicable ; Inapplicable ; Inapplicable ; Inapplicable ; Pass      ; Inapplicable ; Inapplicable ; Pass      ; Pass      ; Inapplicable ; Pass         ; Inapplicable ; Inapplicable ; Inapplicable ; Inapplicable ; Pass         ; Inapplicable ; Inapplicable ; Inapplicable ; Inapplicable ; Pass         ; Inapplicable ; Inapplicable ; Inapplicable ; Inapplicable ; Inapplicable ; Pass      ; Inapplicable ; Inapplicable ;
; outPC[29]          ; Inapplicable ; Inapplicable ; Inapplicable ; Inapplicable ; Inapplicable ; Pass      ; Inapplicable ; Inapplicable ; Pass      ; Pass      ; Inapplicable ; Pass         ; Inapplicable ; Inapplicable ; Inapplicable ; Inapplicable ; Pass         ; Inapplicable ; Inapplicable ; Inapplicable ; Inapplicable ; Pass         ; Inapplicable ; Inapplicable ; Inapplicable ; Inapplicable ; Inapplicable ; Pass      ; Inapplicable ; Inapplicable ;
; outPC[30]          ; Inapplicable ; Inapplicable ; Inapplicable ; Inapplicable ; Inapplicable ; Pass      ; Inapplicable ; Inapplicable ; Pass      ; Pass      ; Inapplicable ; Pass         ; Inapplicable ; Inapplicable ; Inapplicable ; Inapplicable ; Pass         ; Inapplicable ; Inapplicable ; Inapplicable ; Inapplicable ; Pass         ; Inapplicable ; Inapplicable ; Inapplicable ; Inapplicable ; Inapplicable ; Pass      ; Inapplicable ; Inapplicable ;
; outPC[31]          ; Inapplicable ; Inapplicable ; Inapplicable ; Inapplicable ; Inapplicable ; Pass      ; Inapplicable ; Inapplicable ; Pass      ; Pass      ; Inapplicable ; Pass         ; Inapplicable ; Inapplicable ; Inapplicable ; Inapplicable ; Pass         ; Inapplicable ; Inapplicable ; Inapplicable ; Inapplicable ; Pass         ; Inapplicable ; Inapplicable ; Inapplicable ; Inapplicable ; Inapplicable ; Pass      ; Inapplicable ; Inapplicable ;
; addrOut[0]         ; Inapplicable ; Inapplicable ; Inapplicable ; Inapplicable ; Inapplicable ; Pass      ; Inapplicable ; Inapplicable ; Pass      ; Pass      ; Inapplicable ; Pass         ; Inapplicable ; Inapplicable ; Inapplicable ; Inapplicable ; Pass         ; Inapplicable ; Inapplicable ; Inapplicable ; Inapplicable ; Pass         ; Inapplicable ; Inapplicable ; Inapplicable ; Inapplicable ; Inapplicable ; Pass      ; Inapplicable ; Inapplicable ;
; addrOut[1]         ; Inapplicable ; Inapplicable ; Inapplicable ; Inapplicable ; Inapplicable ; Pass      ; Inapplicable ; Inapplicable ; Pass      ; Pass      ; Inapplicable ; Pass         ; Inapplicable ; Inapplicable ; Inapplicable ; Inapplicable ; Pass         ; Inapplicable ; Inapplicable ; Inapplicable ; Inapplicable ; Pass         ; Inapplicable ; Inapplicable ; Inapplicable ; Inapplicable ; Inapplicable ; Pass      ; Inapplicable ; Inapplicable ;
; addrOut[2]         ; Inapplicable ; Inapplicable ; Inapplicable ; Inapplicable ; Inapplicable ; Pass      ; Inapplicable ; Inapplicable ; Pass      ; Pass      ; Inapplicable ; Pass         ; Inapplicable ; Inapplicable ; Inapplicable ; Inapplicable ; Pass         ; Inapplicable ; Inapplicable ; Inapplicable ; Inapplicable ; Pass         ; Inapplicable ; Inapplicable ; Inapplicable ; Inapplicable ; Inapplicable ; Pass      ; Inapplicable ; Inapplicable ;
; addrOut[3]         ; Inapplicable ; Inapplicable ; Inapplicable ; Inapplicable ; Inapplicable ; Pass      ; Inapplicable ; Inapplicable ; Pass      ; Pass      ; Inapplicable ; Pass         ; Inapplicable ; Inapplicable ; Inapplicable ; Inapplicable ; Pass         ; Inapplicable ; Inapplicable ; Inapplicable ; Inapplicable ; Pass         ; Inapplicable ; Inapplicable ; Inapplicable ; Inapplicable ; Inapplicable ; Pass      ; Inapplicable ; Inapplicable ;
; addrOut[4]         ; Inapplicable ; Inapplicable ; Inapplicable ; Inapplicable ; Inapplicable ; Pass      ; Inapplicable ; Inapplicable ; Pass      ; Pass      ; Inapplicable ; Pass         ; Inapplicable ; Inapplicable ; Inapplicable ; Inapplicable ; Pass         ; Inapplicable ; Inapplicable ; Inapplicable ; Inapplicable ; Pass         ; Inapplicable ; Inapplicable ; Inapplicable ; Inapplicable ; Inapplicable ; Pass      ; Inapplicable ; Inapplicable ;
; addrOut[5]         ; Inapplicable ; Inapplicable ; Inapplicable ; Inapplicable ; Inapplicable ; Pass      ; Inapplicable ; Inapplicable ; Pass      ; Pass      ; Inapplicable ; Pass         ; Inapplicable ; Inapplicable ; Inapplicable ; Inapplicable ; Pass         ; Inapplicable ; Inapplicable ; Inapplicable ; Inapplicable ; Pass         ; Inapplicable ; Inapplicable ; Inapplicable ; Inapplicable ; Inapplicable ; Pass      ; Inapplicable ; Inapplicable ;
; wEn                ; Inapplicable ; Inapplicable ; Inapplicable ; Inapplicable ; Inapplicable ; Pass      ; Inapplicable ; Inapplicable ; Pass      ; Pass      ; Inapplicable ; Pass         ; Inapplicable ; Inapplicable ; Inapplicable ; Inapplicable ; Pass         ; Inapplicable ; Inapplicable ; Inapplicable ; Inapplicable ; Pass         ; Inapplicable ; Inapplicable ; Inapplicable ; Inapplicable ; Inapplicable ; Pass      ; Inapplicable ; Inapplicable ;
; memDataOut[0]      ; Inapplicable ; Inapplicable ; Inapplicable ; Inapplicable ; Inapplicable ; Pass      ; Inapplicable ; Inapplicable ; Pass      ; Pass      ; Inapplicable ; Pass         ; Inapplicable ; Inapplicable ; Inapplicable ; Inapplicable ; Pass         ; Inapplicable ; Inapplicable ; Inapplicable ; Inapplicable ; Pass         ; Inapplicable ; Inapplicable ; Inapplicable ; Inapplicable ; Inapplicable ; Pass      ; Inapplicable ; Inapplicable ;
; memDataOut[1]      ; Inapplicable ; Inapplicable ; Inapplicable ; Inapplicable ; Inapplicable ; Pass      ; Inapplicable ; Inapplicable ; Pass      ; Pass      ; Inapplicable ; Pass         ; Inapplicable ; Inapplicable ; Inapplicable ; Inapplicable ; Pass         ; Inapplicable ; Inapplicable ; Inapplicable ; Inapplicable ; Pass         ; Inapplicable ; Inapplicable ; Inapplicable ; Inapplicable ; Inapplicable ; Pass      ; Inapplicable ; Inapplicable ;
; memDataOut[2]      ; Inapplicable ; Inapplicable ; Inapplicable ; Inapplicable ; Inapplicable ; Pass      ; Inapplicable ; Inapplicable ; Pass      ; Pass      ; Inapplicable ; Pass         ; Inapplicable ; Inapplicable ; Inapplicable ; Inapplicable ; Pass         ; Inapplicable ; Inapplicable ; Inapplicable ; Inapplicable ; Pass         ; Inapplicable ; Inapplicable ; Inapplicable ; Inapplicable ; Inapplicable ; Pass      ; Inapplicable ; Inapplicable ;
; memDataOut[3]      ; Inapplicable ; Inapplicable ; Inapplicable ; Inapplicable ; Inapplicable ; Pass      ; Inapplicable ; Inapplicable ; Pass      ; Pass      ; Inapplicable ; Pass         ; Inapplicable ; Inapplicable ; Inapplicable ; Inapplicable ; Pass         ; Inapplicable ; Inapplicable ; Inapplicable ; Inapplicable ; Pass         ; Inapplicable ; Inapplicable ; Inapplicable ; Inapplicable ; Inapplicable ; Pass      ; Inapplicable ; Inapplicable ;
; memDataOut[4]      ; Inapplicable ; Inapplicable ; Inapplicable ; Inapplicable ; Inapplicable ; Pass      ; Inapplicable ; Inapplicable ; Pass      ; Pass      ; Inapplicable ; Pass         ; Inapplicable ; Inapplicable ; Inapplicable ; Inapplicable ; Pass         ; Inapplicable ; Inapplicable ; Inapplicable ; Inapplicable ; Pass         ; Inapplicable ; Inapplicable ; Inapplicable ; Inapplicable ; Inapplicable ; Pass      ; Inapplicable ; Inapplicable ;
; memDataOut[5]      ; Inapplicable ; Inapplicable ; Inapplicable ; Inapplicable ; Inapplicable ; Pass      ; Inapplicable ; Inapplicable ; Pass      ; Pass      ; Inapplicable ; Pass         ; Inapplicable ; Inapplicable ; Inapplicable ; Inapplicable ; Pass         ; Inapplicable ; Inapplicable ; Inapplicable ; Inapplicable ; Pass         ; Inapplicable ; Inapplicable ; Inapplicable ; Inapplicable ; Inapplicable ; Pass      ; Inapplicable ; Inapplicable ;
; memDataOut[6]      ; Inapplicable ; Inapplicable ; Inapplicable ; Inapplicable ; Inapplicable ; Pass      ; Inapplicable ; Inapplicable ; Pass      ; Pass      ; Inapplicable ; Pass         ; Inapplicable ; Inapplicable ; Inapplicable ; Inapplicable ; Pass         ; Inapplicable ; Inapplicable ; Inapplicable ; Inapplicable ; Pass         ; Inapplicable ; Inapplicable ; Inapplicable ; Inapplicable ; Inapplicable ; Pass      ; Inapplicable ; Inapplicable ;
; memDataOut[7]      ; Inapplicable ; Inapplicable ; Inapplicable ; Inapplicable ; Inapplicable ; Pass      ; Inapplicable ; Inapplicable ; Pass      ; Pass      ; Inapplicable ; Pass         ; Inapplicable ; Inapplicable ; Inapplicable ; Inapplicable ; Pass         ; Inapplicable ; Inapplicable ; Inapplicable ; Inapplicable ; Pass         ; Inapplicable ; Inapplicable ; Inapplicable ; Inapplicable ; Inapplicable ; Pass      ; Inapplicable ; Inapplicable ;
; memDataOut[8]      ; Inapplicable ; Inapplicable ; Inapplicable ; Inapplicable ; Inapplicable ; Pass      ; Inapplicable ; Inapplicable ; Pass      ; Pass      ; Inapplicable ; Pass         ; Inapplicable ; Inapplicable ; Inapplicable ; Inapplicable ; Pass         ; Inapplicable ; Inapplicable ; Inapplicable ; Inapplicable ; Pass         ; Inapplicable ; Inapplicable ; Inapplicable ; Inapplicable ; Inapplicable ; Pass      ; Inapplicable ; Inapplicable ;
; memDataOut[9]      ; Inapplicable ; Inapplicable ; Inapplicable ; Inapplicable ; Inapplicable ; Pass      ; Inapplicable ; Inapplicable ; Pass      ; Pass      ; Inapplicable ; Pass         ; Inapplicable ; Inapplicable ; Inapplicable ; Inapplicable ; Pass         ; Inapplicable ; Inapplicable ; Inapplicable ; Inapplicable ; Pass         ; Inapplicable ; Inapplicable ; Inapplicable ; Inapplicable ; Inapplicable ; Pass      ; Inapplicable ; Inapplicable ;
; memDataOut[10]     ; Inapplicable ; Inapplicable ; Inapplicable ; Inapplicable ; Inapplicable ; Pass      ; Inapplicable ; Inapplicable ; Pass      ; Pass      ; Inapplicable ; Pass         ; Inapplicable ; Inapplicable ; Inapplicable ; Inapplicable ; Pass         ; Inapplicable ; Inapplicable ; Inapplicable ; Inapplicable ; Pass         ; Inapplicable ; Inapplicable ; Inapplicable ; Inapplicable ; Inapplicable ; Pass      ; Inapplicable ; Inapplicable ;
; memDataOut[11]     ; Inapplicable ; Inapplicable ; Inapplicable ; Inapplicable ; Inapplicable ; Pass      ; Inapplicable ; Inapplicable ; Pass      ; Pass      ; Inapplicable ; Pass         ; Inapplicable ; Inapplicable ; Inapplicable ; Inapplicable ; Pass         ; Inapplicable ; Inapplicable ; Inapplicable ; Inapplicable ; Pass         ; Inapplicable ; Inapplicable ; Inapplicable ; Inapplicable ; Inapplicable ; Pass      ; Inapplicable ; Inapplicable ;
; memDataOut[12]     ; Inapplicable ; Inapplicable ; Inapplicable ; Inapplicable ; Inapplicable ; Pass      ; Inapplicable ; Inapplicable ; Pass      ; Pass      ; Inapplicable ; Pass         ; Inapplicable ; Inapplicable ; Inapplicable ; Inapplicable ; Pass         ; Inapplicable ; Inapplicable ; Inapplicable ; Inapplicable ; Pass         ; Inapplicable ; Inapplicable ; Inapplicable ; Inapplicable ; Inapplicable ; Pass      ; Inapplicable ; Inapplicable ;
; memDataOut[13]     ; Inapplicable ; Inapplicable ; Inapplicable ; Inapplicable ; Inapplicable ; Pass      ; Inapplicable ; Inapplicable ; Pass      ; Pass      ; Inapplicable ; Pass         ; Inapplicable ; Inapplicable ; Inapplicable ; Inapplicable ; Pass         ; Inapplicable ; Inapplicable ; Inapplicable ; Inapplicable ; Pass         ; Inapplicable ; Inapplicable ; Inapplicable ; Inapplicable ; Inapplicable ; Pass      ; Inapplicable ; Inapplicable ;
; memDataOut[14]     ; Inapplicable ; Inapplicable ; Inapplicable ; Inapplicable ; Inapplicable ; Pass      ; Inapplicable ; Inapplicable ; Pass      ; Pass      ; Inapplicable ; Pass         ; Inapplicable ; Inapplicable ; Inapplicable ; Inapplicable ; Pass         ; Inapplicable ; Inapplicable ; Inapplicable ; Inapplicable ; Pass         ; Inapplicable ; Inapplicable ; Inapplicable ; Inapplicable ; Inapplicable ; Pass      ; Inapplicable ; Inapplicable ;
; memDataOut[15]     ; Inapplicable ; Inapplicable ; Inapplicable ; Inapplicable ; Inapplicable ; Pass      ; Inapplicable ; Inapplicable ; Pass      ; Pass      ; Inapplicable ; Pass         ; Inapplicable ; Inapplicable ; Inapplicable ; Inapplicable ; Pass         ; Inapplicable ; Inapplicable ; Inapplicable ; Inapplicable ; Pass         ; Inapplicable ; Inapplicable ; Inapplicable ; Inapplicable ; Inapplicable ; Pass      ; Inapplicable ; Inapplicable ;
; memDataOut[16]     ; Inapplicable ; Inapplicable ; Inapplicable ; Inapplicable ; Inapplicable ; Pass      ; Inapplicable ; Inapplicable ; Pass      ; Pass      ; Inapplicable ; Pass         ; Inapplicable ; Inapplicable ; Inapplicable ; Inapplicable ; Pass         ; Inapplicable ; Inapplicable ; Inapplicable ; Inapplicable ; Pass         ; Inapplicable ; Inapplicable ; Inapplicable ; Inapplicable ; Inapplicable ; Pass      ; Inapplicable ; Inapplicable ;
; memDataOut[17]     ; Inapplicable ; Inapplicable ; Inapplicable ; Inapplicable ; Inapplicable ; Pass      ; Inapplicable ; Inapplicable ; Pass      ; Pass      ; Inapplicable ; Pass         ; Inapplicable ; Inapplicable ; Inapplicable ; Inapplicable ; Pass         ; Inapplicable ; Inapplicable ; Inapplicable ; Inapplicable ; Pass         ; Inapplicable ; Inapplicable ; Inapplicable ; Inapplicable ; Inapplicable ; Pass      ; Inapplicable ; Inapplicable ;
; memDataOut[18]     ; Inapplicable ; Inapplicable ; Inapplicable ; Inapplicable ; Inapplicable ; Pass      ; Inapplicable ; Inapplicable ; Pass      ; Pass      ; Inapplicable ; Pass         ; Inapplicable ; Inapplicable ; Inapplicable ; Inapplicable ; Pass         ; Inapplicable ; Inapplicable ; Inapplicable ; Inapplicable ; Pass         ; Inapplicable ; Inapplicable ; Inapplicable ; Inapplicable ; Inapplicable ; Pass      ; Inapplicable ; Inapplicable ;
; memDataOut[19]     ; Inapplicable ; Inapplicable ; Inapplicable ; Inapplicable ; Inapplicable ; Pass      ; Inapplicable ; Inapplicable ; Pass      ; Pass      ; Inapplicable ; Pass         ; Inapplicable ; Inapplicable ; Inapplicable ; Inapplicable ; Pass         ; Inapplicable ; Inapplicable ; Inapplicable ; Inapplicable ; Pass         ; Inapplicable ; Inapplicable ; Inapplicable ; Inapplicable ; Inapplicable ; Pass      ; Inapplicable ; Inapplicable ;
; memDataOut[20]     ; Inapplicable ; Inapplicable ; Inapplicable ; Inapplicable ; Inapplicable ; Pass      ; Inapplicable ; Inapplicable ; Pass      ; Pass      ; Inapplicable ; Pass         ; Inapplicable ; Inapplicable ; Inapplicable ; Inapplicable ; Pass         ; Inapplicable ; Inapplicable ; Inapplicable ; Inapplicable ; Pass         ; Inapplicable ; Inapplicable ; Inapplicable ; Inapplicable ; Inapplicable ; Pass      ; Inapplicable ; Inapplicable ;
; memDataOut[21]     ; Inapplicable ; Inapplicable ; Inapplicable ; Inapplicable ; Inapplicable ; Pass      ; Inapplicable ; Inapplicable ; Pass      ; Pass      ; Inapplicable ; Pass         ; Inapplicable ; Inapplicable ; Inapplicable ; Inapplicable ; Pass         ; Inapplicable ; Inapplicable ; Inapplicable ; Inapplicable ; Pass         ; Inapplicable ; Inapplicable ; Inapplicable ; Inapplicable ; Inapplicable ; Pass      ; Inapplicable ; Inapplicable ;
; memDataOut[22]     ; Inapplicable ; Inapplicable ; Inapplicable ; Inapplicable ; Inapplicable ; Pass      ; Inapplicable ; Inapplicable ; Pass      ; Pass      ; Inapplicable ; Pass         ; Inapplicable ; Inapplicable ; Inapplicable ; Inapplicable ; Pass         ; Inapplicable ; Inapplicable ; Inapplicable ; Inapplicable ; Pass         ; Inapplicable ; Inapplicable ; Inapplicable ; Inapplicable ; Inapplicable ; Pass      ; Inapplicable ; Inapplicable ;
; memDataOut[23]     ; Inapplicable ; Inapplicable ; Inapplicable ; Inapplicable ; Inapplicable ; Pass      ; Inapplicable ; Inapplicable ; Pass      ; Pass      ; Inapplicable ; Pass         ; Inapplicable ; Inapplicable ; Inapplicable ; Inapplicable ; Pass         ; Inapplicable ; Inapplicable ; Inapplicable ; Inapplicable ; Pass         ; Inapplicable ; Inapplicable ; Inapplicable ; Inapplicable ; Inapplicable ; Pass      ; Inapplicable ; Inapplicable ;
; memDataOut[24]     ; Inapplicable ; Inapplicable ; Inapplicable ; Inapplicable ; Inapplicable ; Pass      ; Inapplicable ; Inapplicable ; Pass      ; Pass      ; Inapplicable ; Pass         ; Inapplicable ; Inapplicable ; Inapplicable ; Inapplicable ; Pass         ; Inapplicable ; Inapplicable ; Inapplicable ; Inapplicable ; Pass         ; Inapplicable ; Inapplicable ; Inapplicable ; Inapplicable ; Inapplicable ; Pass      ; Inapplicable ; Inapplicable ;
; memDataOut[25]     ; Inapplicable ; Inapplicable ; Inapplicable ; Inapplicable ; Inapplicable ; Pass      ; Inapplicable ; Inapplicable ; Pass      ; Pass      ; Inapplicable ; Pass         ; Inapplicable ; Inapplicable ; Inapplicable ; Inapplicable ; Pass         ; Inapplicable ; Inapplicable ; Inapplicable ; Inapplicable ; Pass         ; Inapplicable ; Inapplicable ; Inapplicable ; Inapplicable ; Inapplicable ; Pass      ; Inapplicable ; Inapplicable ;
; memDataOut[26]     ; Inapplicable ; Inapplicable ; Inapplicable ; Inapplicable ; Inapplicable ; Pass      ; Inapplicable ; Inapplicable ; Pass      ; Pass      ; Inapplicable ; Pass         ; Inapplicable ; Inapplicable ; Inapplicable ; Inapplicable ; Pass         ; Inapplicable ; Inapplicable ; Inapplicable ; Inapplicable ; Pass         ; Inapplicable ; Inapplicable ; Inapplicable ; Inapplicable ; Inapplicable ; Pass      ; Inapplicable ; Inapplicable ;
; memDataOut[27]     ; Inapplicable ; Inapplicable ; Inapplicable ; Inapplicable ; Inapplicable ; Pass      ; Inapplicable ; Inapplicable ; Pass      ; Pass      ; Inapplicable ; Pass         ; Inapplicable ; Inapplicable ; Inapplicable ; Inapplicable ; Pass         ; Inapplicable ; Inapplicable ; Inapplicable ; Inapplicable ; Pass         ; Inapplicable ; Inapplicable ; Inapplicable ; Inapplicable ; Inapplicable ; Pass      ; Inapplicable ; Inapplicable ;
; memDataOut[28]     ; Inapplicable ; Inapplicable ; Inapplicable ; Inapplicable ; Inapplicable ; Pass      ; Inapplicable ; Inapplicable ; Pass      ; Pass      ; Inapplicable ; Pass         ; Inapplicable ; Inapplicable ; Inapplicable ; Inapplicable ; Pass         ; Inapplicable ; Inapplicable ; Inapplicable ; Inapplicable ; Pass         ; Inapplicable ; Inapplicable ; Inapplicable ; Inapplicable ; Inapplicable ; Pass      ; Inapplicable ; Inapplicable ;
; memDataOut[29]     ; Inapplicable ; Inapplicable ; Inapplicable ; Inapplicable ; Inapplicable ; Pass      ; Inapplicable ; Inapplicable ; Pass      ; Pass      ; Inapplicable ; Pass         ; Inapplicable ; Inapplicable ; Inapplicable ; Inapplicable ; Pass         ; Inapplicable ; Inapplicable ; Inapplicable ; Inapplicable ; Pass         ; Inapplicable ; Inapplicable ; Inapplicable ; Inapplicable ; Inapplicable ; Pass      ; Inapplicable ; Inapplicable ;
; memDataOut[30]     ; Inapplicable ; Inapplicable ; Inapplicable ; Inapplicable ; Inapplicable ; Pass      ; Inapplicable ; Inapplicable ; Pass      ; Pass      ; Inapplicable ; Pass         ; Inapplicable ; Inapplicable ; Inapplicable ; Inapplicable ; Pass         ; Inapplicable ; Inapplicable ; Inapplicable ; Inapplicable ; Pass         ; Inapplicable ; Inapplicable ; Inapplicable ; Inapplicable ; Inapplicable ; Pass      ; Inapplicable ; Inapplicable ;
; memDataOut[31]     ; Inapplicable ; Inapplicable ; Inapplicable ; Inapplicable ; Inapplicable ; Pass      ; Inapplicable ; Inapplicable ; Pass      ; Pass      ; Inapplicable ; Pass         ; Inapplicable ; Inapplicable ; Inapplicable ; Inapplicable ; Pass         ; Inapplicable ; Inapplicable ; Inapplicable ; Inapplicable ; Pass         ; Inapplicable ; Inapplicable ; Inapplicable ; Inapplicable ; Inapplicable ; Pass      ; Inapplicable ; Inapplicable ;
; memDataIn[0]       ; Inapplicable ; Inapplicable ; Inapplicable ; Inapplicable ; Inapplicable ; Pass      ; Inapplicable ; Inapplicable ; Pass      ; Pass      ; Inapplicable ; Pass         ; Inapplicable ; Inapplicable ; Inapplicable ; Inapplicable ; Pass         ; Inapplicable ; Inapplicable ; Inapplicable ; Inapplicable ; Pass         ; Inapplicable ; Inapplicable ; Inapplicable ; Inapplicable ; Inapplicable ; Pass      ; Inapplicable ; Inapplicable ;
; memDataIn[1]       ; Inapplicable ; Inapplicable ; Inapplicable ; Inapplicable ; Inapplicable ; Pass      ; Inapplicable ; Inapplicable ; Pass      ; Pass      ; Inapplicable ; Pass         ; Inapplicable ; Inapplicable ; Inapplicable ; Inapplicable ; Pass         ; Inapplicable ; Inapplicable ; Inapplicable ; Inapplicable ; Pass         ; Inapplicable ; Inapplicable ; Inapplicable ; Inapplicable ; Inapplicable ; Pass      ; Inapplicable ; Inapplicable ;
; memDataIn[2]       ; Inapplicable ; Inapplicable ; Inapplicable ; Inapplicable ; Inapplicable ; Pass      ; Inapplicable ; Inapplicable ; Pass      ; Pass      ; Inapplicable ; Pass         ; Inapplicable ; Inapplicable ; Inapplicable ; Inapplicable ; Pass         ; Inapplicable ; Inapplicable ; Inapplicable ; Inapplicable ; Pass         ; Inapplicable ; Inapplicable ; Inapplicable ; Inapplicable ; Inapplicable ; Pass      ; Inapplicable ; Inapplicable ;
; memDataIn[3]       ; Inapplicable ; Inapplicable ; Inapplicable ; Inapplicable ; Inapplicable ; Pass      ; Inapplicable ; Inapplicable ; Pass      ; Pass      ; Inapplicable ; Pass         ; Inapplicable ; Inapplicable ; Inapplicable ; Inapplicable ; Pass         ; Inapplicable ; Inapplicable ; Inapplicable ; Inapplicable ; Pass         ; Inapplicable ; Inapplicable ; Inapplicable ; Inapplicable ; Inapplicable ; Pass      ; Inapplicable ; Inapplicable ;
; memDataIn[4]       ; Inapplicable ; Inapplicable ; Inapplicable ; Inapplicable ; Inapplicable ; Pass      ; Inapplicable ; Inapplicable ; Pass      ; Pass      ; Inapplicable ; Pass         ; Inapplicable ; Inapplicable ; Inapplicable ; Inapplicable ; Pass         ; Inapplicable ; Inapplicable ; Inapplicable ; Inapplicable ; Pass         ; Inapplicable ; Inapplicable ; Inapplicable ; Inapplicable ; Inapplicable ; Pass      ; Inapplicable ; Inapplicable ;
; memDataIn[5]       ; Inapplicable ; Inapplicable ; Inapplicable ; Inapplicable ; Inapplicable ; Pass      ; Inapplicable ; Inapplicable ; Pass      ; Pass      ; Inapplicable ; Pass         ; Inapplicable ; Inapplicable ; Inapplicable ; Inapplicable ; Pass         ; Inapplicable ; Inapplicable ; Inapplicable ; Inapplicable ; Pass         ; Inapplicable ; Inapplicable ; Inapplicable ; Inapplicable ; Inapplicable ; Pass      ; Inapplicable ; Inapplicable ;
; memDataIn[6]       ; Inapplicable ; Inapplicable ; Inapplicable ; Inapplicable ; Inapplicable ; Pass      ; Inapplicable ; Inapplicable ; Pass      ; Pass      ; Inapplicable ; Pass         ; Inapplicable ; Inapplicable ; Inapplicable ; Inapplicable ; Pass         ; Inapplicable ; Inapplicable ; Inapplicable ; Inapplicable ; Pass         ; Inapplicable ; Inapplicable ; Inapplicable ; Inapplicable ; Inapplicable ; Pass      ; Inapplicable ; Inapplicable ;
; memDataIn[7]       ; Inapplicable ; Inapplicable ; Inapplicable ; Inapplicable ; Inapplicable ; Pass      ; Inapplicable ; Inapplicable ; Pass      ; Pass      ; Inapplicable ; Pass         ; Inapplicable ; Inapplicable ; Inapplicable ; Inapplicable ; Pass         ; Inapplicable ; Inapplicable ; Inapplicable ; Inapplicable ; Pass         ; Inapplicable ; Inapplicable ; Inapplicable ; Inapplicable ; Inapplicable ; Pass      ; Inapplicable ; Inapplicable ;
; memDataIn[8]       ; Inapplicable ; Inapplicable ; Inapplicable ; Inapplicable ; Inapplicable ; Pass      ; Inapplicable ; Inapplicable ; Pass      ; Pass      ; Inapplicable ; Pass         ; Inapplicable ; Inapplicable ; Inapplicable ; Inapplicable ; Pass         ; Inapplicable ; Inapplicable ; Inapplicable ; Inapplicable ; Pass         ; Inapplicable ; Inapplicable ; Inapplicable ; Inapplicable ; Inapplicable ; Pass      ; Inapplicable ; Inapplicable ;
; memDataIn[9]       ; Inapplicable ; Inapplicable ; Inapplicable ; Inapplicable ; Inapplicable ; Pass      ; Inapplicable ; Inapplicable ; Pass      ; Pass      ; Inapplicable ; Pass         ; Inapplicable ; Inapplicable ; Inapplicable ; Inapplicable ; Pass         ; Inapplicable ; Inapplicable ; Inapplicable ; Inapplicable ; Pass         ; Inapplicable ; Inapplicable ; Inapplicable ; Inapplicable ; Inapplicable ; Pass      ; Inapplicable ; Inapplicable ;
; memDataIn[10]      ; Inapplicable ; Inapplicable ; Inapplicable ; Inapplicable ; Inapplicable ; Pass      ; Inapplicable ; Inapplicable ; Pass      ; Pass      ; Inapplicable ; Pass         ; Inapplicable ; Inapplicable ; Inapplicable ; Inapplicable ; Pass         ; Inapplicable ; Inapplicable ; Inapplicable ; Inapplicable ; Pass         ; Inapplicable ; Inapplicable ; Inapplicable ; Inapplicable ; Inapplicable ; Pass      ; Inapplicable ; Inapplicable ;
; memDataIn[11]      ; Inapplicable ; Inapplicable ; Inapplicable ; Inapplicable ; Inapplicable ; Pass      ; Inapplicable ; Inapplicable ; Pass      ; Pass      ; Inapplicable ; Pass         ; Inapplicable ; Inapplicable ; Inapplicable ; Inapplicable ; Pass         ; Inapplicable ; Inapplicable ; Inapplicable ; Inapplicable ; Pass         ; Inapplicable ; Inapplicable ; Inapplicable ; Inapplicable ; Inapplicable ; Pass      ; Inapplicable ; Inapplicable ;
; memDataIn[12]      ; Inapplicable ; Inapplicable ; Inapplicable ; Inapplicable ; Inapplicable ; Pass      ; Inapplicable ; Inapplicable ; Pass      ; Pass      ; Inapplicable ; Pass         ; Inapplicable ; Inapplicable ; Inapplicable ; Inapplicable ; Pass         ; Inapplicable ; Inapplicable ; Inapplicable ; Inapplicable ; Pass         ; Inapplicable ; Inapplicable ; Inapplicable ; Inapplicable ; Inapplicable ; Pass      ; Inapplicable ; Inapplicable ;
; memDataIn[13]      ; Inapplicable ; Inapplicable ; Inapplicable ; Inapplicable ; Inapplicable ; Pass      ; Inapplicable ; Inapplicable ; Pass      ; Pass      ; Inapplicable ; Pass         ; Inapplicable ; Inapplicable ; Inapplicable ; Inapplicable ; Pass         ; Inapplicable ; Inapplicable ; Inapplicable ; Inapplicable ; Pass         ; Inapplicable ; Inapplicable ; Inapplicable ; Inapplicable ; Inapplicable ; Pass      ; Inapplicable ; Inapplicable ;
; memDataIn[14]      ; Inapplicable ; Inapplicable ; Inapplicable ; Inapplicable ; Inapplicable ; Pass      ; Inapplicable ; Inapplicable ; Pass      ; Pass      ; Inapplicable ; Pass         ; Inapplicable ; Inapplicable ; Inapplicable ; Inapplicable ; Pass         ; Inapplicable ; Inapplicable ; Inapplicable ; Inapplicable ; Pass         ; Inapplicable ; Inapplicable ; Inapplicable ; Inapplicable ; Inapplicable ; Pass      ; Inapplicable ; Inapplicable ;
; memDataIn[15]      ; Inapplicable ; Inapplicable ; Inapplicable ; Inapplicable ; Inapplicable ; Pass      ; Inapplicable ; Inapplicable ; Pass      ; Pass      ; Inapplicable ; Pass         ; Inapplicable ; Inapplicable ; Inapplicable ; Inapplicable ; Pass         ; Inapplicable ; Inapplicable ; Inapplicable ; Inapplicable ; Pass         ; Inapplicable ; Inapplicable ; Inapplicable ; Inapplicable ; Inapplicable ; Pass      ; Inapplicable ; Inapplicable ;
; memDataIn[16]      ; Inapplicable ; Inapplicable ; Inapplicable ; Inapplicable ; Inapplicable ; Pass      ; Inapplicable ; Inapplicable ; Pass      ; Pass      ; Inapplicable ; Pass         ; Inapplicable ; Inapplicable ; Inapplicable ; Inapplicable ; Pass         ; Inapplicable ; Inapplicable ; Inapplicable ; Inapplicable ; Pass         ; Inapplicable ; Inapplicable ; Inapplicable ; Inapplicable ; Inapplicable ; Pass      ; Inapplicable ; Inapplicable ;
; memDataIn[17]      ; Inapplicable ; Inapplicable ; Inapplicable ; Inapplicable ; Inapplicable ; Pass      ; Inapplicable ; Inapplicable ; Pass      ; Pass      ; Inapplicable ; Pass         ; Inapplicable ; Inapplicable ; Inapplicable ; Inapplicable ; Pass         ; Inapplicable ; Inapplicable ; Inapplicable ; Inapplicable ; Pass         ; Inapplicable ; Inapplicable ; Inapplicable ; Inapplicable ; Inapplicable ; Pass      ; Inapplicable ; Inapplicable ;
; memDataIn[18]      ; Inapplicable ; Inapplicable ; Inapplicable ; Inapplicable ; Inapplicable ; Pass      ; Inapplicable ; Inapplicable ; Pass      ; Pass      ; Inapplicable ; Pass         ; Inapplicable ; Inapplicable ; Inapplicable ; Inapplicable ; Pass         ; Inapplicable ; Inapplicable ; Inapplicable ; Inapplicable ; Pass         ; Inapplicable ; Inapplicable ; Inapplicable ; Inapplicable ; Inapplicable ; Pass      ; Inapplicable ; Inapplicable ;
; memDataIn[19]      ; Inapplicable ; Inapplicable ; Inapplicable ; Inapplicable ; Inapplicable ; Pass      ; Inapplicable ; Inapplicable ; Pass      ; Pass      ; Inapplicable ; Pass         ; Inapplicable ; Inapplicable ; Inapplicable ; Inapplicable ; Pass         ; Inapplicable ; Inapplicable ; Inapplicable ; Inapplicable ; Pass         ; Inapplicable ; Inapplicable ; Inapplicable ; Inapplicable ; Inapplicable ; Pass      ; Inapplicable ; Inapplicable ;
; memDataIn[20]      ; Inapplicable ; Inapplicable ; Inapplicable ; Inapplicable ; Inapplicable ; Pass      ; Inapplicable ; Inapplicable ; Pass      ; Pass      ; Inapplicable ; Pass         ; Inapplicable ; Inapplicable ; Inapplicable ; Inapplicable ; Pass         ; Inapplicable ; Inapplicable ; Inapplicable ; Inapplicable ; Pass         ; Inapplicable ; Inapplicable ; Inapplicable ; Inapplicable ; Inapplicable ; Pass      ; Inapplicable ; Inapplicable ;
; memDataIn[21]      ; Inapplicable ; Inapplicable ; Inapplicable ; Inapplicable ; Inapplicable ; Pass      ; Inapplicable ; Inapplicable ; Pass      ; Pass      ; Inapplicable ; Pass         ; Inapplicable ; Inapplicable ; Inapplicable ; Inapplicable ; Pass         ; Inapplicable ; Inapplicable ; Inapplicable ; Inapplicable ; Pass         ; Inapplicable ; Inapplicable ; Inapplicable ; Inapplicable ; Inapplicable ; Pass      ; Inapplicable ; Inapplicable ;
; memDataIn[22]      ; Inapplicable ; Inapplicable ; Inapplicable ; Inapplicable ; Inapplicable ; Pass      ; Inapplicable ; Inapplicable ; Pass      ; Pass      ; Inapplicable ; Pass         ; Inapplicable ; Inapplicable ; Inapplicable ; Inapplicable ; Pass         ; Inapplicable ; Inapplicable ; Inapplicable ; Inapplicable ; Pass         ; Inapplicable ; Inapplicable ; Inapplicable ; Inapplicable ; Inapplicable ; Pass      ; Inapplicable ; Inapplicable ;
; memDataIn[23]      ; Inapplicable ; Inapplicable ; Inapplicable ; Inapplicable ; Inapplicable ; Pass      ; Inapplicable ; Inapplicable ; Pass      ; Pass      ; Inapplicable ; Pass         ; Inapplicable ; Inapplicable ; Inapplicable ; Inapplicable ; Pass         ; Inapplicable ; Inapplicable ; Inapplicable ; Inapplicable ; Pass         ; Inapplicable ; Inapplicable ; Inapplicable ; Inapplicable ; Inapplicable ; Pass      ; Inapplicable ; Inapplicable ;
; memDataIn[24]      ; Inapplicable ; Inapplicable ; Inapplicable ; Inapplicable ; Inapplicable ; Pass      ; Inapplicable ; Inapplicable ; Pass      ; Pass      ; Inapplicable ; Pass         ; Inapplicable ; Inapplicable ; Inapplicable ; Inapplicable ; Pass         ; Inapplicable ; Inapplicable ; Inapplicable ; Inapplicable ; Pass         ; Inapplicable ; Inapplicable ; Inapplicable ; Inapplicable ; Inapplicable ; Pass      ; Inapplicable ; Inapplicable ;
; memDataIn[25]      ; Inapplicable ; Inapplicable ; Inapplicable ; Inapplicable ; Inapplicable ; Pass      ; Inapplicable ; Inapplicable ; Pass      ; Pass      ; Inapplicable ; Pass         ; Inapplicable ; Inapplicable ; Inapplicable ; Inapplicable ; Pass         ; Inapplicable ; Inapplicable ; Inapplicable ; Inapplicable ; Pass         ; Inapplicable ; Inapplicable ; Inapplicable ; Inapplicable ; Inapplicable ; Pass      ; Inapplicable ; Inapplicable ;
; memDataIn[26]      ; Inapplicable ; Inapplicable ; Inapplicable ; Inapplicable ; Inapplicable ; Pass      ; Inapplicable ; Inapplicable ; Pass      ; Pass      ; Inapplicable ; Pass         ; Inapplicable ; Inapplicable ; Inapplicable ; Inapplicable ; Pass         ; Inapplicable ; Inapplicable ; Inapplicable ; Inapplicable ; Pass         ; Inapplicable ; Inapplicable ; Inapplicable ; Inapplicable ; Inapplicable ; Pass      ; Inapplicable ; Inapplicable ;
; memDataIn[27]      ; Inapplicable ; Inapplicable ; Inapplicable ; Inapplicable ; Inapplicable ; Pass      ; Inapplicable ; Inapplicable ; Pass      ; Pass      ; Inapplicable ; Pass         ; Inapplicable ; Inapplicable ; Inapplicable ; Inapplicable ; Pass         ; Inapplicable ; Inapplicable ; Inapplicable ; Inapplicable ; Pass         ; Inapplicable ; Inapplicable ; Inapplicable ; Inapplicable ; Inapplicable ; Pass      ; Inapplicable ; Inapplicable ;
; memDataIn[28]      ; Inapplicable ; Inapplicable ; Inapplicable ; Inapplicable ; Inapplicable ; Pass      ; Inapplicable ; Inapplicable ; Pass      ; Pass      ; Inapplicable ; Pass         ; Inapplicable ; Inapplicable ; Inapplicable ; Inapplicable ; Pass         ; Inapplicable ; Inapplicable ; Inapplicable ; Inapplicable ; Pass         ; Inapplicable ; Inapplicable ; Inapplicable ; Inapplicable ; Inapplicable ; Pass      ; Inapplicable ; Inapplicable ;
; memDataIn[29]      ; Inapplicable ; Inapplicable ; Inapplicable ; Inapplicable ; Inapplicable ; Pass      ; Inapplicable ; Inapplicable ; Pass      ; Pass      ; Inapplicable ; Pass         ; Inapplicable ; Inapplicable ; Inapplicable ; Inapplicable ; Pass         ; Inapplicable ; Inapplicable ; Inapplicable ; Inapplicable ; Pass         ; Inapplicable ; Inapplicable ; Inapplicable ; Inapplicable ; Inapplicable ; Pass      ; Inapplicable ; Inapplicable ;
; memDataIn[30]      ; Inapplicable ; Inapplicable ; Inapplicable ; Inapplicable ; Inapplicable ; Pass      ; Inapplicable ; Inapplicable ; Pass      ; Pass      ; Inapplicable ; Pass         ; Inapplicable ; Inapplicable ; Inapplicable ; Inapplicable ; Pass         ; Inapplicable ; Inapplicable ; Inapplicable ; Inapplicable ; Pass         ; Inapplicable ; Inapplicable ; Inapplicable ; Inapplicable ; Inapplicable ; Pass      ; Inapplicable ; Inapplicable ;
; memDataIn[31]      ; Inapplicable ; Inapplicable ; Inapplicable ; Inapplicable ; Inapplicable ; Pass      ; Inapplicable ; Inapplicable ; Pass      ; Pass      ; Inapplicable ; Pass         ; Inapplicable ; Inapplicable ; Inapplicable ; Inapplicable ; Pass         ; Inapplicable ; Inapplicable ; Inapplicable ; Inapplicable ; Pass         ; Inapplicable ; Inapplicable ; Inapplicable ; Inapplicable ; Inapplicable ; Pass      ; Inapplicable ; Inapplicable ;
; T_Info[0]          ; Inapplicable ; Inapplicable ; Inapplicable ; Inapplicable ; Inapplicable ; Pass      ; Inapplicable ; Inapplicable ; Pass      ; Pass      ; Inapplicable ; Pass         ; Inapplicable ; Inapplicable ; Inapplicable ; Inapplicable ; Pass         ; Inapplicable ; Inapplicable ; Inapplicable ; Inapplicable ; Pass         ; Inapplicable ; Inapplicable ; Inapplicable ; Inapplicable ; Inapplicable ; Pass      ; Inapplicable ; Inapplicable ;
; T_Info[1]          ; Inapplicable ; Inapplicable ; Inapplicable ; Inapplicable ; Inapplicable ; Pass      ; Inapplicable ; Inapplicable ; Pass      ; Pass      ; Inapplicable ; Pass         ; Inapplicable ; Inapplicable ; Inapplicable ; Inapplicable ; Pass         ; Inapplicable ; Inapplicable ; Inapplicable ; Inapplicable ; Pass         ; Inapplicable ; Inapplicable ; Inapplicable ; Inapplicable ; Inapplicable ; Pass      ; Inapplicable ; Inapplicable ;
; T_Info[2]          ; Inapplicable ; Inapplicable ; Inapplicable ; Inapplicable ; Inapplicable ; Pass      ; Inapplicable ; Inapplicable ; Pass      ; Pass      ; Inapplicable ; Pass         ; Inapplicable ; Inapplicable ; Inapplicable ; Inapplicable ; Pass         ; Inapplicable ; Inapplicable ; Inapplicable ; Inapplicable ; Pass         ; Inapplicable ; Inapplicable ; Inapplicable ; Inapplicable ; Inapplicable ; Pass      ; Inapplicable ; Inapplicable ;
; wen_mem            ; Inapplicable ; Inapplicable ; Inapplicable ; Inapplicable ; Inapplicable ; Pass      ; Inapplicable ; Inapplicable ; Pass      ; Pass      ; Inapplicable ; Pass         ; Inapplicable ; Inapplicable ; Inapplicable ; Inapplicable ; Pass         ; Inapplicable ; Inapplicable ; Inapplicable ; Inapplicable ; Pass         ; Inapplicable ; Inapplicable ; Inapplicable ; Inapplicable ; Inapplicable ; Pass      ; Inapplicable ; Inapplicable ;
; en_mem             ; Inapplicable ; Inapplicable ; Inapplicable ; Inapplicable ; Inapplicable ; Pass      ; Inapplicable ; Inapplicable ; Pass      ; Pass      ; Inapplicable ; Pass         ; Inapplicable ; Inapplicable ; Inapplicable ; Inapplicable ; Pass         ; Inapplicable ; Inapplicable ; Inapplicable ; Inapplicable ; Pass         ; Inapplicable ; Inapplicable ; Inapplicable ; Inapplicable ; Inapplicable ; Pass      ; Inapplicable ; Inapplicable ;
; cpuClk             ; Inapplicable ; Inapplicable ; Inapplicable ; Inapplicable ; Inapplicable ; Pass      ; Inapplicable ; Inapplicable ; Pass      ; Pass      ; Inapplicable ; Inapplicable ; Inapplicable ; Inapplicable ; Pass         ; Inapplicable ; Inapplicable ; Pass         ; Inapplicable ; Inapplicable ; Inapplicable ; Inapplicable ; Inapplicable ; Inapplicable ; Inapplicable ; Inapplicable ; Inapplicable ; Pass      ; Inapplicable ; Inapplicable ;
; memClk             ; Inapplicable ; Inapplicable ; Inapplicable ; Inapplicable ; Inapplicable ; Pass      ; Inapplicable ; Inapplicable ; Pass      ; Pass      ; Inapplicable ; Inapplicable ; Inapplicable ; Inapplicable ; Pass         ; Inapplicable ; Inapplicable ; Pass         ; Inapplicable ; Inapplicable ; Inapplicable ; Inapplicable ; Inapplicable ; Inapplicable ; Inapplicable ; Inapplicable ; Inapplicable ; Pass      ; Inapplicable ; Inapplicable ;
; rst                ; Inapplicable ; Inapplicable ; Inapplicable ; Inapplicable ; Inapplicable ; Pass      ; Inapplicable ; Inapplicable ; Pass      ; Pass      ; Inapplicable ; Inapplicable ; Inapplicable ; Inapplicable ; Pass         ; Inapplicable ; Inapplicable ; Pass         ; Inapplicable ; Inapplicable ; Inapplicable ; Inapplicable ; Inapplicable ; Inapplicable ; Inapplicable ; Inapplicable ; Inapplicable ; Pass      ; Inapplicable ; Inapplicable ;
+--------------------+--------------+--------------+--------------+--------------+--------------+-----------+--------------+--------------+-----------+-----------+--------------+--------------+--------------+--------------+--------------+--------------+--------------+--------------+--------------+--------------+--------------+--------------+--------------+--------------+--------------+--------------+--------------+-----------+--------------+--------------+


+---------------------------------------------------------------------------------------------+
; Fitter Device Options                                                                       ;
+------------------------------------------------------------------+--------------------------+
; Option                                                           ; Setting                  ;
+------------------------------------------------------------------+--------------------------+
; Enable user-supplied start-up clock (CLKUSR)                     ; Off                      ;
; Enable device-wide reset (DEV_CLRn)                              ; Off                      ;
; Enable device-wide output enable (DEV_OE)                        ; Off                      ;
; Enable INIT_DONE output                                          ; Off                      ;
; Configuration scheme                                             ; Active Serial            ;
; Error detection CRC                                              ; Off                      ;
; Enable open drain on CRC_ERROR pin                               ; Off                      ;
; Enable input tri-state on active configuration pins in user mode ; Off                      ;
; Configuration Voltage Level                                      ; Auto                     ;
; Force Configuration Voltage Level                                ; Off                      ;
; nCEO                                                             ; As output driving ground ;
; Data[0]                                                          ; As input tri-stated      ;
; Data[1]/ASDO                                                     ; As input tri-stated      ;
; Data[7..2]                                                       ; Unreserved               ;
; FLASH_nCE/nCSO                                                   ; As input tri-stated      ;
; Other Active Parallel pins                                       ; Unreserved               ;
; DCLK                                                             ; As output driving ground ;
; Base pin-out file on sameframe device                            ; Off                      ;
+------------------------------------------------------------------+--------------------------+


+------------------------------------+
; Operating Settings and Conditions  ;
+---------------------------+--------+
; Setting                   ; Value  ;
+---------------------------+--------+
; Nominal Core Voltage      ; 1.20 V ;
; Low Junction Temperature  ; 0 °C   ;
; High Junction Temperature ; 85 °C  ;
+---------------------------+--------+


+-----------------------------------------------------------------------------------------+
; Estimated Delay Added for Hold Timing Summary                                           ;
+-----------------+---------------------------------------------------+-------------------+
; Source Clock(s) ; Destination Clock(s)                              ; Delay Added in ns ;
+-----------------+---------------------------------------------------+-------------------+
; cpuClk          ; cpuClk                                            ; 63.3              ;
; cpuClk          ; cpu1:main_processor|reset_circuit:reset|enable_PD ; 7.3               ;
; cpuClk          ; memClk                                            ; 6.0               ;
+-----------------+---------------------------------------------------+-------------------+
Note: For more information on problematic transfers, consider running the Fitter again with the Optimize hold timing option (Settings Menu) turned off.
This will disable optimization of problematic paths and expose them for further analysis using either the TimeQuest Timing Analyzer or the Classic Timing Analyzer.


+---------------------------------------------------------------------------------------------------------------------------------------------------------------------------------------------------------------------------------------+
; Estimated Delay Added for Hold Timing Details                                                                                                                                                                                         ;
+--------------------------------------------------------------------+----------------------------------------------------------------------------------------------------------------------------------------------+-------------------+
; Source Register                                                    ; Destination Register                                                                                                                         ; Delay Added in ns ;
+--------------------------------------------------------------------+----------------------------------------------------------------------------------------------------------------------------------------------+-------------------+
; cpu1:main_processor|reset_circuit:reset|enable_PD                  ; cpu1:main_processor|data_path:dat|register32:IR|Q[27]                                                                                        ; 2.212             ;
; cpu1:main_processor|control_new:control_unit|present_state.state_0 ; cpu1:main_processor|data_path:dat|register32:IR|Q[27]                                                                                        ; 1.690             ;
; cpu1:main_processor|data_path:dat|register32:IR|Q[28]              ; cpu1:main_processor|data_path:dat|register32:Reg_A|Q[6]                                                                                      ; 1.301             ;
; cpu1:main_processor|data_path:dat|register32:IR|Q[27]              ; cpu1:main_processor|data_path:dat|register32:Reg_A|Q[6]                                                                                      ; 1.301             ;
; cpu1:main_processor|data_path:dat|register32:IR|Q[26]              ; cpu1:main_processor|data_path:dat|register32:Reg_A|Q[6]                                                                                      ; 1.301             ;
; cpu1:main_processor|data_path:dat|register32:IR|Q[25]              ; cpu1:main_processor|data_path:dat|register32:Reg_A|Q[6]                                                                                      ; 1.301             ;
; cpu1:main_processor|data_path:dat|register32:IR|Q[30]              ; cpu1:main_processor|data_path:dat|register32:Reg_A|Q[6]                                                                                      ; 1.301             ;
; cpu1:main_processor|data_path:dat|register32:IR|Q[24]              ; cpu1:main_processor|data_path:dat|register32:Reg_A|Q[6]                                                                                      ; 1.301             ;
; cpu1:main_processor|data_path:dat|register32:IR|Q[31]              ; cpu1:main_processor|data_path:dat|register32:Reg_A|Q[6]                                                                                      ; 1.301             ;
; cpu1:main_processor|control_new:control_unit|present_state.state_1 ; cpu1:main_processor|data_path:dat|register32:Reg_A|Q[6]                                                                                      ; 1.301             ;
; cpu1:main_processor|control_new:control_unit|present_state.state_2 ; cpu1:main_processor|data_path:dat|register32:Reg_A|Q[6]                                                                                      ; 1.301             ;
; cpu1:main_processor|data_path:dat|register32:IR|Q[29]              ; cpu1:main_processor|data_path:dat|register32:Reg_A|Q[6]                                                                                      ; 1.301             ;
; cpuClk                                                             ; cpu1:main_processor|control_new:control_unit|en                                                                                              ; 0.842             ;
; cpu1:main_processor|data_path:dat|pc:PC0|register32:reg0|Q[2]      ; memDataIn[0]                                                                                                                                 ; 0.429             ;
; cpu1:main_processor|data_path:dat|pc:PC0|register32:reg0|Q[1]      ; memDataIn[0]                                                                                                                                 ; 0.429             ;
; cpu1:main_processor|data_path:dat|pc:PC0|register32:reg0|Q[3]      ; memDataIn[0]                                                                                                                                 ; 0.429             ;
; cpu1:main_processor|data_path:dat|pc:PC0|register32:reg0|Q[4]      ; memDataIn[7]                                                                                                                                 ; 0.429             ;
; cpu1:main_processor|data_path:dat|pc:PC0|register32:reg0|Q[5]      ; memDataIn[31]                                                                                                                                ; 0.429             ;
; cpu1:main_processor|data_path:dat|register32:IR|Q[2]               ; cpu1:main_processor|data_path:dat|data_mem:Data_Mem0|altsyncram:DATAMEM_rtl_0|altsyncram_hie1:auto_generated|ram_block1a0~porta_address_reg0 ; 0.175             ;
; cpu1:main_processor|data_path:dat|register32:IR|Q[1]               ; cpu1:main_processor|data_path:dat|data_mem:Data_Mem0|altsyncram:DATAMEM_rtl_0|altsyncram_hie1:auto_generated|ram_block1a0~porta_address_reg0 ; 0.175             ;
; cpu1:main_processor|data_path:dat|register32:IR|Q[4]               ; cpu1:main_processor|data_path:dat|data_mem:Data_Mem0|altsyncram:DATAMEM_rtl_0|altsyncram_hie1:auto_generated|ram_block1a0~porta_address_reg0 ; 0.175             ;
; cpu1:main_processor|data_path:dat|register32:IR|Q[5]               ; cpu1:main_processor|data_path:dat|data_mem:Data_Mem0|altsyncram:DATAMEM_rtl_0|altsyncram_hie1:auto_generated|ram_block1a0~porta_address_reg0 ; 0.175             ;
; cpu1:main_processor|data_path:dat|register32:IR|Q[0]               ; cpu1:main_processor|data_path:dat|data_mem:Data_Mem0|altsyncram:DATAMEM_rtl_0|altsyncram_hie1:auto_generated|ram_block1a0~porta_address_reg0 ; 0.174             ;
; cpu1:main_processor|data_path:dat|register32:IR|Q[3]               ; cpu1:main_processor|data_path:dat|data_mem:Data_Mem0|altsyncram:DATAMEM_rtl_0|altsyncram_hie1:auto_generated|ram_block1a0~porta_address_reg0 ; 0.174             ;
; cpu1:main_processor|data_path:dat|register32:IR|Q[6]               ; cpu1:main_processor|data_path:dat|data_mem:Data_Mem0|altsyncram:DATAMEM_rtl_0|altsyncram_hie1:auto_generated|ram_block1a0~porta_address_reg0 ; 0.174             ;
; cpu1:main_processor|data_path:dat|pc:PC0|register32:reg0|Q[0]      ; system_memory:main_memory|altsyncram:altsyncram_component|altsyncram_04d1:auto_generated|ram_block1a14~porta_address_reg0                    ; 0.161             ;
; cpu1:main_processor|control_new:control_unit|en                    ; cpu1:main_processor|control_new:control_unit|en                                                                                              ; 0.070             ;
+--------------------------------------------------------------------+----------------------------------------------------------------------------------------------------------------------------------------------+-------------------+
Note: This table only shows the top 27 path(s) that have the largest delay added for hold.


+-----------------+
; Fitter Messages ;
+-----------------+
Info (11104): Parallel Compilation has detected 8 hyper-threaded processors. However, the extra hyper-threaded processors will not be used by default. Parallel Compilation will use 4 of the 4 physical processors detected instead.
Info (119006): Selected device EP4CE115F29C7 for design "Lab6_Pt1"
Info (21077): Core supply voltage is 1.2V
Info (21077): Low junction temperature is 0 degrees C
Info (21077): High junction temperature is 85 degrees C
Info (119042): Found following RAM instances in design that are actually implemented as ROM because the write logic is always disabled
    Info (119043): Atom "system_memory:main_memory|altsyncram:altsyncram_component|altsyncram_04d1:auto_generated|ram_block1a0" is instantiated as RAM, but it is actually implemented as ROM function because the write logic is always disabled
    Info (119043): Atom "system_memory:main_memory|altsyncram:altsyncram_component|altsyncram_04d1:auto_generated|ram_block1a1" is instantiated as RAM, but it is actually implemented as ROM function because the write logic is always disabled
    Info (119043): Atom "system_memory:main_memory|altsyncram:altsyncram_component|altsyncram_04d1:auto_generated|ram_block1a2" is instantiated as RAM, but it is actually implemented as ROM function because the write logic is always disabled
    Info (119043): Atom "system_memory:main_memory|altsyncram:altsyncram_component|altsyncram_04d1:auto_generated|ram_block1a3" is instantiated as RAM, but it is actually implemented as ROM function because the write logic is always disabled
    Info (119043): Atom "system_memory:main_memory|altsyncram:altsyncram_component|altsyncram_04d1:auto_generated|ram_block1a4" is instantiated as RAM, but it is actually implemented as ROM function because the write logic is always disabled
    Info (119043): Atom "system_memory:main_memory|altsyncram:altsyncram_component|altsyncram_04d1:auto_generated|ram_block1a5" is instantiated as RAM, but it is actually implemented as ROM function because the write logic is always disabled
    Info (119043): Atom "system_memory:main_memory|altsyncram:altsyncram_component|altsyncram_04d1:auto_generated|ram_block1a6" is instantiated as RAM, but it is actually implemented as ROM function because the write logic is always disabled
    Info (119043): Atom "system_memory:main_memory|altsyncram:altsyncram_component|altsyncram_04d1:auto_generated|ram_block1a7" is instantiated as RAM, but it is actually implemented as ROM function because the write logic is always disabled
    Info (119043): Atom "system_memory:main_memory|altsyncram:altsyncram_component|altsyncram_04d1:auto_generated|ram_block1a8" is instantiated as RAM, but it is actually implemented as ROM function because the write logic is always disabled
    Info (119043): Atom "system_memory:main_memory|altsyncram:altsyncram_component|altsyncram_04d1:auto_generated|ram_block1a9" is instantiated as RAM, but it is actually implemented as ROM function because the write logic is always disabled
    Info (119043): Atom "system_memory:main_memory|altsyncram:altsyncram_component|altsyncram_04d1:auto_generated|ram_block1a10" is instantiated as RAM, but it is actually implemented as ROM function because the write logic is always disabled
    Info (119043): Atom "system_memory:main_memory|altsyncram:altsyncram_component|altsyncram_04d1:auto_generated|ram_block1a11" is instantiated as RAM, but it is actually implemented as ROM function because the write logic is always disabled
    Info (119043): Atom "system_memory:main_memory|altsyncram:altsyncram_component|altsyncram_04d1:auto_generated|ram_block1a12" is instantiated as RAM, but it is actually implemented as ROM function because the write logic is always disabled
    Info (119043): Atom "system_memory:main_memory|altsyncram:altsyncram_component|altsyncram_04d1:auto_generated|ram_block1a13" is instantiated as RAM, but it is actually implemented as ROM function because the write logic is always disabled
    Info (119043): Atom "system_memory:main_memory|altsyncram:altsyncram_component|altsyncram_04d1:auto_generated|ram_block1a14" is instantiated as RAM, but it is actually implemented as ROM function because the write logic is always disabled
    Info (119043): Atom "system_memory:main_memory|altsyncram:altsyncram_component|altsyncram_04d1:auto_generated|ram_block1a15" is instantiated as RAM, but it is actually implemented as ROM function because the write logic is always disabled
    Info (119043): Atom "system_memory:main_memory|altsyncram:altsyncram_component|altsyncram_04d1:auto_generated|ram_block1a16" is instantiated as RAM, but it is actually implemented as ROM function because the write logic is always disabled
    Info (119043): Atom "system_memory:main_memory|altsyncram:altsyncram_component|altsyncram_04d1:auto_generated|ram_block1a17" is instantiated as RAM, but it is actually implemented as ROM function because the write logic is always disabled
    Info (119043): Atom "system_memory:main_memory|altsyncram:altsyncram_component|altsyncram_04d1:auto_generated|ram_block1a18" is instantiated as RAM, but it is actually implemented as ROM function because the write logic is always disabled
    Info (119043): Atom "system_memory:main_memory|altsyncram:altsyncram_component|altsyncram_04d1:auto_generated|ram_block1a19" is instantiated as RAM, but it is actually implemented as ROM function because the write logic is always disabled
    Info (119043): Atom "system_memory:main_memory|altsyncram:altsyncram_component|altsyncram_04d1:auto_generated|ram_block1a20" is instantiated as RAM, but it is actually implemented as ROM function because the write logic is always disabled
    Info (119043): Atom "system_memory:main_memory|altsyncram:altsyncram_component|altsyncram_04d1:auto_generated|ram_block1a21" is instantiated as RAM, but it is actually implemented as ROM function because the write logic is always disabled
    Info (119043): Atom "system_memory:main_memory|altsyncram:altsyncram_component|altsyncram_04d1:auto_generated|ram_block1a22" is instantiated as RAM, but it is actually implemented as ROM function because the write logic is always disabled
    Info (119043): Atom "system_memory:main_memory|altsyncram:altsyncram_component|altsyncram_04d1:auto_generated|ram_block1a23" is instantiated as RAM, but it is actually implemented as ROM function because the write logic is always disabled
    Info (119043): Atom "system_memory:main_memory|altsyncram:altsyncram_component|altsyncram_04d1:auto_generated|ram_block1a24" is instantiated as RAM, but it is actually implemented as ROM function because the write logic is always disabled
    Info (119043): Atom "system_memory:main_memory|altsyncram:altsyncram_component|altsyncram_04d1:auto_generated|ram_block1a25" is instantiated as RAM, but it is actually implemented as ROM function because the write logic is always disabled
    Info (119043): Atom "system_memory:main_memory|altsyncram:altsyncram_component|altsyncram_04d1:auto_generated|ram_block1a26" is instantiated as RAM, but it is actually implemented as ROM function because the write logic is always disabled
    Info (119043): Atom "system_memory:main_memory|altsyncram:altsyncram_component|altsyncram_04d1:auto_generated|ram_block1a27" is instantiated as RAM, but it is actually implemented as ROM function because the write logic is always disabled
    Info (119043): Atom "system_memory:main_memory|altsyncram:altsyncram_component|altsyncram_04d1:auto_generated|ram_block1a28" is instantiated as RAM, but it is actually implemented as ROM function because the write logic is always disabled
    Info (119043): Atom "system_memory:main_memory|altsyncram:altsyncram_component|altsyncram_04d1:auto_generated|ram_block1a29" is instantiated as RAM, but it is actually implemented as ROM function because the write logic is always disabled
    Info (119043): Atom "system_memory:main_memory|altsyncram:altsyncram_component|altsyncram_04d1:auto_generated|ram_block1a30" is instantiated as RAM, but it is actually implemented as ROM function because the write logic is always disabled
    Info (119043): Atom "system_memory:main_memory|altsyncram:altsyncram_component|altsyncram_04d1:auto_generated|ram_block1a31" is instantiated as RAM, but it is actually implemented as ROM function because the write logic is always disabled
Info (171003): Fitter is performing an Auto Fit compilation, which may decrease Fitter effort to reduce compilation time
Info (176444): Device migration not selected. If you intend to use device migration later, you may need to change the pin assignments as they may be incompatible with other devices
    Info (176445): Device EP4CE40F29C7 is compatible
    Info (176445): Device EP4CE40F29I7 is compatible
    Info (176445): Device EP4CE30F29C7 is compatible
    Info (176445): Device EP4CE30F29I7 is compatible
    Info (176445): Device EP4CE55F29C7 is compatible
    Info (176445): Device EP4CE55F29I7 is compatible
    Info (176445): Device EP4CE75F29C7 is compatible
    Info (176445): Device EP4CE75F29I7 is compatible
    Info (176445): Device EP4CE115F29I7 is compatible
Info (169124): Fitter converted 5 user pins into dedicated programming pins
    Info (169125): Pin ~ALTERA_ASDO_DATA1~ is reserved at location F4
    Info (169125): Pin ~ALTERA_FLASH_nCE_nCSO~ is reserved at location E2
    Info (169125): Pin ~ALTERA_DCLK~ is reserved at location P3
    Info (169125): Pin ~ALTERA_DATA0~ is reserved at location N7
    Info (169125): Pin ~ALTERA_nCEO~ is reserved at location P28
Warning (15714): Some pins have incomplete I/O assignments. Refer to the I/O Assignment Warnings report for details
Info (176045): Design uses memory blocks. Violating setup or hold times of memory block address registers for either read or write operations could cause memory contents to be corrupted. Make sure that all memory block address registers meet the setup and hold time requirements.
Critical Warning (169085): No exact pin location assignment(s) for 209 pins of 209 total pins
    Info (169086): Pin outA[0] not assigned to an exact location on the device
    Info (169086): Pin outA[1] not assigned to an exact location on the device
    Info (169086): Pin outA[2] not assigned to an exact location on the device
    Info (169086): Pin outA[3] not assigned to an exact location on the device
    Info (169086): Pin outA[4] not assigned to an exact location on the device
    Info (169086): Pin outA[5] not assigned to an exact location on the device
    Info (169086): Pin outA[6] not assigned to an exact location on the device
    Info (169086): Pin outA[7] not assigned to an exact location on the device
    Info (169086): Pin outA[8] not assigned to an exact location on the device
    Info (169086): Pin outA[9] not assigned to an exact location on the device
    Info (169086): Pin outA[10] not assigned to an exact location on the device
    Info (169086): Pin outA[11] not assigned to an exact location on the device
    Info (169086): Pin outA[12] not assigned to an exact location on the device
    Info (169086): Pin outA[13] not assigned to an exact location on the device
    Info (169086): Pin outA[14] not assigned to an exact location on the device
    Info (169086): Pin outA[15] not assigned to an exact location on the device
    Info (169086): Pin outA[16] not assigned to an exact location on the device
    Info (169086): Pin outA[17] not assigned to an exact location on the device
    Info (169086): Pin outA[18] not assigned to an exact location on the device
    Info (169086): Pin outA[19] not assigned to an exact location on the device
    Info (169086): Pin outA[20] not assigned to an exact location on the device
    Info (169086): Pin outA[21] not assigned to an exact location on the device
    Info (169086): Pin outA[22] not assigned to an exact location on the device
    Info (169086): Pin outA[23] not assigned to an exact location on the device
    Info (169086): Pin outA[24] not assigned to an exact location on the device
    Info (169086): Pin outA[25] not assigned to an exact location on the device
    Info (169086): Pin outA[26] not assigned to an exact location on the device
    Info (169086): Pin outA[27] not assigned to an exact location on the device
    Info (169086): Pin outA[28] not assigned to an exact location on the device
    Info (169086): Pin outA[29] not assigned to an exact location on the device
    Info (169086): Pin outA[30] not assigned to an exact location on the device
    Info (169086): Pin outA[31] not assigned to an exact location on the device
    Info (169086): Pin outB[0] not assigned to an exact location on the device
    Info (169086): Pin outB[1] not assigned to an exact location on the device
    Info (169086): Pin outB[2] not assigned to an exact location on the device
    Info (169086): Pin outB[3] not assigned to an exact location on the device
    Info (169086): Pin outB[4] not assigned to an exact location on the device
    Info (169086): Pin outB[5] not assigned to an exact location on the device
    Info (169086): Pin outB[6] not assigned to an exact location on the device
    Info (169086): Pin outB[7] not assigned to an exact location on the device
    Info (169086): Pin outB[8] not assigned to an exact location on the device
    Info (169086): Pin outB[9] not assigned to an exact location on the device
    Info (169086): Pin outB[10] not assigned to an exact location on the device
    Info (169086): Pin outB[11] not assigned to an exact location on the device
    Info (169086): Pin outB[12] not assigned to an exact location on the device
    Info (169086): Pin outB[13] not assigned to an exact location on the device
    Info (169086): Pin outB[14] not assigned to an exact location on the device
    Info (169086): Pin outB[15] not assigned to an exact location on the device
    Info (169086): Pin outB[16] not assigned to an exact location on the device
    Info (169086): Pin outB[17] not assigned to an exact location on the device
    Info (169086): Pin outB[18] not assigned to an exact location on the device
    Info (169086): Pin outB[19] not assigned to an exact location on the device
    Info (169086): Pin outB[20] not assigned to an exact location on the device
    Info (169086): Pin outB[21] not assigned to an exact location on the device
    Info (169086): Pin outB[22] not assigned to an exact location on the device
    Info (169086): Pin outB[23] not assigned to an exact location on the device
    Info (169086): Pin outB[24] not assigned to an exact location on the device
    Info (169086): Pin outB[25] not assigned to an exact location on the device
    Info (169086): Pin outB[26] not assigned to an exact location on the device
    Info (169086): Pin outB[27] not assigned to an exact location on the device
    Info (169086): Pin outB[28] not assigned to an exact location on the device
    Info (169086): Pin outB[29] not assigned to an exact location on the device
    Info (169086): Pin outB[30] not assigned to an exact location on the device
    Info (169086): Pin outB[31] not assigned to an exact location on the device
    Info (169086): Pin outC not assigned to an exact location on the device
    Info (169086): Pin outZ not assigned to an exact location on the device
    Info (169086): Pin outIR[0] not assigned to an exact location on the device
    Info (169086): Pin outIR[1] not assigned to an exact location on the device
    Info (169086): Pin outIR[2] not assigned to an exact location on the device
    Info (169086): Pin outIR[3] not assigned to an exact location on the device
    Info (169086): Pin outIR[4] not assigned to an exact location on the device
    Info (169086): Pin outIR[5] not assigned to an exact location on the device
    Info (169086): Pin outIR[6] not assigned to an exact location on the device
    Info (169086): Pin outIR[7] not assigned to an exact location on the device
    Info (169086): Pin outIR[8] not assigned to an exact location on the device
    Info (169086): Pin outIR[9] not assigned to an exact location on the device
    Info (169086): Pin outIR[10] not assigned to an exact location on the device
    Info (169086): Pin outIR[11] not assigned to an exact location on the device
    Info (169086): Pin outIR[12] not assigned to an exact location on the device
    Info (169086): Pin outIR[13] not assigned to an exact location on the device
    Info (169086): Pin outIR[14] not assigned to an exact location on the device
    Info (169086): Pin outIR[15] not assigned to an exact location on the device
    Info (169086): Pin outIR[16] not assigned to an exact location on the device
    Info (169086): Pin outIR[17] not assigned to an exact location on the device
    Info (169086): Pin outIR[18] not assigned to an exact location on the device
    Info (169086): Pin outIR[19] not assigned to an exact location on the device
    Info (169086): Pin outIR[20] not assigned to an exact location on the device
    Info (169086): Pin outIR[21] not assigned to an exact location on the device
    Info (169086): Pin outIR[22] not assigned to an exact location on the device
    Info (169086): Pin outIR[23] not assigned to an exact location on the device
    Info (169086): Pin outIR[24] not assigned to an exact location on the device
    Info (169086): Pin outIR[25] not assigned to an exact location on the device
    Info (169086): Pin outIR[26] not assigned to an exact location on the device
    Info (169086): Pin outIR[27] not assigned to an exact location on the device
    Info (169086): Pin outIR[28] not assigned to an exact location on the device
    Info (169086): Pin outIR[29] not assigned to an exact location on the device
    Info (169086): Pin outIR[30] not assigned to an exact location on the device
    Info (169086): Pin outIR[31] not assigned to an exact location on the device
    Info (169086): Pin outPC[0] not assigned to an exact location on the device
    Info (169086): Pin outPC[1] not assigned to an exact location on the device
    Info (169086): Pin outPC[2] not assigned to an exact location on the device
    Info (169086): Pin outPC[3] not assigned to an exact location on the device
    Info (169086): Pin outPC[4] not assigned to an exact location on the device
    Info (169086): Pin outPC[5] not assigned to an exact location on the device
    Info (169086): Pin outPC[6] not assigned to an exact location on the device
    Info (169086): Pin outPC[7] not assigned to an exact location on the device
    Info (169086): Pin outPC[8] not assigned to an exact location on the device
    Info (169086): Pin outPC[9] not assigned to an exact location on the device
    Info (169086): Pin outPC[10] not assigned to an exact location on the device
    Info (169086): Pin outPC[11] not assigned to an exact location on the device
    Info (169086): Pin outPC[12] not assigned to an exact location on the device
    Info (169086): Pin outPC[13] not assigned to an exact location on the device
    Info (169086): Pin outPC[14] not assigned to an exact location on the device
    Info (169086): Pin outPC[15] not assigned to an exact location on the device
    Info (169086): Pin outPC[16] not assigned to an exact location on the device
    Info (169086): Pin outPC[17] not assigned to an exact location on the device
    Info (169086): Pin outPC[18] not assigned to an exact location on the device
    Info (169086): Pin outPC[19] not assigned to an exact location on the device
    Info (169086): Pin outPC[20] not assigned to an exact location on the device
    Info (169086): Pin outPC[21] not assigned to an exact location on the device
    Info (169086): Pin outPC[22] not assigned to an exact location on the device
    Info (169086): Pin outPC[23] not assigned to an exact location on the device
    Info (169086): Pin outPC[24] not assigned to an exact location on the device
    Info (169086): Pin outPC[25] not assigned to an exact location on the device
    Info (169086): Pin outPC[26] not assigned to an exact location on the device
    Info (169086): Pin outPC[27] not assigned to an exact location on the device
    Info (169086): Pin outPC[28] not assigned to an exact location on the device
    Info (169086): Pin outPC[29] not assigned to an exact location on the device
    Info (169086): Pin outPC[30] not assigned to an exact location on the device
    Info (169086): Pin outPC[31] not assigned to an exact location on the device
    Info (169086): Pin addrOut[0] not assigned to an exact location on the device
    Info (169086): Pin addrOut[1] not assigned to an exact location on the device
    Info (169086): Pin addrOut[2] not assigned to an exact location on the device
    Info (169086): Pin addrOut[3] not assigned to an exact location on the device
    Info (169086): Pin addrOut[4] not assigned to an exact location on the device
    Info (169086): Pin addrOut[5] not assigned to an exact location on the device
    Info (169086): Pin wEn not assigned to an exact location on the device
    Info (169086): Pin memDataOut[0] not assigned to an exact location on the device
    Info (169086): Pin memDataOut[1] not assigned to an exact location on the device
    Info (169086): Pin memDataOut[2] not assigned to an exact location on the device
    Info (169086): Pin memDataOut[3] not assigned to an exact location on the device
    Info (169086): Pin memDataOut[4] not assigned to an exact location on the device
    Info (169086): Pin memDataOut[5] not assigned to an exact location on the device
    Info (169086): Pin memDataOut[6] not assigned to an exact location on the device
    Info (169086): Pin memDataOut[7] not assigned to an exact location on the device
    Info (169086): Pin memDataOut[8] not assigned to an exact location on the device
    Info (169086): Pin memDataOut[9] not assigned to an exact location on the device
    Info (169086): Pin memDataOut[10] not assigned to an exact location on the device
    Info (169086): Pin memDataOut[11] not assigned to an exact location on the device
    Info (169086): Pin memDataOut[12] not assigned to an exact location on the device
    Info (169086): Pin memDataOut[13] not assigned to an exact location on the device
    Info (169086): Pin memDataOut[14] not assigned to an exact location on the device
    Info (169086): Pin memDataOut[15] not assigned to an exact location on the device
    Info (169086): Pin memDataOut[16] not assigned to an exact location on the device
    Info (169086): Pin memDataOut[17] not assigned to an exact location on the device
    Info (169086): Pin memDataOut[18] not assigned to an exact location on the device
    Info (169086): Pin memDataOut[19] not assigned to an exact location on the device
    Info (169086): Pin memDataOut[20] not assigned to an exact location on the device
    Info (169086): Pin memDataOut[21] not assigned to an exact location on the device
    Info (169086): Pin memDataOut[22] not assigned to an exact location on the device
    Info (169086): Pin memDataOut[23] not assigned to an exact location on the device
    Info (169086): Pin memDataOut[24] not assigned to an exact location on the device
    Info (169086): Pin memDataOut[25] not assigned to an exact location on the device
    Info (169086): Pin memDataOut[26] not assigned to an exact location on the device
    Info (169086): Pin memDataOut[27] not assigned to an exact location on the device
    Info (169086): Pin memDataOut[28] not assigned to an exact location on the device
    Info (169086): Pin memDataOut[29] not assigned to an exact location on the device
    Info (169086): Pin memDataOut[30] not assigned to an exact location on the device
    Info (169086): Pin memDataOut[31] not assigned to an exact location on the device
    Info (169086): Pin memDataIn[0] not assigned to an exact location on the device
    Info (169086): Pin memDataIn[1] not assigned to an exact location on the device
    Info (169086): Pin memDataIn[2] not assigned to an exact location on the device
    Info (169086): Pin memDataIn[3] not assigned to an exact location on the device
    Info (169086): Pin memDataIn[4] not assigned to an exact location on the device
    Info (169086): Pin memDataIn[5] not assigned to an exact location on the device
    Info (169086): Pin memDataIn[6] not assigned to an exact location on the device
    Info (169086): Pin memDataIn[7] not assigned to an exact location on the device
    Info (169086): Pin memDataIn[8] not assigned to an exact location on the device
    Info (169086): Pin memDataIn[9] not assigned to an exact location on the device
    Info (169086): Pin memDataIn[10] not assigned to an exact location on the device
    Info (169086): Pin memDataIn[11] not assigned to an exact location on the device
    Info (169086): Pin memDataIn[12] not assigned to an exact location on the device
    Info (169086): Pin memDataIn[13] not assigned to an exact location on the device
    Info (169086): Pin memDataIn[14] not assigned to an exact location on the device
    Info (169086): Pin memDataIn[15] not assigned to an exact location on the device
    Info (169086): Pin memDataIn[16] not assigned to an exact location on the device
    Info (169086): Pin memDataIn[17] not assigned to an exact location on the device
    Info (169086): Pin memDataIn[18] not assigned to an exact location on the device
    Info (169086): Pin memDataIn[19] not assigned to an exact location on the device
    Info (169086): Pin memDataIn[20] not assigned to an exact location on the device
    Info (169086): Pin memDataIn[21] not assigned to an exact location on the device
    Info (169086): Pin memDataIn[22] not assigned to an exact location on the device
    Info (169086): Pin memDataIn[23] not assigned to an exact location on the device
    Info (169086): Pin memDataIn[24] not assigned to an exact location on the device
    Info (169086): Pin memDataIn[25] not assigned to an exact location on the device
    Info (169086): Pin memDataIn[26] not assigned to an exact location on the device
    Info (169086): Pin memDataIn[27] not assigned to an exact location on the device
    Info (169086): Pin memDataIn[28] not assigned to an exact location on the device
    Info (169086): Pin memDataIn[29] not assigned to an exact location on the device
    Info (169086): Pin memDataIn[30] not assigned to an exact location on the device
    Info (169086): Pin memDataIn[31] not assigned to an exact location on the device
    Info (169086): Pin T_Info[0] not assigned to an exact location on the device
    Info (169086): Pin T_Info[1] not assigned to an exact location on the device
    Info (169086): Pin T_Info[2] not assigned to an exact location on the device
    Info (169086): Pin wen_mem not assigned to an exact location on the device
    Info (169086): Pin en_mem not assigned to an exact location on the device
    Info (169086): Pin cpuClk not assigned to an exact location on the device
    Info (169086): Pin memClk not assigned to an exact location on the device
    Info (169086): Pin rst not assigned to an exact location on the device
Warning (335093): TimeQuest Timing Analyzer is analyzing 10 combinational loops as latches.
Critical Warning (332012): Synopsys Design Constraints File file not found: 'Lab6_Pt1.sdc'. A Synopsys Design Constraints File is required by the TimeQuest Timing Analyzer to get proper timing constraints. Without it, the Compiler will not properly optimize the design.
Info (332144): No user constrained base clocks found in the design
Info (332143): No user constrained clock uncertainty found in the design. Calling "derive_clock_uncertainty"
Info (332123): Deriving Clock Uncertainty. Please refer to report_sdc in TimeQuest to see clock uncertainties.
Info (332130): Timing requirements not specified -- quality metrics such as performance may be sacrificed to reduce compilation time.
Info (176353): Automatically promoted node cpuClk~input (placed in PIN J1 (CLK1, DIFFCLK_0n))
    Info (176355): Automatically promoted destinations to use location or clock signal Global Clock CLKCTRL_G2
    Info (176356): Following destination nodes may be non-global or may not use global or regional clocks
        Info (176357): Destination node cpu1:main_processor|control_new:control_unit|wen~1
        Info (176357): Destination node cpu1:main_processor|control_new:control_unit|process_2~0
        Info (176357): Destination node cpu1:main_processor|control_new:control_unit|en~1
Info (176353): Automatically promoted node memClk~input (placed in PIN Y2 (CLK2, DIFFCLK_1p))
    Info (176355): Automatically promoted destinations to use location or clock signal Global Clock CLKCTRL_G4
Info (176353): Automatically promoted node cpu1:main_processor|reset_circuit:reset|enable_PD 
    Info (176355): Automatically promoted destinations to use location or clock signal Global Clock
    Info (176356): Following destination nodes may be non-global or may not use global or regional clocks
        Info (176357): Destination node cpu1:main_processor|control_new:control_unit|clr_A~1
        Info (176357): Destination node cpu1:main_processor|control_new:control_unit|ld_A~3
        Info (176357): Destination node cpu1:main_processor|control_new:control_unit|clr_B~0
        Info (176357): Destination node cpu1:main_processor|control_new:control_unit|ld_B~1
        Info (176357): Destination node cpu1:main_processor|control_new:control_unit|ld_IR~0
        Info (176357): Destination node cpu1:main_processor|control_new:control_unit|inc_PC~0
        Info (176357): Destination node cpu1:main_processor|control_new:control_unit|ld_PC~0
Info (176233): Starting register packing
Info (176235): Finished register packing
    Extra Info (176219): No registers were packed into other blocks
Info (176214): Statistics of I/O pins that need to be placed that use the same VCCIO and VREF, before I/O pin placement
    Info (176211): Number of I/O pins in group: 207 (unused VREF, 2.5V VCCIO, 1 input, 206 output, 0 bidirectional)
        Info (176212): I/O standards used: 2.5 V.
Info (176215): I/O bank details before I/O pin placement
    Info (176214): Statistics of I/O banks
        Info (176213): I/O bank number 1 does not use VREF pins and has undetermined VCCIO pins. 5 total pin(s) used --  51 pins available
        Info (176213): I/O bank number 2 does not use VREF pins and has undetermined VCCIO pins. 1 total pin(s) used --  62 pins available
        Info (176213): I/O bank number 3 does not use VREF pins and has undetermined VCCIO pins. 0 total pin(s) used --  73 pins available
        Info (176213): I/O bank number 4 does not use VREF pins and has undetermined VCCIO pins. 0 total pin(s) used --  71 pins available
        Info (176213): I/O bank number 5 does not use VREF pins and has undetermined VCCIO pins. 0 total pin(s) used --  65 pins available
        Info (176213): I/O bank number 6 does not use VREF pins and has undetermined VCCIO pins. 1 total pin(s) used --  57 pins available
        Info (176213): I/O bank number 7 does not use VREF pins and has undetermined VCCIO pins. 0 total pin(s) used --  72 pins available
        Info (176213): I/O bank number 8 does not use VREF pins and has undetermined VCCIO pins. 0 total pin(s) used --  71 pins available
Info (171121): Fitter preparation operations ending: elapsed time is 00:00:04
Info (170189): Fitter placement preparation operations beginning
Info (170190): Fitter placement preparation operations ending: elapsed time is 00:00:01
Info (170191): Fitter placement operations beginning
Info (170137): Fitter placement was successful
Info (170192): Fitter placement operations ending: elapsed time is 00:00:08
Info (170193): Fitter routing operations beginning
Info (170195): Router estimated average interconnect usage is 0% of the available device resources
    Info (170196): Router estimated peak interconnect usage is 10% of the available device resources in the region that extends from location X58_Y37 to location X68_Y48
Info (170194): Fitter routing operations ending: elapsed time is 00:00:07
Info (170199): The Fitter performed an Auto Fit compilation.  Optimizations were skipped to reduce compilation time.
    Info (170201): Optimizations that may affect the design's routability were skipped
Info (11888): Total time spent on timing analysis during the Fitter is 2.11 seconds.
Info (334003): Started post-fitting delay annotation
Info (334004): Delay annotation completed successfully
Info (334003): Started post-fitting delay annotation
Info (334004): Delay annotation completed successfully
Info (11218): Fitter post-fit operations ending: elapsed time is 00:00:02
Info (144001): Generated suppressed messages file /home/student2/hndu/COE 608/Lab6_Pt1/output_files/Lab6_Pt1.fit.smsg
Info: Quartus II 32-bit Fitter was successful. 0 errors, 4 warnings
    Info: Peak virtual memory: 787 megabytes
    Info: Processing ended: Wed Apr  2 16:11:01 2025
    Info: Elapsed time: 00:00:33
    Info: Total CPU time (on all processors): 00:00:46


+----------------------------+
; Fitter Suppressed Messages ;
+----------------------------+
The suppressed messages can be found in /home/student2/hndu/COE 608/Lab6_Pt1/output_files/Lab6_Pt1.fit.smsg.


